seed,replicate,macro_f1_delta_percentage_points
42,1,0.3849964804
42,2,-1.0933325704
42,3,-0.2431106180
42,4,0.0341297415
42,5,0.2109903874
42,6,-0.1098746469
42,7,-0.6093723944
42,8,0.0400572359
42,9,-0.4728891328
42,10,-0.2981043728
42,11,0.4530908766
42,12,0.2882002505
42,13,0.2388789968
42,14,-0.3670630624
42,15,0.0682421451
42,16,0.0248269164
42,17,-0.0645067004
42,18,-0.0771471236
42,19,-0.9718939478
42,20,0.4491060384
42,21,0.1754301330
42,22,0.0063484454
42,23,-0.1610846452
42,24,0.5214346958
42,25,0.3284653125
42,26,0.0760220041
42,27,0.3503779942
42,28,0.6784501597
42,29,-0.0357626306
42,30,0.2927951500
42,31,-0.0205148023
42,32,0.0016130984
42,33,0.0823902453
42,34,0.1594833931
42,35,-0.3182662281
42,36,-0.4267182937
42,37,-0.5242452316
42,38,-0.0632182962
42,39,0.2636693438
42,40,0.3846007156
42,41,1.0936664389
42,42,-0.5944711500
42,43,0.1850112337
42,44,-0.6222575213
42,45,0.2201139788
42,46,0.6453579199
42,47,-0.8853505221
42,48,-0.5863310297
42,49,-1.1766056873
42,50,0.6067173858
42,51,0.6958082493
42,52,-0.0149870488
42,53,-0.4467023674
42,54,0.2210087532
42,55,0.1448571367
42,56,0.4737164618
42,57,-0.2478133610
42,58,0.2297251129
42,59,-0.4050131800
42,60,0.7390383349
42,61,-0.2159099854
42,62,0.2487837518
42,63,0.1573681215
42,64,-1.4444064548
42,65,-0.3769767172
42,66,0.2260642473
42,67,0.8219028469
42,68,0.3251266846
42,69,0.0708791122
42,70,0.0178432559
42,71,-0.3590136350
42,72,-0.1237713605
42,73,0.0264864440
42,74,-0.6723546380
42,75,-0.6183463254
42,76,0.3672644879
42,77,-0.6249463828
42,78,-0.0072752511
42,79,-0.6617018340
42,80,0.3522006504
42,81,0.6703815801
42,82,-0.1275258248
42,83,-0.2206449660
42,84,0.2847534446
42,85,-0.1034497729
42,86,-0.7043918020
42,87,-0.3551651128
42,88,-0.1072403893
42,89,0.2277829502
42,90,-0.1316959265
42,91,0.3232754631
42,92,0.2546828501
42,93,0.8120510167
42,94,-0.0672410914
42,95,-0.4296659123
42,96,0.6800736350
42,97,0.3597946281
42,98,0.4812265425
42,99,-0.2735313688
42,100,-0.0938661971
42,101,-0.6758813010
42,102,0.6555777487
42,103,0.0370636738
42,104,-0.1150789782
42,105,0.9393438517
42,106,0.3614117709
42,107,0.1389156906
42,108,-0.4798353843
42,109,-0.3441787044
42,110,0.5805658167
42,111,0.1668198850
42,112,-0.1942520966
42,113,-0.6053039343
42,114,-0.5404898676
42,115,-0.5980055660
42,116,0.2455202860
42,117,-0.3334965929
42,118,0.2238226955
42,119,-0.3912436795
42,120,0.2134318979
42,121,-0.6275351675
42,122,-0.4221022654
42,123,-0.3138836470
42,124,0.4265672100
42,125,0.7045440609
42,126,-0.3438474335
42,127,0.1679910380
42,128,-0.6835948781
42,129,0.5016261035
42,130,0.2706184107
42,131,0.5848401311
42,132,0.0942653558
42,133,-0.3140727938
42,134,-0.3815263027
42,135,-0.3276084871
42,136,-0.0546698288
42,137,-0.6603845656
42,138,-0.5043083011
42,139,-0.3382672370
42,140,0.2652188456
42,141,0.0071271044
42,142,0.2740678964
42,143,0.5476464206
42,144,1.0134039884
42,145,-0.5732333752
42,146,-0.7197206764
42,147,-0.5716822598
42,148,-0.5476108483
42,149,0.4560054671
42,150,-0.5448049570
42,151,0.3194052297
42,152,0.6473406399
42,153,-0.5731629898
42,154,-0.7543930461
42,155,0.3930560512
42,156,-0.0008014717
42,157,0.5542824223
42,158,0.5767438860
42,159,0.2423044200
42,160,0.2668315173
42,161,0.0685444253
42,162,1.3487580643
42,163,0.0597144252
42,164,-0.8970480386
42,165,0.8758229998
42,166,0.2440229697
42,167,-0.6103435259
42,168,-0.0448829624
42,169,-0.4386174440
42,170,-0.7499634238
42,171,-0.0158957089
42,172,0.8500456472
42,173,-0.7534560163
42,174,0.5650807798
42,175,1.5614189827
42,176,0.2496371397
42,177,-0.6630809246
42,178,-0.6996950462
42,179,0.4794257558
42,180,0.3500609965
42,181,0.3892189906
42,182,0.1304279861
42,183,-0.9629514172
42,184,-1.0809818100
42,185,0.6560358181
42,186,-0.4234420081
42,187,0.2064094678
42,188,0.2044582067
42,189,-0.5962283571
42,190,0.2440294061
42,191,-0.3060148270
42,192,0.4735471554
42,193,-0.3238431343
42,194,-0.5270406910
42,195,0.5429776906
42,196,-0.5474601855
42,197,-0.9087845899
42,198,0.4185111768
42,199,0.6319399834
42,200,0.3055492937
42,201,0.2468514491
42,202,0.4125664940
42,203,0.2418917254
42,204,0.7905607665
42,205,0.3152561401
42,206,0.6184514177
42,207,-0.1667343825
42,208,-0.8033992645
42,209,0.4252607802
42,210,-0.2365654732
42,211,-0.4344648999
42,212,0.0545052475
42,213,-0.3586574481
42,214,-0.2598516238
42,215,-0.3224517385
42,216,-0.3168926411
42,217,0.5362387895
42,218,0.4764325100
42,219,0.1718772662
42,220,-0.0814662161
42,221,-0.0508738655
42,222,0.3329331712
42,223,-0.3259434478
42,224,0.5523241604
42,225,0.6112689474
42,226,-0.2006030440
42,227,-0.3527199112
42,228,0.2792665860
42,229,-0.1617631246
42,230,0.7339526401
42,231,-0.0212721998
42,232,0.5191934877
42,233,0.1118482973
42,234,0.5688711224
42,235,-0.3156579794
42,236,-0.6943826154
42,237,0.1715922774
42,238,0.5348513452
42,239,-1.2824752215
42,240,0.7076804522
42,241,0.2235999123
42,242,0.3823150757
42,243,-0.0701154044
42,244,0.5566564240
42,245,-0.2047912956
42,246,0.5322044559
42,247,-0.0997033033
42,248,-0.7065067688
42,249,-0.0198995756
42,250,0.2276774395
42,251,-0.4322251796
42,252,-0.0491961313
42,253,-0.0772461010
42,254,1.0978201779
42,255,-0.9747945184
42,256,-0.2118920149
42,257,0.7097629287
42,258,-1.0036320317
42,259,0.8247581883
42,260,-0.9218471904
42,261,-0.5455792668
42,262,0.5762392131
42,263,-0.5330652345
42,264,-0.9063713948
42,265,-0.8260659472
42,266,-0.0566862937
42,267,0.1133598117
42,268,0.2711193993
42,269,-0.4809901399
42,270,0.3489907766
42,271,-0.3033640438
42,272,0.8738756308
42,273,0.3702411373
42,274,-0.3546754516
42,275,0.5656851219
42,276,0.9303816498
42,277,-0.3113346870
42,278,-0.0724934749
42,279,0.4783432453
42,280,0.1663046877
42,281,-0.1833680074
42,282,-0.1799884557
42,283,0.2565714704
42,284,0.3087392805
42,285,-0.2442110835
42,286,0.0340643816
42,287,0.9011714530
42,288,0.1736875719
42,289,0.0408542882
42,290,0.3827498389
42,291,-0.0148919533
42,292,0.6802286841
42,293,0.8027914896
42,294,-0.2517554103
42,295,0.0646749994
42,296,-0.6161833621
42,297,-0.5269632419
42,298,0.4022244415
42,299,-0.2645643442
42,300,-0.1364912441
42,301,0.2012906618
42,302,-0.6780322475
42,303,-0.8040442575
42,304,0.1681823506
42,305,-0.9185598524
42,306,-0.7553544167
42,307,-0.9599855912
42,308,0.0007690956
42,309,0.3472264642
42,310,-0.6721969849
42,311,1.1029279571
42,312,0.0443593534
42,313,0.1874582120
42,314,0.5018282377
42,315,0.8093871192
42,316,0.8508170073
42,317,-0.6327818058
42,318,-0.9474098801
42,319,-0.2860427926
42,320,0.8333922777
42,321,0.3667534944
42,322,0.3485831998
42,323,-0.3214447326
42,324,-0.4011924015
42,325,0.4697172115
42,326,-1.3797148130
42,327,0.6013392193
42,328,-0.1965397030
42,329,0.2257190111
42,330,0.9644564562
42,331,0.3584404549
42,332,-0.6973385603
42,333,-0.0844559819
42,334,-0.4619462152
42,335,-0.3605104949
42,336,-0.5362664157
42,337,0.4611580947
42,338,0.4247028477
42,339,-0.1074350724
42,340,-0.2151781392
42,341,-0.4161190296
42,342,-0.5640779718
42,343,-0.0213953698
42,344,0.5323431482
42,345,0.3883521466
42,346,-0.2885168571
42,347,-0.0355711583
42,348,0.6724578268
42,349,-0.6011673934
42,350,0.9686784582
42,351,0.4909513303
42,352,0.1142508979
42,353,-0.3197847566
42,354,0.5055293713
42,355,-0.2463948134
42,356,-0.7801050828
42,357,-0.3767589761
42,358,1.1988647904
42,359,0.0639199717
42,360,0.2348019182
42,361,-0.0600871060
42,362,0.0307617225
42,363,0.5418255803
42,364,0.3525675513
42,365,0.9069957901
42,366,-0.0840535961
42,367,-1.2897774078
42,368,-0.4132572508
42,369,-0.0517520608
42,370,0.6505969558
42,371,-0.9607074004
42,372,-0.3656681192
42,373,-0.7308414520
42,374,0.3034817869
42,375,-0.2969873194
42,376,-0.0941325478
42,377,0.4365134685
42,378,-0.2873392012
42,379,0.3260525089
42,380,-1.0550885467
42,381,-0.4562900550
42,382,1.3477068271
42,383,-0.2015333916
42,384,0.1642892304
42,385,0.8365004443
42,386,-0.5065643771
42,387,-0.0995309110
42,388,-0.1341372273
42,389,-0.1407245199
42,390,-0.7569449277
42,391,1.0032796871
42,392,0.1954709988
42,393,-0.0221152930
42,394,-0.0907857799
42,395,0.1301224978
42,396,0.4140061028
42,397,0.4736140286
42,398,-0.4713389946
42,399,0.3956399415
42,400,0.9394302125
42,401,0.8784604972
42,402,0.6867194511
42,403,-0.0358267239
42,404,-0.4397297330
42,405,-0.2902852221
42,406,0.1339117457
42,407,-0.7326957819
42,408,0.5680178082
42,409,0.8401191298
42,410,-0.7413334275
42,411,0.7593787027
42,412,0.6817365799
42,413,-0.5988714826
42,414,-0.5124691639
42,415,-0.2840954470
42,416,-0.3826300171
42,417,0.7345571155
42,418,0.0887657466
42,419,0.2222197855
42,420,-0.2383258118
42,421,0.3957217288
42,422,-0.1845506775
42,423,-0.3819134336
42,424,-0.6519589218
42,425,-0.1766675957
42,426,-0.5934371736
42,427,-0.5080742341
42,428,0.4446455113
42,429,-0.1489954206
42,430,0.2724214491
42,431,-0.0134106296
42,432,0.5446317852
42,433,-0.0187279087
42,434,-0.1267712652
42,435,-0.3021210906
42,436,0.6337017424
42,437,-0.4498338676
42,438,-0.4441090759
42,439,0.7302857560
42,440,-0.4570306016
42,441,0.6080693780
42,442,-0.2518919565
42,443,0.3978647805
42,444,-0.4490911499
42,445,-0.1107710860
42,446,-0.1025469226
42,447,-0.0518120065
42,448,-0.2382901290
42,449,0.4991080694
42,450,-0.7287244973
42,451,0.2757910498
42,452,-0.2978452706
42,453,-0.2059034214
42,454,0.3680633396
42,455,0.0473427631
42,456,0.5316902900
42,457,-0.3214930858
42,458,-0.4803183846
42,459,-0.0469886183
42,460,0.0680223544
42,461,0.8839839538
42,462,-0.6983850060
42,463,-0.0212366055
42,464,0.8221188819
42,465,0.0397590599
42,466,-0.3067237474
42,467,-0.1225116632
42,468,1.1500069254
42,469,1.1540028500
42,470,-0.1714645657
42,471,-0.2013637705
42,472,0.3612457956
42,473,-0.8129987947
42,474,0.0959200073
42,475,-0.2919433076
42,476,-0.3816446959
42,477,-0.0780602472
42,478,0.1355698981
42,479,-0.5239351509
42,480,-0.4439869069
42,481,0.4023878770
42,482,0.5510618994
42,483,0.7370841661
42,484,-0.1077602943
42,485,0.0113684652
42,486,0.4262491071
42,487,0.1636462145
42,488,-0.1359234276
42,489,0.1091394631
42,490,0.8330176523
42,491,1.2236037184
42,492,1.1823111349
42,493,0.6481962917
42,494,-0.5237146154
42,495,0.1889840396
42,496,-0.1788359324
42,497,0.6060597156
42,498,-0.4119334640
42,499,0.3658174747
42,500,0.1775224910
42,501,0.7516485852
42,502,0.8029624124
42,503,-0.6055096232
42,504,0.7223100726
42,505,0.9739809353
42,506,0.3815122609
42,507,-0.4571064175
42,508,-0.0800815120
42,509,-0.1867695733
42,510,0.7016476282
42,511,-0.1053412063
42,512,0.1563287764
42,513,-0.5756068397
42,514,0.8883691840
42,515,0.4276575712
42,516,0.3289072642
42,517,0.4307696605
42,518,0.0155520500
42,519,0.6154413006
42,520,-0.1091000506
42,521,-0.3543810128
42,522,0.0846500298
42,523,-0.1743077147
42,524,0.2334901663
42,525,-0.0406879648
42,526,0.1282843257
42,527,0.1694359498
42,528,-0.6762880904
42,529,0.0019393088
42,530,0.5054449881
42,531,0.7496568233
42,532,-0.2121637674
42,533,-0.1782348818
42,534,-0.7054756684
42,535,0.4842335527
42,536,-0.2986403730
42,537,0.0234671582
42,538,-0.2808950309
42,539,0.9706306844
42,540,0.2071983143
42,541,0.6105722251
42,542,-0.7311517995
42,543,-0.1337432465
42,544,0.2384717609
42,545,0.3134633672
42,546,-0.2870267007
42,547,-0.2444040947
42,548,-1.0559881426
42,549,0.3537247025
42,550,0.2873940371
42,551,0.2325704584
42,552,0.9799534758
42,553,0.0156389548
42,554,-0.1550303189
42,555,0.5573066926
42,556,0.3527864843
42,557,0.7990820147
42,558,1.0729245532
42,559,0.1518346713
42,560,0.6161014675
42,561,0.4971879108
42,562,-0.6104815882
42,563,-0.3361457716
42,564,-0.1133093581
42,565,-1.0331072931
42,566,-1.0687405653
42,567,0.3920091204
42,568,0.3901661143
42,569,-0.3749271077
42,570,0.4907919872
42,571,-0.1937464464
42,572,-0.2910364784
42,573,-0.0393171207
42,574,0.8793002840
42,575,0.5635683607
42,576,0.0421262598
42,577,-0.2702619427
42,578,-0.1392652382
42,579,0.0998694920
42,580,-0.1229795000
42,581,0.1096822788
42,582,0.1129369195
42,583,-0.4741523158
42,584,-1.0073444254
42,585,-0.0929381316
42,586,0.5310113443
42,587,0.0165164878
42,588,0.0507441330
42,589,0.0933694975
42,590,0.0050226219
42,591,-0.3714938205
42,592,-0.8780693559
42,593,-0.1221980818
42,594,-0.6113728664
42,595,-0.4371274157
42,596,0.6459583570
42,597,0.3058397766
42,598,-0.4611711927
42,599,0.5392263629
42,600,0.3464389705
42,601,0.4493480223
42,602,0.2748693051
42,603,0.4293394672
42,604,-0.4765190434
42,605,-0.1968315601
42,606,0.1151752418
42,607,0.2408889200
42,608,0.7905403530
42,609,-0.4367780781
42,610,-0.9256812465
42,611,0.4757031836
42,612,0.5339938105
42,613,0.2097057823
42,614,0.2244777535
42,615,-0.2236559292
42,616,-0.0372640233
42,617,0.1180481819
42,618,-0.0433768690
42,619,-0.6419183639
42,620,-0.4400774468
42,621,0.0807848448
42,622,1.0411329076
42,623,-1.2487515399
42,624,-0.0440733044
42,625,0.0620532389
42,626,-0.0083715876
42,627,0.2150276412
42,628,0.1395373935
42,629,-0.6928212192
42,630,-0.9135272437
42,631,0.5178925858
42,632,0.0795469584
42,633,0.6555303409
42,634,-0.1242291507
42,635,0.2937778016
42,636,1.2548996325
42,637,-0.1843195125
42,638,0.5729165487
42,639,-0.2868554754
42,640,0.7020230765
42,641,-0.0891038258
42,642,-1.3612750682
42,643,0.4179169440
42,644,0.2300294397
42,645,-0.6825463301
42,646,-0.9156742050
42,647,-0.0650806893
42,648,-0.3673901357
42,649,0.3456587276
42,650,-0.2075716956
42,651,0.3854420933
42,652,0.2768174644
42,653,-0.5297285598
42,654,0.4970564690
42,655,0.4683616225
42,656,0.8725093582
42,657,-0.1035174015
42,658,-0.6058171890
42,659,0.2435773508
42,660,0.3298991985
42,661,0.4478665671
42,662,0.8614599536
42,663,-0.7350841970
42,664,0.4498209751
42,665,0.2988668595
42,666,-0.2745319466
42,667,-0.7763072435
42,668,0.6290285064
42,669,0.2727004286
42,670,-0.8263568125
42,671,-0.1839387318
42,672,0.4760198066
42,673,-0.2462903961
42,674,0.5151729496
42,675,-0.1459626535
42,676,0.3985489129
42,677,0.0124685912
42,678,0.2963527259
42,679,-0.2495837125
42,680,0.7087616649
42,681,0.2812983314
42,682,0.7047481640
42,683,-0.3000144531
42,684,1.3168042040
42,685,-0.7068730654
42,686,0.1457313850
42,687,-0.3290554357
42,688,0.5328469418
42,689,-0.7859801592
42,690,-0.0171514705
42,691,-0.3008899842
42,692,0.5620052800
42,693,-0.9284735851
42,694,0.3637459102
42,695,-0.3553159128
42,696,-0.4066447741
42,697,-0.2601864416
42,698,-0.3373933699
42,699,-0.1294178480
42,700,0.6580101353
42,701,0.3690167686
42,702,-0.4420563260
42,703,-0.2070158701
42,704,0.5880415821
42,705,0.3211281799
42,706,0.9192006729
42,707,-0.7330198754
42,708,0.5031210321
42,709,1.0424989125
42,710,0.0906484524
42,711,-0.3326056143
42,712,0.0657044371
42,713,-0.2851577072
42,714,0.0035908173
42,715,0.8429926973
42,716,-0.2967277373
42,717,0.4499596863
42,718,-0.3893358020
42,719,0.2064470685
42,720,0.1458214609
42,721,-0.0743477621
42,722,-0.8353619869
42,723,-0.1777442704
42,724,0.6338108681
42,725,-0.2507105757
42,726,0.6488088547
42,727,-0.4701968576
42,728,0.7763714086
42,729,-0.4285532856
42,730,-0.5278769587
42,731,0.0862227989
42,732,-0.1553225050
42,733,-0.5708164741
42,734,-0.1852787806
42,735,-0.1226743983
42,736,-0.2654394859
42,737,-0.2801485065
42,738,0.5322114226
42,739,0.1452839833
42,740,-1.0073165473
42,741,-0.2756288373
42,742,-0.1164954420
42,743,-0.0112343313
42,744,0.1172048064
42,745,0.9931592900
42,746,0.0906792785
42,747,-0.4192727154
42,748,0.3451257496
42,749,0.3007927154
42,750,-0.0422340724
42,751,-0.1619436170
42,752,0.2609915742
42,753,0.8360227700
42,754,0.3495513375
42,755,-0.8481923664
42,756,0.3890348597
42,757,-0.1650125782
42,758,-0.3495633325
42,759,-0.1163381902
42,760,0.5336205717
42,761,0.7394846374
42,762,-0.2948273919
42,763,-0.7162267963
42,764,0.6191518189
42,765,-0.2641915780
42,766,0.1598185820
42,767,-0.2518070376
42,768,-1.0257904329
42,769,0.8147941147
42,770,-0.8823861987
42,771,0.0846006167
42,772,-0.3750398608
42,773,-0.6328206486
42,774,0.4778042113
42,775,-0.7172756609
42,776,1.1024105551
42,777,0.6062279476
42,778,1.0283492727
42,779,-0.2822807575
42,780,-0.2889496265
42,781,-0.5578044209
42,782,0.9827291092
42,783,-0.3983946451
42,784,-1.2054181035
42,785,0.9186234364
42,786,0.4580703456
42,787,0.3298373125
42,788,-0.0893217593
42,789,0.3251691406
42,790,0.2047933080
42,791,0.0340526952
42,792,0.2714549907
42,793,-0.3576611329
42,794,-0.2642962593
42,795,0.3916282581
42,796,0.2385182406
42,797,-0.5901864649
42,798,0.7031415211
42,799,0.8828071654
42,800,0.2804955600
42,801,0.0125310338
42,802,0.4707264607
42,803,0.1864066260
42,804,0.2594773749
42,805,0.0138464076
42,806,0.4490325548
42,807,-0.2539249024
42,808,0.2576534075
42,809,-0.3019491824
42,810,0.0552017362
42,811,-0.6264910935
42,812,0.6077410385
42,813,0.2874132419
42,814,-0.9351761943
42,815,-0.1956105509
42,816,0.8091618654
42,817,0.5314698914
42,818,-0.0379786763
42,819,-0.4044883913
42,820,-0.0806384564
42,821,-0.2737051591
42,822,-0.3023273646
42,823,-0.9253547093
42,824,0.2969509232
42,825,-0.5343338833
42,826,0.2307606072
42,827,-0.0138849499
42,828,-0.4326927429
42,829,0.8743695510
42,830,0.2850393535
42,831,0.9735134020
42,832,-0.2648631334
42,833,0.6609858787
42,834,0.7449100491
42,835,-0.3544358791
42,836,-0.3489247432
42,837,0.3852532652
42,838,-0.0850765822
42,839,0.5960773803
42,840,1.0836203665
42,841,-0.9300626684
42,842,0.2680947105
42,843,0.5872822460
42,844,-0.2129277886
42,845,-0.3501886943
42,846,0.6990939045
42,847,0.0376419388
42,848,0.6421608723
42,849,-0.8460759235
42,850,0.2284597103
42,851,-0.2421912338
42,852,-0.3691262568
42,853,0.1825779978
42,854,-0.7154469244
42,855,0.9032834451
42,856,0.0426709966
42,857,0.6784492922
42,858,-0.9359463746
42,859,0.6090733920
42,860,0.7185829480
42,861,-0.9820315331
42,862,0.1577874634
42,863,-0.2696168503
42,864,0.1530605434
42,865,-1.0286550472
42,866,0.6366714852
42,867,-0.6162257539
42,868,0.4019306413
42,869,0.3656391756
42,870,-0.3118298997
42,871,0.1090153815
42,872,-0.7616607656
42,873,-0.4232932024
42,874,-0.7564465353
42,875,-0.2890406529
42,876,-0.5011224488
42,877,0.0028162144
42,878,-0.0649461629
42,879,-0.1552774908
42,880,0.1871924063
42,881,0.1964726454
42,882,-0.3487712994
42,883,-0.1972990692
42,884,0.1946071665
42,885,-0.1232901858
42,886,0.4093588959
42,887,0.3100510535
42,888,-0.8328623402
42,889,0.5225209910
42,890,0.1647162867
42,891,-0.0589178044
42,892,-0.2578134637
42,893,0.0246949724
42,894,0.3016906489
42,895,-0.4192096829
42,896,-0.1485876600
42,897,-0.9767006731
42,898,-0.8374991250
42,899,0.1263288534
42,900,0.8094125500
42,901,0.0915543654
42,902,0.7763515536
42,903,0.0668588596
42,904,-0.1266770750
42,905,0.0060939272
42,906,0.0155926598
42,907,0.0513979217
42,908,0.5435237176
42,909,-0.5357078257
42,910,-0.0740888833
42,911,0.1752928739
42,912,0.1783407853
42,913,0.9108075344
42,914,0.3337196250
42,915,-0.3004940365
42,916,0.8311951611
42,917,0.0701591156
42,918,0.5563829472
42,919,0.2603567224
42,920,-0.2289708772
42,921,0.0874152765
42,922,0.4633335444
42,923,0.1607921253
42,924,-0.1344038381
42,925,0.1737706024
42,926,-0.5165825986
42,927,-0.6752867845
42,928,0.0370074750
42,929,0.6071900865
42,930,-0.3353146606
42,931,0.2754610768
42,932,-0.6222391266
42,933,0.2311913512
42,934,0.6888165426
42,935,0.4016252059
42,936,-0.5701410011
42,937,0.6765574926
42,938,0.0810975518
42,939,-0.4895930102
42,940,-0.2999631893
42,941,-0.5179126590
42,942,0.4141250579
42,943,0.3644514053
42,944,-0.0669021814
42,945,-0.4180152829
42,946,-0.5945280555
42,947,0.8510040956
42,948,-0.2262391589
42,949,1.0952853584
42,950,0.3633932552
42,951,-0.1134467410
42,952,0.9777048052
42,953,0.3084936038
42,954,0.6298791133
42,955,-0.0741742256
42,956,0.3424380617
42,957,-0.3767051381
42,958,0.5993234934
42,959,0.0870862316
42,960,-0.3675730986
42,961,0.3713879485
42,962,0.3765603923
42,963,-0.5393345021
42,964,-0.5011469071
42,965,0.7676911422
42,966,0.9833663238
42,967,0.0027687971
42,968,-0.4472817313
42,969,-0.3949844337
42,970,0.2756194075
42,971,0.1037443635
42,972,-0.2844959993
42,973,0.8208179013
42,974,-0.2095714982
42,975,0.6138954695
42,976,0.2570359213
42,977,-0.0313456510
42,978,-0.1216970535
42,979,-0.6105588554
42,980,-0.2503367771
42,981,-0.2161899616
42,982,-1.0992174220
42,983,0.0735718844
42,984,-0.2986188331
42,985,0.8895121348
42,986,0.0461486377
42,987,-0.8519044465
42,988,1.0677569912
42,989,0.6043224852
42,990,-0.7419640736
42,991,-0.5682002250
42,992,0.0779466391
42,993,-0.1514793440
42,994,0.2274383321
42,995,-0.5324232087
42,996,-0.2911872628
42,997,0.4636962475
42,998,-0.5743998883
42,999,0.6400133932
42,1000,0.4680700094
42,1001,-0.8651787626
42,1002,0.4800989369
42,1003,-0.1392287678
42,1004,0.2164901581
42,1005,0.6130866038
42,1006,0.3270155030
42,1007,0.7962380360
42,1008,-0.1940442365
42,1009,0.3318719661
42,1010,0.2701947613
42,1011,0.3931840855
42,1012,-0.4607960036
42,1013,0.1529549524
42,1014,-0.7136843240
42,1015,0.8013103293
42,1016,0.8982580863
42,1017,-1.1207315379
42,1018,-0.1834755914
42,1019,-0.0332580957
42,1020,0.3571916744
42,1021,-0.6268390985
42,1022,0.5780377455
42,1023,0.6291252092
42,1024,-0.0104937367
42,1025,0.4650051122
42,1026,0.5074018581
42,1027,-0.4192358339
42,1028,0.4306300160
42,1029,-0.4262094076
42,1030,-0.2176210579
42,1031,0.3204608215
42,1032,0.5237648956
42,1033,-0.3930976885
42,1034,0.1302806931
42,1035,0.3148086695
42,1036,-0.2154228440
42,1037,0.0108322107
42,1038,-0.5556887889
42,1039,-0.3046119282
42,1040,0.0111393583
42,1041,-0.1461307031
42,1042,-0.4982545404
42,1043,0.2766013072
42,1044,-0.6197252418
42,1045,-0.4024992706
42,1046,-0.4818103160
42,1047,0.7192304609
42,1048,-0.3010143550
42,1049,-0.0017625829
42,1050,0.0403505891
42,1051,-0.3172686500
42,1052,-0.0481121537
42,1053,-0.2549363559
42,1054,-0.7006562333
42,1055,-0.3454989856
42,1056,-0.4304562278
42,1057,0.3262466239
42,1058,0.0441720852
42,1059,0.1656341351
42,1060,-0.3363699338
42,1061,0.1193521003
42,1062,0.2069123403
42,1063,0.3381072832
42,1064,0.3031264374
42,1065,0.2443304858
42,1066,0.0832435981
42,1067,-0.7092710310
42,1068,-0.3258374527
42,1069,0.4119403904
42,1070,-0.1489147314
42,1071,0.0694828223
42,1072,-0.2038972606
42,1073,0.4503537839
42,1074,0.5222515204
42,1075,0.5273132290
42,1076,-0.5936849855
42,1077,0.2126187741
42,1078,0.1580131839
42,1079,0.1143298291
42,1080,-0.6799031174
42,1081,-0.9295614481
42,1082,-0.3099083434
42,1083,-0.4651911038
42,1084,0.1531113427
42,1085,0.2072461343
42,1086,0.1128019550
42,1087,-0.5294625881
42,1088,0.6622906981
42,1089,-0.4229891141
42,1090,-0.3853877896
42,1091,-0.6641774866
42,1092,-0.2132493523
42,1093,0.2425956271
42,1094,0.0328006081
42,1095,-1.2966476180
42,1096,-0.0243061581
42,1097,-0.7944440263
42,1098,-0.2669587888
42,1099,0.1824206123
42,1100,-0.0027385444
42,1101,-0.3838707086
42,1102,-0.6746919280
42,1103,0.2023189316
42,1104,0.1780108113
42,1105,0.2385168715
42,1106,-0.1608901625
42,1107,-0.0591947880
42,1108,0.0917081646
42,1109,-0.2286443472
42,1110,-1.0500585527
42,1111,-1.3294780530
42,1112,-0.3812195247
42,1113,-1.1145842890
42,1114,-0.3142447851
42,1115,-0.2367944557
42,1116,-0.4601751878
42,1117,0.0881735199
42,1118,-0.9353937128
42,1119,-0.0506132747
42,1120,-0.6678885536
42,1121,-0.1657357657
42,1122,0.1332688647
42,1123,-0.4232358045
42,1124,-0.3118272913
42,1125,-0.3050008472
42,1126,0.7231791788
42,1127,-0.8772001329
42,1128,0.9117706580
42,1129,-0.0460852944
42,1130,0.1885805904
42,1131,0.2660609947
42,1132,0.0321670880
42,1133,-0.1961219354
42,1134,-0.0215742633
42,1135,0.8087256092
42,1136,-0.8770536191
42,1137,0.4883433933
42,1138,-0.5811593746
42,1139,-0.2875924212
42,1140,0.1077810513
42,1141,-0.1238222606
42,1142,-0.1829442321
42,1143,-0.3531241563
42,1144,-0.0339072687
42,1145,-0.0350518223
42,1146,0.2651566005
42,1147,0.1437664595
42,1148,-0.0462990820
42,1149,0.7602150579
42,1150,-0.0886098321
42,1151,-0.3177111200
42,1152,0.4488779015
42,1153,-0.6590715593
42,1154,-0.2353588953
42,1155,-0.8631441706
42,1156,0.3721851052
42,1157,-0.4129968340
42,1158,0.2569813754
42,1159,-0.0309374894
42,1160,-0.1391545375
42,1161,-0.8445438993
42,1162,0.2976355937
42,1163,1.0146391728
42,1164,-0.3684650963
42,1165,-0.1299775342
42,1166,-0.2510665029
42,1167,-0.0030161558
42,1168,-0.1033656281
42,1169,0.8506360913
42,1170,-0.8240772682
42,1171,-0.1539698839
42,1172,0.3766255304
42,1173,0.5240626029
42,1174,1.4702962977
42,1175,-0.3813266826
42,1176,0.0180935699
42,1177,-0.4595909727
42,1178,-0.0530904377
42,1179,-0.2409126446
42,1180,-0.3806457462
42,1181,0.0665189322
42,1182,-0.7685185917
42,1183,-0.2720958780
42,1184,0.2509509679
42,1185,0.0200838461
42,1186,-0.2405561708
42,1187,0.2920302576
42,1188,0.0689664585
42,1189,0.4715715785
42,1190,0.3777334335
42,1191,0.2023265384
42,1192,0.5414513347
42,1193,1.0272599461
42,1194,-0.2368867183
42,1195,-0.1685926683
42,1196,-0.2090912670
42,1197,1.1261846828
42,1198,-0.5647511359
42,1199,-0.1386522374
42,1200,0.0362566264
42,1201,-0.6378220860
42,1202,0.1220990047
42,1203,0.5262540601
42,1204,-0.2059963764
42,1205,-0.7063517895
42,1206,-0.2008070048
42,1207,1.4291531213
42,1208,0.0206536402
42,1209,0.2231571149
42,1210,-1.3224001657
42,1211,-0.5127872398
42,1212,-0.7144517811
42,1213,0.6646368981
42,1214,0.1972804815
42,1215,-0.5689746872
42,1216,-0.3103953659
42,1217,0.3219383347
42,1218,-0.1996178519
42,1219,-0.8098814422
42,1220,0.2658458735
42,1221,0.4590086524
42,1222,0.6036835656
42,1223,0.6503303005
42,1224,-0.6897299853
42,1225,-0.5169121889
42,1226,-0.2796930894
42,1227,0.3524789397
42,1228,0.5988504591
42,1229,0.5814542833
42,1230,0.0335789826
42,1231,0.1840496647
42,1232,0.2711220248
42,1233,0.9204774064
42,1234,0.4078074051
42,1235,0.0833006564
42,1236,0.3301000571
42,1237,0.3205849747
42,1238,-0.8931423254
42,1239,0.1363003016
42,1240,-0.3210979615
42,1241,-0.2958699724
42,1242,0.5175544539
42,1243,-0.2023689018
42,1244,-0.3041075905
42,1245,-0.4694866086
42,1246,-0.5786575360
42,1247,0.3441032726
42,1248,-0.2289892396
42,1249,-0.2901526410
42,1250,0.6594896457
42,1251,0.4530526462
42,1252,0.2636463277
42,1253,-0.3777511715
42,1254,-0.5176340109
42,1255,-0.3878792564
42,1256,0.5042142291
42,1257,0.4877215440
42,1258,-0.4627526939
42,1259,1.2333976782
42,1260,-0.1185133688
42,1261,-0.9319649315
42,1262,0.0660451206
42,1263,0.5472900796
42,1264,0.0550199329
42,1265,-0.8069839286
42,1266,0.4101717434
42,1267,0.4251744949
42,1268,-1.0752731850
42,1269,-0.1190326904
42,1270,-1.3501917650
42,1271,0.7080384728
42,1272,0.3820578207
42,1273,-0.8212826970
42,1274,0.4402634711
42,1275,-0.0396157827
42,1276,0.5208601803
42,1277,0.5836328596
42,1278,0.0294059693
42,1279,0.4708648924
42,1280,0.7755230541
42,1281,0.1619582992
42,1282,0.0528106784
42,1283,0.4368319109
42,1284,-0.0581387446
42,1285,-0.3531404559
42,1286,-0.1405544546
42,1287,-0.4717083244
42,1288,-0.2858313011
42,1289,0.6117263173
42,1290,0.6482718662
42,1291,-0.7815122652
42,1292,-0.4855369506
42,1293,0.2714511928
42,1294,-0.4011779654
42,1295,-0.5588846413
42,1296,0.8927985258
42,1297,-0.5391226069
42,1298,0.5864563561
42,1299,-0.2775415723
42,1300,0.2022172399
42,1301,-0.5478419179
42,1302,0.4587892303
42,1303,0.3722632744
42,1304,-0.4335227162
42,1305,0.4005150595
42,1306,0.3341591614
42,1307,0.2665834904
42,1308,0.7042468023
42,1309,-0.9639416646
42,1310,0.3090436231
42,1311,0.3122253437
42,1312,0.1325741049
42,1313,-0.8274719281
42,1314,-0.1272010673
42,1315,-0.2799579473
42,1316,-0.2086170467
42,1317,1.7112919400
42,1318,0.2635921457
42,1319,0.7202379884
42,1320,-0.0512074179
42,1321,-0.0684359471
42,1322,-0.2659741924
42,1323,0.4713432639
42,1324,0.0600356972
42,1325,-0.5359715291
42,1326,-0.2094175171
42,1327,0.1658713665
42,1328,-0.7974152604
42,1329,0.0314745777
42,1330,0.5934036650
42,1331,-1.0829029198
42,1332,-0.2373054551
42,1333,-0.2776687133
42,1334,0.0853192201
42,1335,-0.2580501604
42,1336,-0.1947763275
42,1337,-0.8052816358
42,1338,0.3111035546
42,1339,-0.8107939251
42,1340,-0.3641116896
42,1341,-0.6199488791
42,1342,0.4922827933
42,1343,0.2679440884
42,1344,-0.9327413236
42,1345,-0.1563519555
42,1346,-0.1011377005
42,1347,-0.0271503228
42,1348,0.1052315331
42,1349,0.4901296304
42,1350,0.1084262285
42,1351,-0.2060829560
42,1352,-0.3001254443
42,1353,-0.1908361521
42,1354,0.6806380232
42,1355,-0.8618257364
42,1356,-0.1486510856
42,1357,0.1872631611
42,1358,-0.4735287952
42,1359,-0.2156500726
42,1360,-0.3335893840
42,1361,-0.8470778826
42,1362,0.8483526242
42,1363,0.6799387456
42,1364,-0.1022297939
42,1365,-0.3190784028
42,1366,-0.1652577223
42,1367,0.5177137871
42,1368,0.6688296535
42,1369,0.7738032264
42,1370,-0.3745731834
42,1371,0.3651680158
42,1372,-0.5797969728
42,1373,-0.0486459532
42,1374,0.3147033138
42,1375,0.5456025058
42,1376,-0.3743706848
42,1377,0.0563825568
42,1378,0.0318382975
42,1379,0.6071613427
42,1380,-0.4689296783
42,1381,-0.5440788726
42,1382,-0.7447140846
42,1383,-1.1806027890
42,1384,-0.3639693072
42,1385,-0.2660054403
42,1386,-0.6637835685
42,1387,-0.4889557293
42,1388,-0.3574334508
42,1389,0.3070074427
42,1390,0.6226002495
42,1391,0.2819974746
42,1392,0.6737510652
42,1393,-0.6011203070
42,1394,-0.2032865351
42,1395,0.1634361914
42,1396,-0.3929646548
42,1397,0.6310509254
42,1398,-0.4837441882
42,1399,-0.7683840221
42,1400,-0.0139770287
42,1401,0.4563629805
42,1402,0.8214976052
42,1403,-0.1815199088
42,1404,-0.8117461733
42,1405,-0.0278271377
42,1406,-0.1171116406
42,1407,0.0465530594
42,1408,0.2592295606
42,1409,0.0745725860
42,1410,-0.5819210248
42,1411,0.1396523851
42,1412,0.5519254821
42,1413,0.2730704650
42,1414,-0.1399742488
42,1415,0.1077811416
42,1416,-0.9635544868
42,1417,-0.2423231704
42,1418,-0.3236900851
42,1419,1.1972132951
42,1420,0.5726717317
42,1421,-0.1738700017
42,1422,0.0905561039
42,1423,0.7211013487
42,1424,-0.2226885823
42,1425,0.5507648753
42,1426,0.2199865165
42,1427,0.8510347944
42,1428,0.4410625318
42,1429,-0.0348678630
42,1430,-0.2726378648
42,1431,-0.3119942377
42,1432,-0.9458655748
42,1433,0.0641074553
42,1434,-0.1283582497
42,1435,0.4978703349
42,1436,-0.5722700310
42,1437,0.4601967373
42,1438,-0.6466002465
42,1439,0.3438385462
42,1440,0.2046500762
42,1441,-0.0503671730
42,1442,-0.1344929814
42,1443,-0.1138841999
42,1444,0.0684213106
42,1445,-0.2736165437
42,1446,0.8361716718
42,1447,-0.2550344095
42,1448,-0.2976693043
42,1449,0.0963017793
42,1450,0.3583321090
42,1451,0.8343593562
42,1452,-0.6721228147
42,1453,0.1519748101
42,1454,0.6254497235
42,1455,-0.2311942581
42,1456,0.3259534332
42,1457,-0.5128303368
42,1458,-0.5887916318
42,1459,0.1824670654
42,1460,0.3680637544
42,1461,0.2921289079
42,1462,0.4698801995
42,1463,0.1824500711
42,1464,-0.3839750383
42,1465,-0.6567699887
42,1466,0.3211650122
42,1467,0.4733523295
42,1468,0.2476596016
42,1469,0.1322995521
42,1470,-0.1417245730
42,1471,-1.1939694626
42,1472,-0.3007926060
42,1473,0.3346293715
42,1474,-0.6007796328
42,1475,-0.2706850729
42,1476,0.4639796302
42,1477,0.2238547107
42,1478,0.3709263508
42,1479,0.0598247773
42,1480,-0.4141561830
42,1481,0.3900725389
42,1482,-0.4590629736
42,1483,0.5731166076
42,1484,0.3384678115
42,1485,0.1721585132
42,1486,-0.1719668651
42,1487,-0.2679729969
42,1488,-0.3924410377
42,1489,0.7568255471
42,1490,-0.0795822171
42,1491,0.4108901610
42,1492,-0.9128597726
42,1493,-0.7657425384
42,1494,0.0534063180
42,1495,0.4479823353
42,1496,0.6125655140
42,1497,-0.0435586489
42,1498,0.8907435716
42,1499,0.5423175795
42,1500,0.1465718925
42,1501,0.2490320101
42,1502,0.5519169931
42,1503,-0.3705232803
42,1504,-0.6848841669
42,1505,0.1382775013
42,1506,-0.2099564148
42,1507,-0.4308038148
42,1508,0.1272342482
42,1509,0.6479873341
42,1510,0.3785511763
42,1511,0.1516529610
42,1512,0.6663912686
42,1513,0.2464696278
42,1514,0.2220488709
42,1515,-0.0563468107
42,1516,-0.1068504685
42,1517,0.5353562250
42,1518,-1.0578118730
42,1519,0.2490253154
42,1520,0.4385314188
42,1521,-0.3763492273
42,1522,-0.1779327394
42,1523,-0.4056658230
42,1524,0.2278472179
42,1525,-0.4867220654
42,1526,-0.9581301674
42,1527,-0.6528676793
42,1528,-0.4882874912
42,1529,0.2038440394
42,1530,0.8265754617
42,1531,-0.8794325313
42,1532,0.5344930237
42,1533,0.2600084203
42,1534,0.3333596379
42,1535,0.2822048499
42,1536,0.1180292550
42,1537,-0.0432790745
42,1538,-0.0590963444
42,1539,0.2401875903
42,1540,0.7699226349
42,1541,-1.1041675815
42,1542,0.1843452732
42,1543,0.1901673744
42,1544,0.6780881620
42,1545,-0.3301808397
42,1546,-0.1514466348
42,1547,0.8113069292
42,1548,0.8264892708
42,1549,-0.0697872698
42,1550,0.8201124514
42,1551,0.2631969426
42,1552,0.5625833378
42,1553,-0.3464408226
42,1554,-0.8274163120
42,1555,0.2425733633
42,1556,-0.0963627163
42,1557,-0.2904275158
42,1558,-0.8169102983
42,1559,1.0802664618
42,1560,0.0988946863
42,1561,0.2238065315
42,1562,0.5685098372
42,1563,0.4402671273
42,1564,0.6850377174
42,1565,-0.2947378410
42,1566,-0.2005217100
42,1567,-0.5979766652
42,1568,0.0877523972
42,1569,-0.8850947198
42,1570,-0.9388260892
42,1571,0.4397422934
42,1572,-0.8065313134
42,1573,-0.1597099059
42,1574,0.2036496959
42,1575,-0.4602190802
42,1576,-0.4071938174
42,1577,-0.5544373326
42,1578,-0.6141172561
42,1579,0.2128246820
42,1580,0.3874823224
42,1581,-0.7450984516
42,1582,0.2117045360
42,1583,-0.6022888462
42,1584,-0.2326322724
42,1585,0.1326969839
42,1586,1.2953248391
42,1587,-0.2014431463
42,1588,0.3823967723
42,1589,-0.3751110625
42,1590,-1.0489763923
42,1591,-0.0442855410
42,1592,0.3899986204
42,1593,0.3808187694
42,1594,1.1539819847
42,1595,-0.3140995667
42,1596,0.1760903703
42,1597,-0.0775368093
42,1598,-0.4532147011
42,1599,0.1340466931
42,1600,0.1915355049
42,1601,-0.4444686303
42,1602,-0.7328109492
42,1603,0.1695538025
42,1604,-0.3511115780
42,1605,-0.1739140075
42,1606,-0.0285576367
42,1607,0.8043688979
42,1608,0.3145204149
42,1609,-0.2021991834
42,1610,0.4048746189
42,1611,-0.6031608624
42,1612,-0.7308450984
42,1613,-0.2810787288
42,1614,0.3302736350
42,1615,-0.5857347749
42,1616,0.7165215340
42,1617,0.3500574880
42,1618,-0.7653995773
42,1619,-0.2127798269
42,1620,0.3709869539
42,1621,-0.3010231995
42,1622,0.3384266861
42,1623,0.0958125441
42,1624,-0.1362146476
42,1625,0.9336166872
42,1626,-0.1616720758
42,1627,-0.2642570376
42,1628,-0.2432054359
42,1629,0.2276636422
42,1630,-0.0156450709
42,1631,-0.3090048690
42,1632,-1.0802065535
42,1633,-0.0679367279
42,1634,-0.2537564809
42,1635,0.3531124533
42,1636,-0.7245288294
42,1637,0.9407318332
42,1638,-0.7510785203
42,1639,-0.1079142457
42,1640,0.5259226402
42,1641,-0.2768833680
42,1642,-0.1355263381
42,1643,-0.2715154169
42,1644,0.3493270712
42,1645,0.1334436596
42,1646,0.0500010558
42,1647,0.2746549808
42,1648,0.0341151592
42,1649,0.2510714106
42,1650,0.4703980626
42,1651,-0.5161413942
42,1652,0.1386555391
42,1653,0.8178127568
42,1654,0.0419506658
42,1655,0.2099980158
42,1656,0.9706580341
42,1657,1.0445248079
42,1658,0.4829130827
42,1659,-0.7720726637
42,1660,-0.2979704918
42,1661,-0.1032828166
42,1662,0.4551413835
42,1663,0.5358138603
42,1664,0.3439865936
42,1665,-0.7627510266
42,1666,0.1041814091
42,1667,0.6272238975
42,1668,0.1916560233
42,1669,1.4741793364
42,1670,-0.1837133748
42,1671,-0.0402032764
42,1672,-0.1141513472
42,1673,-0.2158839565
42,1674,0.2891891339
42,1675,-0.3683427102
42,1676,0.6997098507
42,1677,-0.4942312535
42,1678,0.0830953581
42,1679,-0.3667158131
42,1680,0.5825270996
42,1681,-0.2933016935
42,1682,0.2895259429
42,1683,0.3569829097
42,1684,0.5651234687
42,1685,0.3553240155
42,1686,-0.1427149456
42,1687,-0.6841644894
42,1688,0.4869817509
42,1689,0.0976162589
42,1690,-0.3996701588
42,1691,-0.2271676499
42,1692,0.2923053033
42,1693,-0.3570290730
42,1694,0.6587891620
42,1695,-0.5703666637
42,1696,-0.3029852614
42,1697,-0.2221446809
42,1698,-0.0081242349
42,1699,0.1123646233
42,1700,-0.0991334165
42,1701,-0.2052975603
42,1702,0.2963317338
42,1703,0.2985913671
42,1704,-0.5888709490
42,1705,-0.4736273072
42,1706,-0.1404115434
42,1707,0.4617166659
42,1708,-0.4650021919
42,1709,0.6190484602
42,1710,0.1479883208
42,1711,-0.7787616242
42,1712,0.2473028739
42,1713,-0.0908118139
42,1714,0.1257468276
42,1715,0.8758307368
42,1716,-0.5498434654
42,1717,0.2952137591
42,1718,-0.1571143709
42,1719,0.0406266260
42,1720,0.0436675418
42,1721,1.4188316457
42,1722,-0.1276996384
42,1723,-0.0485823171
42,1724,0.0883036608
42,1725,0.9288945362
42,1726,-0.6274113607
42,1727,-0.1989533579
42,1728,0.0919107685
42,1729,-0.6598059353
42,1730,0.4721281972
42,1731,-0.5963266993
42,1732,0.1431645350
42,1733,-0.0623567343
42,1734,0.1627536835
42,1735,-0.0651989166
42,1736,-0.1045129367
42,1737,0.6204223991
42,1738,-0.5843899969
42,1739,-0.0481260950
42,1740,-0.7108587253
42,1741,0.2007235949
42,1742,0.7988000748
42,1743,-0.1431320537
42,1744,0.3014143925
42,1745,-0.4440126155
42,1746,0.7095228915
42,1747,0.3386893225
42,1748,0.6864038784
42,1749,-0.1464653844
42,1750,0.3419116393
42,1751,0.3898591334
42,1752,-0.4930568361
42,1753,0.2359978186
42,1754,0.5132613672
42,1755,0.9095040193
42,1756,-0.5051996591
42,1757,0.3561710370
42,1758,0.2570238167
42,1759,-0.1636441582
42,1760,0.0127951596
42,1761,0.5900978835
42,1762,-0.0627499267
42,1763,-0.0134296895
42,1764,-0.5145671196
42,1765,-0.2361343943
42,1766,-0.3707016683
42,1767,0.4594363504
42,1768,-0.5182131043
42,1769,-0.3025233462
42,1770,0.3637902889
42,1771,-0.5673768340
42,1772,-0.0908436761
42,1773,-0.8720853167
42,1774,0.5460252474
42,1775,-0.5686321671
42,1776,-0.4545221519
42,1777,0.5166850099
42,1778,-0.7251836271
42,1779,-0.0165883213
42,1780,0.3419340553
42,1781,-0.4752580494
42,1782,-0.4064249434
42,1783,1.3080388300
42,1784,0.4424403217
42,1785,0.0879376109
42,1786,-0.3161596302
42,1787,0.0718372964
42,1788,0.4459440493
42,1789,-0.6896766368
42,1790,-0.0289369887
42,1791,0.8195520960
42,1792,-0.0310745275
42,1793,0.0893549700
42,1794,-0.0435813836
42,1795,-0.3614784577
42,1796,-0.3012596065
42,1797,0.8048948217
42,1798,0.5687071717
42,1799,0.4808067865
42,1800,-0.3350945448
42,1801,-0.0181127141
42,1802,0.3908704277
42,1803,0.0236245322
42,1804,0.4099175678
42,1805,0.9627495986
42,1806,-0.5369477815
42,1807,-0.2977580915
42,1808,-0.0426279662
42,1809,0.4855144696
42,1810,0.8112861777
42,1811,0.4696211694
42,1812,-0.3903802502
42,1813,-0.2341861748
42,1814,-0.7101563156
42,1815,-0.1416009192
42,1816,0.1406368532
42,1817,-0.8689011440
42,1818,-0.0302593647
42,1819,-0.0100944514
42,1820,0.7874852172
42,1821,-0.7023442760
42,1822,-0.4334946152
42,1823,-0.1288949693
42,1824,-0.2358446108
42,1825,-0.3935297014
42,1826,-0.1349631745
42,1827,1.1259466749
42,1828,0.3963335788
42,1829,-0.3543538301
42,1830,0.9999792770
42,1831,-0.5717569648
42,1832,0.0898884944
42,1833,-0.2715354714
42,1834,0.7439682690
42,1835,-0.1704593675
42,1836,-0.3208634793
42,1837,0.9603106807
42,1838,0.9522177317
42,1839,0.0938192347
42,1840,-0.1938831021
42,1841,0.1130312131
42,1842,-0.3447613098
42,1843,-0.2525430389
42,1844,-0.4863283661
42,1845,-0.0798760237
42,1846,0.2740189945
42,1847,0.4645628626
42,1848,1.1696028061
42,1849,-0.0386252781
42,1850,0.1061847642
42,1851,0.7657666221
42,1852,-0.2133489292
42,1853,0.2358789921
42,1854,0.1394742284
42,1855,0.5565948156
42,1856,0.1096799479
42,1857,-0.5513335220
42,1858,1.5596250539
42,1859,0.3772155145
42,1860,0.0417269739
42,1861,-0.4368938065
42,1862,0.5241986584
42,1863,0.0527352964
42,1864,0.3456982832
42,1865,0.6184536758
42,1866,-0.6421444839
42,1867,0.1411509648
42,1868,0.7510342066
42,1869,-0.0974766190
42,1870,-0.8138772514
42,1871,-0.7568752509
42,1872,-0.5760945834
42,1873,0.2685986215
42,1874,-1.0632239621
42,1875,-0.1522732461
42,1876,-0.5075653134
42,1877,0.1610365623
42,1878,0.8932394142
42,1879,-0.3776133375
42,1880,-0.1835413896
42,1881,0.0082678658
42,1882,-0.5069891058
42,1883,0.1495390132
42,1884,0.1479047255
42,1885,-0.4280843526
42,1886,0.2543830861
42,1887,0.3188464733
42,1888,0.0125325103
42,1889,-0.9629374095
42,1890,-0.4066340124
42,1891,0.7144406041
42,1892,-1.0337572979
42,1893,0.2840173396
42,1894,-0.2181021272
42,1895,0.0082647464
42,1896,-0.7277351915
42,1897,0.2371437215
42,1898,-0.7107678812
42,1899,-0.1900160514
42,1900,0.4958631074
42,1901,-0.6479626708
42,1902,0.1042827448
42,1903,0.2004728899
42,1904,0.0256501931
42,1905,0.1894876807
42,1906,-0.0790089459
42,1907,-0.1591451753
42,1908,-0.0589345337
42,1909,-0.1686551104
42,1910,-0.3149869810
42,1911,0.4517661942
42,1912,-0.2467111084
42,1913,0.6486473538
42,1914,0.0521298415
42,1915,0.5586652032
42,1916,0.5332299373
42,1917,0.0815892360
42,1918,0.1594164345
42,1919,-0.0994621561
42,1920,0.3177841949
42,1921,-0.1886965264
42,1922,-1.1583828328
42,1923,-0.1166240808
42,1924,0.0012701360
42,1925,0.3999038802
42,1926,0.6440863950
42,1927,0.3973728224
42,1928,0.2108392665
42,1929,-0.4079018600
42,1930,0.1360051987
42,1931,0.1407500700
42,1932,-0.3627343202
42,1933,0.9688157018
42,1934,1.2145364080
42,1935,1.0350948218
42,1936,0.1320410982
42,1937,0.3488236386
42,1938,0.0612788811
42,1939,0.0500132375
42,1940,-0.0457863465
42,1941,-0.5673535517
42,1942,-0.1972936109
42,1943,-0.3538011695
42,1944,1.1064008252
42,1945,0.4568948039
42,1946,0.2842900445
42,1947,0.1371189371
42,1948,1.0618634542
42,1949,0.9152189730
42,1950,0.3169597550
42,1951,-0.5358528199
42,1952,0.3234728590
42,1953,-0.3497886414
42,1954,0.0821217106
42,1955,-0.3853009360
42,1956,-0.9631691550
42,1957,-0.0129027078
42,1958,0.3080808779
42,1959,0.2722473734
42,1960,0.2008165918
42,1961,-0.3438907226
42,1962,0.6567859861
42,1963,1.0082444465
42,1964,-0.2193492130
42,1965,0.6970148619
42,1966,-0.2670589868
42,1967,0.1842158151
42,1968,0.6006462805
42,1969,0.5803945121
42,1970,-0.5156190986
42,1971,-0.1636639175
42,1972,-0.5247364548
42,1973,-0.4765326486
42,1974,-0.0281859093
42,1975,-0.5909065447
42,1976,-0.0598786442
42,1977,-0.9508055024
42,1978,0.4232314042
42,1979,-0.0700088781
42,1980,0.8660910717
42,1981,-1.1905097132
42,1982,0.2278859974
42,1983,-0.5620196237
42,1984,0.1811013298
42,1985,0.5607022050
42,1986,-1.5425364672
42,1987,0.5936026706
42,1988,0.5074266393
42,1989,-0.1117817615
42,1990,-0.2004778658
42,1991,0.4016527470
42,1992,-0.4611583447
42,1993,0.7108510305
42,1994,0.1728501499
42,1995,0.2699229726
42,1996,0.7677317617
42,1997,-0.0120961619
42,1998,0.6512675890
42,1999,0.5346329513
42,2000,-0.1036452783
42,2001,0.2240337142
42,2002,0.7043827797
42,2003,0.6699989557
42,2004,-0.6613078236
42,2005,-0.3062881464
42,2006,0.8513865931
42,2007,0.3449345821
42,2008,0.4933480679
42,2009,0.5715836785
42,2010,-1.1729940521
42,2011,0.9601136856
42,2012,0.2884258915
42,2013,0.1111945112
42,2014,0.3427601122
42,2015,0.6253052488
42,2016,-0.1277765651
42,2017,-0.3551325438
42,2018,-0.5743456178
42,2019,-0.4398829986
42,2020,-0.8459207885
42,2021,0.1305374442
42,2022,-0.4004069224
42,2023,0.8055077397
42,2024,-0.0986332973
42,2025,0.0623180912
42,2026,0.0859505790
42,2027,-0.2138260480
42,2028,-0.0059251352
42,2029,-0.6170872848
42,2030,0.4532463570
42,2031,0.1015571123
42,2032,-1.0519887822
42,2033,-0.5354337270
42,2034,-0.5768373334
42,2035,-0.0505339449
42,2036,-0.9413138172
42,2037,0.5057975015
42,2038,0.0985344087
42,2039,0.7984419687
42,2040,0.4966215880
42,2041,0.2061160473
42,2042,1.0553899048
42,2043,0.6565430066
42,2044,0.5864341347
42,2045,-0.1193365389
42,2046,-0.0078153984
42,2047,0.5066077780
42,2048,0.6652973033
42,2049,0.2031507190
42,2050,-0.7134325298
42,2051,0.9830339306
42,2052,-0.4575954982
42,2053,-0.4636013939
42,2054,0.0656316531
42,2055,-0.1748859761
42,2056,-0.6183999125
42,2057,0.2985073173
42,2058,0.2937991792
42,2059,-0.3373029912
42,2060,0.4543929832
42,2061,0.3575079143
42,2062,0.4926648054
42,2063,0.0877018889
42,2064,0.5383406279
42,2065,-0.1643294590
42,2066,-0.1041707085
42,2067,-0.3637063127
42,2068,-0.4322059243
42,2069,-1.1362807346
42,2070,-0.9144182263
42,2071,0.8418572477
42,2072,-0.5527167753
42,2073,0.2771431004
42,2074,-0.6002041206
42,2075,-0.6162880737
42,2076,-0.2821015278
42,2077,-0.6438466649
42,2078,0.8390419692
42,2079,0.0691016348
42,2080,0.3810197084
42,2081,-0.0298803746
42,2082,0.4177203364
42,2083,-0.2075398788
42,2084,-0.7587730949
42,2085,-0.1637566941
42,2086,-0.4412517878
42,2087,-0.0810755286
42,2088,0.6352324941
42,2089,0.2764824122
42,2090,0.0578919116
42,2091,-0.5731570459
42,2092,0.8072011781
42,2093,-0.3073238265
42,2094,0.0170270490
42,2095,-0.1662550063
42,2096,-0.1330195540
42,2097,-0.4866796816
42,2098,-0.7680030469
42,2099,-0.8209014035
42,2100,-0.3266600143
42,2101,-0.7730962550
42,2102,-0.4266659406
42,2103,-0.2962919861
42,2104,-0.5208860219
42,2105,-0.7947228852
42,2106,0.7369070474
42,2107,-0.5890151668
42,2108,-0.0501144101
42,2109,-1.0696590875
42,2110,-0.2061125232
42,2111,-0.3879497418
42,2112,-0.6375813465
42,2113,0.2037290532
42,2114,0.0142417974
42,2115,-0.9552903879
42,2116,0.9187519137
42,2117,-0.7516343594
42,2118,-0.6495726271
42,2119,-0.0822205463
42,2120,0.3453296462
42,2121,-0.8246641478
42,2122,0.4092271614
42,2123,-1.0787553450
42,2124,0.0910485517
42,2125,-0.7530930505
42,2126,0.5537142138
42,2127,0.3594584158
42,2128,-0.8013755379
42,2129,0.5524759811
42,2130,-0.2408085725
42,2131,-0.1375394276
42,2132,0.4127263425
42,2133,-0.5099017893
42,2134,0.3117197682
42,2135,-0.1641627709
42,2136,-0.0460075705
42,2137,-0.2015158336
42,2138,0.4841601242
42,2139,0.6404824140
42,2140,0.3564108092
42,2141,0.4398101734
42,2142,0.9020030313
42,2143,-0.3185794432
42,2144,-0.1805658097
42,2145,-0.7222408936
42,2146,0.8080858551
42,2147,-0.0274417818
42,2148,-0.1486611460
42,2149,-0.4003248133
42,2150,-0.3404302680
42,2151,-0.4996573703
42,2152,1.0338649513
42,2153,0.1630651111
42,2154,0.6038335202
42,2155,-0.2668928975
42,2156,-0.2776688346
42,2157,0.1781951706
42,2158,-0.1450945870
42,2159,0.1524566058
42,2160,-0.3850923402
42,2161,-0.5136801509
42,2162,0.1537422063
42,2163,-0.3547122214
42,2164,0.1285568044
42,2165,-0.1070010642
42,2166,0.1691387160
42,2167,0.2537123200
42,2168,0.4982677878
42,2169,0.2576035252
42,2170,-0.3496419936
42,2171,-0.2466515842
42,2172,0.5946541437
42,2173,-0.5259080040
42,2174,0.5725013683
42,2175,-0.5764772679
42,2176,0.2954857540
42,2177,-0.5142302731
42,2178,0.4059126187
42,2179,0.4498212125
42,2180,0.6126632469
42,2181,0.9510234637
42,2182,0.4260370625
42,2183,0.6260953018
42,2184,0.2642564945
42,2185,-0.3137550034
42,2186,0.1247473884
42,2187,0.0297525507
42,2188,-0.0835607718
42,2189,-0.1898560989
42,2190,-0.4735586860
42,2191,-0.4483590028
42,2192,0.0598503592
42,2193,0.8893580955
42,2194,-0.0622224980
42,2195,-0.3784065081
42,2196,-0.5792200388
42,2197,-1.3851711592
42,2198,-0.0277412437
42,2199,0.8493629299
42,2200,-0.4179560630
42,2201,-0.6097477344
42,2202,0.4803843264
42,2203,0.3024469167
42,2204,-0.5467367537
42,2205,0.2310657194
42,2206,0.2846080148
42,2207,0.0606646126
42,2208,0.3310108090
42,2209,0.2791949176
42,2210,0.0201081858
42,2211,0.1392244767
42,2212,-0.6067291629
42,2213,-0.1743609942
42,2214,0.1088057085
42,2215,0.9740884624
42,2216,-0.2501735291
42,2217,-0.5877562156
42,2218,1.4004246228
42,2219,-0.8166143838
42,2220,-1.0973791366
42,2221,0.5610548351
42,2222,-0.7046637541
42,2223,0.4103673911
42,2224,-0.4648357029
42,2225,-0.8464886103
42,2226,0.1554232380
42,2227,0.1651627179
42,2228,0.8092148853
42,2229,0.5367933663
42,2230,0.1711764493
42,2231,-0.6554542160
42,2232,0.3554148926
42,2233,0.5732440781
42,2234,0.3178471687
42,2235,0.0517337704
42,2236,-0.4213063569
42,2237,-0.1453543699
42,2238,0.2116488393
42,2239,0.6503269750
42,2240,0.3185838241
42,2241,0.2452417864
42,2242,0.7123370383
42,2243,-0.1596236991
42,2244,-0.6107969333
42,2245,0.5262496965
42,2246,0.3802599637
42,2247,-0.2996059774
42,2248,-0.3688181631
42,2249,-0.0670238956
42,2250,0.4545723173
42,2251,0.1622333922
42,2252,0.7736563624
42,2253,-0.3676766171
42,2254,0.1152555636
42,2255,0.1508667607
42,2256,1.1115686023
42,2257,0.1384728822
42,2258,0.1580997004
42,2259,0.2229386619
42,2260,-0.1871839678
42,2261,0.4024936229
42,2262,-0.5013362163
42,2263,-0.1586764025
42,2264,0.0772353801
42,2265,1.3021026318
42,2266,0.3971424409
42,2267,0.4771685839
42,2268,0.4941751403
42,2269,1.2891359114
42,2270,-0.0076170163
42,2271,0.6764693376
42,2272,-0.2542029365
42,2273,0.8976491078
42,2274,0.6568648844
42,2275,0.1951036111
42,2276,-0.5098055222
42,2277,-0.3015362638
42,2278,0.5005980606
42,2279,-0.3280912770
42,2280,0.9063387767
42,2281,-0.3438729827
42,2282,0.0276376813
42,2283,0.0828625756
42,2284,0.8055685362
42,2285,-0.5245233186
42,2286,0.1945209549
42,2287,0.8550903445
42,2288,-0.1585165503
42,2289,1.0687780277
42,2290,-0.0361319203
42,2291,0.3122034074
42,2292,0.7885210475
42,2293,-0.2684449530
42,2294,-0.1168853144
42,2295,0.4393684564
42,2296,0.6417215900
42,2297,0.2345618319
42,2298,0.2926518045
42,2299,-0.6002036735
42,2300,0.7123556772
42,2301,0.1804815975
42,2302,-0.1057729470
42,2303,-0.7384929443
42,2304,-0.6340500389
42,2305,0.5683345197
42,2306,0.6174872970
42,2307,-0.6413110867
42,2308,-0.4102178019
42,2309,-0.0522023835
42,2310,0.4702883182
42,2311,0.8841682565
42,2312,-0.1287713645
42,2313,0.1525424622
42,2314,-0.1189614879
42,2315,0.2809774501
42,2316,-0.6810564302
42,2317,0.0604548434
42,2318,0.3469763885
42,2319,-0.0559854309
42,2320,0.7059522387
42,2321,-0.8164367234
42,2322,0.0265516648
42,2323,-0.4528202058
42,2324,-0.5749544908
42,2325,1.7098099479
42,2326,-0.2583463193
42,2327,0.6925213652
42,2328,-0.9668394727
42,2329,-0.1697160211
42,2330,-0.1139298891
42,2331,-0.1571279064
42,2332,0.5527316709
42,2333,0.3969112812
42,2334,0.3555562238
42,2335,-0.0594168474
42,2336,0.1259118002
42,2337,0.4953635397
42,2338,-0.2215933915
42,2339,0.8035247321
42,2340,-0.1327662759
42,2341,0.6119253967
42,2342,-0.4093428644
42,2343,0.0477793525
42,2344,0.1216137730
42,2345,-0.3337419876
42,2346,0.3662075351
42,2347,-0.5586977818
42,2348,0.4216074514
42,2349,-0.0606217115
42,2350,0.4390322279
42,2351,0.1501904404
42,2352,-0.0651482834
42,2353,-0.5724499057
42,2354,-0.1994296795
42,2355,1.0682642896
42,2356,0.0131376292
42,2357,-0.0500508017
42,2358,0.2523703649
42,2359,0.7809105637
42,2360,-0.0980784463
42,2361,0.7268210769
42,2362,-0.2344298686
42,2363,-0.0472339683
42,2364,-0.1214347656
42,2365,0.0874755193
42,2366,0.3519817232
42,2367,-0.4771884795
42,2368,0.3019041436
42,2369,-0.0191239482
42,2370,-0.1571478936
42,2371,0.6942445746
42,2372,-1.0627397003
42,2373,-0.2792340108
42,2374,0.6007895618
42,2375,0.1949307369
42,2376,0.6403653417
42,2377,-0.4529549215
42,2378,0.2066779595
42,2379,0.7376542415
42,2380,-0.3041208220
42,2381,0.3960942305
42,2382,0.0610985820
42,2383,0.7220529074
42,2384,0.2480360364
42,2385,-0.2663881866
42,2386,-0.0253635245
42,2387,0.1135070170
42,2388,0.1354531419
42,2389,0.3600277277
42,2390,0.8111873063
42,2391,-0.8950120150
42,2392,0.2195921728
42,2393,0.2326280313
42,2394,1.0365638610
42,2395,0.0738832186
42,2396,1.0632896282
42,2397,-0.1074029287
42,2398,0.5302204905
42,2399,0.5613143187
42,2400,-0.7845059607
42,2401,0.3465566277
42,2402,-0.8693203565
42,2403,-0.3870566367
42,2404,0.9449028906
42,2405,-0.0583310814
42,2406,-0.1754265533
42,2407,0.3882281186
42,2408,0.2351999803
42,2409,-0.2717202877
42,2410,0.0842912213
42,2411,0.1344023618
42,2412,-0.1856257491
42,2413,0.0935782524
42,2414,-0.5875550328
42,2415,-0.1880763710
42,2416,0.0645534434
42,2417,-0.1364983625
42,2418,0.3145005286
42,2419,0.6630564359
42,2420,0.4180402695
42,2421,-0.4042631826
42,2422,0.8320242430
42,2423,0.5875808394
42,2424,-0.9188731927
42,2425,0.2278266426
42,2426,-0.0831575802
42,2427,0.4063374505
42,2428,-1.0025209366
42,2429,0.0308923875
42,2430,0.9927533000
42,2431,-0.6974303640
42,2432,-0.7300678044
42,2433,-0.2337886407
42,2434,-0.3768611369
42,2435,0.2857083391
42,2436,-0.0989226053
42,2437,-0.1415470299
42,2438,-0.5869387049
42,2439,-0.4137433186
42,2440,0.1316982740
42,2441,-0.7110621183
42,2442,0.7291991674
42,2443,0.6784176198
42,2444,0.1008216172
42,2445,-0.4708020204
42,2446,-0.1503074517
42,2447,0.2216491392
42,2448,0.5615503647
42,2449,-0.2594528248
42,2450,0.8494487856
42,2451,-0.6022031593
42,2452,-0.1591704325
42,2453,-0.7662429590
42,2454,-0.7747886818
42,2455,-0.0320484248
42,2456,-0.7162915011
42,2457,-0.2778911696
42,2458,0.2707728830
42,2459,0.3824616464
42,2460,0.3008568474
42,2461,0.7197470672
42,2462,-0.0056762570
42,2463,0.1201312491
42,2464,-0.6582417306
42,2465,0.2467086898
42,2466,-0.0789447702
42,2467,0.1352603323
42,2468,-0.2104719517
42,2469,-0.1913056648
42,2470,0.3152092789
42,2471,-0.2991715047
42,2472,1.3323775207
42,2473,0.1536563383
42,2474,-0.2594442959
42,2475,0.1206677012
42,2476,-0.5777508262
42,2477,-0.1541663100
42,2478,0.1849302175
42,2479,-0.0434140761
42,2480,-0.3511106935
42,2481,-0.2943312809
42,2482,0.3023228087
42,2483,0.9129928919
42,2484,-1.0522371051
42,2485,0.3928087895
42,2486,0.6298188525
42,2487,-0.2511191217
42,2488,0.5204137604
42,2489,-0.5303998836
42,2490,0.3295378269
42,2491,-1.0798414689
42,2492,0.2815405639
42,2493,-0.1376020388
42,2494,1.2873672320
42,2495,0.1379386288
42,2496,0.4022831886
42,2497,-0.2685358769
42,2498,0.4562834773
42,2499,0.1686613191
42,2500,-0.0219797468
42,2501,0.4798318256
42,2502,0.1939814598
42,2503,0.4119972883
42,2504,-0.1930997733
42,2505,-0.3959939405
42,2506,-0.8176571645
42,2507,-0.1667661651
42,2508,0.1642101023
42,2509,0.1176265350
42,2510,-0.9188145251
42,2511,-0.4643021183
42,2512,-0.6940459430
42,2513,-0.4248257584
42,2514,-0.0337125706
42,2515,0.2104936492
42,2516,-0.4029902069
42,2517,-0.8227264893
42,2518,-0.5936729084
42,2519,-0.0695842046
42,2520,-0.6219612568
42,2521,-0.4438686779
42,2522,-0.0192237607
42,2523,1.1148919909
42,2524,0.9364520516
42,2525,-0.2867822579
42,2526,0.6979289656
42,2527,0.2995562376
42,2528,0.6874604845
42,2529,-0.2650280912
42,2530,-0.1487973607
42,2531,-0.1603137487
42,2532,0.3144709509
42,2533,0.4090277676
42,2534,-0.0622082442
42,2535,-0.2638784570
42,2536,-0.4382095048
42,2537,0.7228107579
42,2538,0.0567242520
42,2539,0.8791471015
42,2540,-1.3603550468
42,2541,0.7019829878
42,2542,0.3208320583
42,2543,-0.0703911675
42,2544,1.1502267347
42,2545,0.7398923655
42,2546,-0.9672656007
42,2547,-0.7733193344
42,2548,-0.8380514100
42,2549,0.0802739915
42,2550,-0.0241248367
42,2551,0.3353270478
42,2552,0.2589575080
42,2553,0.8117624634
42,2554,-0.6497027189
42,2555,-0.0862677016
42,2556,-0.7108381728
42,2557,-0.4454489847
42,2558,0.5517411367
42,2559,-1.0650574839
42,2560,0.1433998981
42,2561,-0.0019836834
42,2562,-0.3366123340
42,2563,0.3213976874
42,2564,-0.3169846742
42,2565,-1.0564274997
42,2566,-0.9892808457
42,2567,1.0051212611
42,2568,0.0476690792
42,2569,0.9905734038
42,2570,-0.0031503414
42,2571,1.0378719317
42,2572,-1.1384924937
42,2573,-0.6747465819
42,2574,-0.2682640511
42,2575,0.9270497038
42,2576,0.3142952905
42,2577,0.3077299029
42,2578,0.2332988451
42,2579,0.9081104842
42,2580,-0.1462112162
42,2581,-0.0759384654
42,2582,0.4673701004
42,2583,-0.1540410114
42,2584,-0.4995466949
42,2585,-0.8351528960
42,2586,-0.0808976885
42,2587,0.2131511819
42,2588,-0.2586261495
42,2589,0.3378493427
42,2590,0.8241550840
42,2591,0.0079760752
42,2592,-0.4296887682
42,2593,-0.2994123817
42,2594,-1.0634775038
42,2595,-0.3577553595
42,2596,-1.0275687799
42,2597,0.6043673989
42,2598,-0.3628483317
42,2599,0.0840978478
42,2600,0.2149811037
42,2601,0.5841373985
42,2602,0.4855167271
42,2603,0.1444803833
42,2604,0.4357352184
42,2605,0.2328908618
42,2606,0.8103129545
42,2607,-0.0269501030
42,2608,0.3282667063
42,2609,1.0439634369
42,2610,0.2225793100
42,2611,0.5559170758
42,2612,-0.3841320530
42,2613,-0.0371438454
42,2614,0.3074894161
42,2615,-0.7587569656
42,2616,-1.2557592034
42,2617,0.0649657342
42,2618,0.4463869666
42,2619,0.3651672965
42,2620,-0.0758071865
42,2621,0.0865139360
42,2622,0.2234783825
42,2623,0.5283264659
42,2624,-0.5568857138
42,2625,-0.5841382021
42,2626,0.4366790618
42,2627,-0.0756634336
42,2628,-0.5159416790
42,2629,-0.1761413516
42,2630,-0.8538819170
42,2631,-0.3007060372
42,2632,-0.1564687055
42,2633,0.3662837687
42,2634,0.3682688277
42,2635,0.1037403872
42,2636,0.8056485501
42,2637,-0.2457798014
42,2638,-0.2148755876
42,2639,0.3704684767
42,2640,-0.2250042538
42,2641,-0.4896591504
42,2642,0.0044233080
42,2643,-0.2590153780
42,2644,0.3766341334
42,2645,-0.5161164572
42,2646,1.0144484729
42,2647,-0.0548500328
42,2648,0.7682965651
42,2649,-0.0326059266
42,2650,0.3954685914
42,2651,-1.5428596238
42,2652,0.6324411106
42,2653,-1.3814639489
42,2654,-0.3601201915
42,2655,0.1436042461
42,2656,-0.2590066445
42,2657,0.1286298791
42,2658,-0.3983748318
42,2659,-0.0207652173
42,2660,0.1828005724
42,2661,-1.1112224420
42,2662,-0.5806662524
42,2663,-0.4226294759
42,2664,0.1943862152
42,2665,0.0817841873
42,2666,-0.0923442483
42,2667,1.0756903812
42,2668,0.3460623006
42,2669,-0.1715760987
42,2670,-0.0526365359
42,2671,0.1171683012
42,2672,0.2988972414
42,2673,-0.6812322837
42,2674,0.1013096335
42,2675,0.2394922242
42,2676,0.0399882617
42,2677,0.0917467462
42,2678,0.5560025984
42,2679,-0.5082223569
42,2680,-0.5474601697
42,2681,0.8263742790
42,2682,-0.0681601514
42,2683,0.5501427011
42,2684,0.5265174452
42,2685,-0.0622766567
42,2686,0.0145771727
42,2687,0.0197052254
42,2688,0.3414295691
42,2689,-0.0175650556
42,2690,-0.0609219739
42,2691,-0.1298386139
42,2692,0.5411308482
42,2693,0.7609363185
42,2694,0.8132645836
42,2695,-0.7394193276
42,2696,0.7166179075
42,2697,0.2332964138
42,2698,-0.4725472365
42,2699,0.5647056223
42,2700,-0.9994217914
42,2701,1.1871309350
42,2702,-0.2287721692
42,2703,-0.3027567727
42,2704,-0.2660172063
42,2705,0.1981862780
42,2706,0.4286711413
42,2707,-0.4144658804
42,2708,-0.0626881616
42,2709,-0.8948101972
42,2710,-0.6579184818
42,2711,0.4500364515
42,2712,-0.6230917230
42,2713,1.0113635235
42,2714,-0.4736550724
42,2715,0.3680015957
42,2716,0.1972507023
42,2717,-0.8878494902
42,2718,0.0989618165
42,2719,0.1267833616
42,2720,0.4295866269
42,2721,-0.7544629386
42,2722,-0.0623734766
42,2723,-0.2982948842
42,2724,0.2562139347
42,2725,0.2237176434
42,2726,-0.2737859916
42,2727,-0.2108099744
42,2728,0.1564420453
42,2729,0.7747596496
42,2730,0.3733367623
42,2731,0.0387393245
42,2732,-0.3063093993
42,2733,-0.2732849726
42,2734,0.4694877364
42,2735,-0.2430376546
42,2736,-0.3831282068
42,2737,0.6437153854
42,2738,0.4477626825
42,2739,-0.1316458701
42,2740,0.2262481715
42,2741,0.2251719499
42,2742,0.5124574523
42,2743,0.1335218224
42,2744,0.8438797429
42,2745,1.0789521298
42,2746,-0.2779364969
42,2747,0.4424104149
42,2748,-0.3714527920
42,2749,0.4171010080
42,2750,0.3218419185
42,2751,0.9989006802
42,2752,-1.0793972039
42,2753,0.1998814306
42,2754,-0.1648129928
42,2755,0.7975503503
42,2756,-0.1845924080
42,2757,-0.8724618176
42,2758,-0.3999307004
42,2759,-0.8228998092
42,2760,-0.7032121741
42,2761,-0.7015739730
42,2762,0.6829590193
42,2763,0.5145061711
42,2764,-0.6128663527
42,2765,-0.4223172795
42,2766,-0.5283198652
42,2767,0.8524026599
42,2768,0.4976159204
42,2769,0.6979873809
42,2770,-0.6771009227
42,2771,0.1794870593
42,2772,-0.2957827070
42,2773,-0.3735336460
42,2774,0.2742980449
42,2775,-0.6955141065
42,2776,-0.2061987818
42,2777,0.6321156934
42,2778,0.4915771227
42,2779,-0.2432720858
42,2780,0.0596687462
42,2781,-0.4635323983
42,2782,-1.3068734717
42,2783,-1.1310546301
42,2784,0.0468240799
42,2785,0.4747423426
42,2786,0.4049652337
42,2787,-0.8218762659
42,2788,-0.2557364672
42,2789,0.0388601309
42,2790,-0.2011268870
42,2791,-0.0009043122
42,2792,-0.9167884241
42,2793,0.6440009637
42,2794,-0.3469049400
42,2795,-0.1043432965
42,2796,-0.1655103095
42,2797,0.6784666166
42,2798,0.1274027196
42,2799,-0.1728754759
42,2800,0.7995746719
42,2801,-0.9581360152
42,2802,-0.1179438562
42,2803,0.3463271837
42,2804,-1.2066526623
42,2805,0.7065861423
42,2806,-0.4416950418
42,2807,0.7394942610
42,2808,0.4260701118
42,2809,0.1077026549
42,2810,-0.3152918798
42,2811,0.0267611940
42,2812,0.2525223067
42,2813,0.8305684967
42,2814,0.0798914295
42,2815,0.6898798868
42,2816,-0.1342625928
42,2817,0.1245447293
42,2818,0.3639732356
42,2819,-0.3715826160
42,2820,-0.4087683596
42,2821,-0.0827481308
42,2822,-0.0134500458
42,2823,-0.3207773176
42,2824,-0.5685814228
42,2825,1.0204500196
42,2826,0.0464641779
42,2827,0.1412547828
42,2828,0.1865426931
42,2829,0.8237286399
42,2830,0.0184560742
42,2831,-0.4869500265
42,2832,0.4377876033
42,2833,-0.3169090763
42,2834,0.7744448847
42,2835,-0.4338003778
42,2836,0.4382406713
42,2837,0.3697784801
42,2838,0.0665053262
42,2839,0.5357105915
42,2840,0.2223966219
42,2841,-0.3953435972
42,2842,-0.0983143554
42,2843,0.6415474660
42,2844,-0.7683329280
42,2845,1.0977590328
42,2846,-0.1652683461
42,2847,-1.0314628477
42,2848,0.0219383296
42,2849,-0.3096612853
42,2850,-0.1601769122
42,2851,-0.8650973549
42,2852,-0.4613320178
42,2853,-0.2515803919
42,2854,-0.0414231072
42,2855,0.3485767622
42,2856,0.7892819503
42,2857,0.0657894915
42,2858,-0.4360712803
42,2859,-0.1743639682
42,2860,0.1167207683
42,2861,-0.4150376931
42,2862,-1.0516779556
42,2863,-0.5457763769
42,2864,-0.1840644501
42,2865,0.1169419358
42,2866,0.4069786311
42,2867,0.1640730292
42,2868,0.0250768151
42,2869,-0.5625437401
42,2870,-0.0589626095
42,2871,0.3048736152
42,2872,0.3034467741
42,2873,0.4160487337
42,2874,-0.6958539833
42,2875,-0.6321946354
42,2876,0.2673102868
42,2877,0.6681232195
42,2878,0.6933313273
42,2879,0.4205221502
42,2880,-0.5423909224
42,2881,-0.3808947723
42,2882,0.4263647790
42,2883,-0.0613720903
42,2884,0.4264235138
42,2885,-0.4569660339
42,2886,0.8742087892
42,2887,-0.4537884906
42,2888,-0.5512893836
42,2889,-0.5117220249
42,2890,-0.5807029018
42,2891,0.1453491992
42,2892,-0.1433049864
42,2893,0.1366417452
42,2894,0.3782967182
42,2895,0.4878684114
42,2896,0.0430059717
42,2897,0.3014087983
42,2898,0.1212655413
42,2899,0.3202503452
42,2900,0.8378125493
42,2901,-0.7097628071
42,2902,1.1836390553
42,2903,0.4703998429
42,2904,-0.6368026508
42,2905,-0.1980672882
42,2906,-0.4621256218
42,2907,0.0673538693
42,2908,0.2232911890
42,2909,-0.1598467610
42,2910,-0.2322409762
42,2911,-0.5411713594
42,2912,0.6501330664
42,2913,0.8664184081
42,2914,-0.7965070513
42,2915,-0.4334190978
42,2916,-0.0107995392
42,2917,-0.4701170511
42,2918,-1.2795606746
42,2919,-0.4927285682
42,2920,0.6050275675
42,2921,0.0056994268
42,2922,0.6063137074
42,2923,0.3590034982
42,2924,-0.8083985684
42,2925,-0.7097260459
42,2926,0.7199427442
42,2927,0.0644198577
42,2928,0.5324730601
42,2929,0.8364583615
42,2930,-0.1267576765
42,2931,-1.0701556505
42,2932,0.2255532347
42,2933,0.0041752204
42,2934,-0.7271489341
42,2935,-0.4070706967
42,2936,-0.2017573194
42,2937,-0.0537407371
42,2938,0.3305854211
42,2939,-0.1340965652
42,2940,0.2739797903
42,2941,-0.7371508529
42,2942,-0.8068069259
42,2943,-0.2503962425
42,2944,1.3562693958
42,2945,0.9057577694
42,2946,0.5489868693
42,2947,0.0192549931
42,2948,0.4423531746
42,2949,-0.5202821586
42,2950,0.5396189476
42,2951,0.3749535824
42,2952,0.1217722370
42,2953,0.2159409111
42,2954,-0.5901879158
42,2955,-0.0843817878
42,2956,0.2131679256
42,2957,-0.1889867295
42,2958,0.5512645169
42,2959,-0.0798598244
42,2960,0.1090806763
42,2961,0.9385789111
42,2962,-0.6736003324
42,2963,0.6358133620
42,2964,0.5484481796
42,2965,0.1547087413
42,2966,-0.7838871914
42,2967,0.5035887608
42,2968,-0.1389633029
42,2969,-0.1615795539
42,2970,-0.3388614223
42,2971,0.4134557635
42,2972,-0.6677062512
42,2973,-0.4208952369
42,2974,0.9012864469
42,2975,-0.7262772941
42,2976,0.2723554660
42,2977,0.1309935083
42,2978,0.7359861663
42,2979,-0.0047389001
42,2980,0.0026916177
42,2981,0.2058508811
42,2982,-0.2677259005
42,2983,0.5281713722
42,2984,-0.2989798073
42,2985,-0.5652995486
42,2986,-1.3685307306
42,2987,0.0624433939
42,2988,0.0499760364
42,2989,-0.5567735648
42,2990,0.1432480484
42,2991,0.4187053179
42,2992,-0.3787850687
42,2993,-0.9068612240
42,2994,0.5022214683
42,2995,-0.2983898596
42,2996,0.0468820436
42,2997,-0.0586472734
42,2998,0.3970234127
42,2999,-0.0472153908
42,3000,-0.9726039107
42,3001,0.5691941313
42,3002,0.2477538873
42,3003,-0.4924264186
42,3004,0.2239688417
42,3005,0.2740038396
42,3006,0.6315982531
42,3007,0.3715697279
42,3008,0.1825753187
42,3009,-0.0639573028
42,3010,0.5496367629
42,3011,0.3674901725
42,3012,0.0901067310
42,3013,0.1819624459
42,3014,0.3676010931
42,3015,0.1601516504
42,3016,0.8657699334
42,3017,0.3696565791
42,3018,-0.0268370680
42,3019,0.0532602369
42,3020,-0.0142575084
42,3021,0.2650891226
42,3022,-0.4889384909
42,3023,-0.3538742829
42,3024,0.6657190579
42,3025,0.0435708826
42,3026,0.5254351447
42,3027,-0.5617651554
42,3028,-0.4410560976
42,3029,-0.1537165279
42,3030,-0.8083067540
42,3031,-0.7395486460
42,3032,-0.4559885448
42,3033,0.8254351815
42,3034,-0.3454222823
42,3035,0.0261404973
42,3036,1.2055284091
42,3037,-1.0733668077
42,3038,-0.5754280128
42,3039,0.7928108192
42,3040,-0.3936994769
42,3041,0.2910861908
42,3042,-0.7712742624
42,3043,-0.0107425567
42,3044,-0.5045005015
42,3045,-0.0055185961
42,3046,0.3212223020
42,3047,0.7495713715
42,3048,0.4961167727
42,3049,-0.7409975874
42,3050,-0.0359551420
42,3051,0.3562491070
42,3052,-0.1064877952
42,3053,0.1926567890
42,3054,0.4801886721
42,3055,0.6605647344
42,3056,-0.6324621328
42,3057,0.2349813884
42,3058,-0.1399379040
42,3059,-0.4311551375
42,3060,-0.7590876139
42,3061,0.4852435963
42,3062,0.3678694546
42,3063,0.2671989520
42,3064,-1.2001570266
42,3065,1.0474178431
42,3066,-0.5037633500
42,3067,0.3061230367
42,3068,-0.4956976058
42,3069,0.3955432827
42,3070,-1.2794685502
42,3071,-0.0905944137
42,3072,0.2516619123
42,3073,1.4226822616
42,3074,-1.0266775270
42,3075,-1.0843523956
42,3076,0.0715986863
42,3077,-0.4384149177
42,3078,0.3797620253
42,3079,-0.7474037081
42,3080,-0.0184100744
42,3081,0.1625753225
42,3082,0.0178299136
42,3083,0.1704091948
42,3084,-0.2634047571
42,3085,0.4210765736
42,3086,0.3442235401
42,3087,-0.5508266507
42,3088,0.4771000576
42,3089,-0.2610255749
42,3090,-1.1599870264
42,3091,0.6503858036
42,3092,0.4514848070
42,3093,0.6082061482
42,3094,0.1719249702
42,3095,-0.0119479875
42,3096,-0.1088848693
42,3097,-0.2737060094
42,3098,-0.1093445074
42,3099,-0.1285269708
42,3100,0.3063166501
42,3101,-0.5715767032
42,3102,-0.0476153636
42,3103,-0.3751263234
42,3104,0.1268897904
42,3105,0.1900912289
42,3106,-0.0835680107
42,3107,-0.3441029016
42,3108,-0.6479326042
42,3109,-0.4813369551
42,3110,-0.0410147209
42,3111,-0.6375237329
42,3112,-0.3716405524
42,3113,0.6314954115
42,3114,0.5301127026
42,3115,-0.1422887783
42,3116,-1.1170697944
42,3117,0.1136732658
42,3118,-0.4831641271
42,3119,0.5209861564
42,3120,-0.2946329760
42,3121,-0.0557346689
42,3122,0.8468825338
42,3123,-0.0291289570
42,3124,-0.3263849463
42,3125,0.9846279263
42,3126,0.8456460025
42,3127,-0.0813989682
42,3128,-0.3572780669
42,3129,0.0799879770
42,3130,0.8112148212
42,3131,-0.2157693748
42,3132,0.2234734494
42,3133,-0.8907007252
42,3134,0.2117550519
42,3135,-0.5493785126
42,3136,-0.3969956649
42,3137,0.1631994795
42,3138,0.5535338943
42,3139,-0.9842082901
42,3140,0.6640018898
42,3141,0.0124528970
42,3142,0.0897301737
42,3143,0.3068232590
42,3144,-1.1016042512
42,3145,-0.0838675485
42,3146,-0.4037298296
42,3147,0.6179135508
42,3148,1.0432128307
42,3149,1.1847545846
42,3150,0.0466295988
42,3151,0.5833692180
42,3152,0.4155976922
42,3153,-0.3761007691
42,3154,0.7269874771
42,3155,0.2350240158
42,3156,-0.5385374569
42,3157,-0.5634519922
42,3158,-0.4468072964
42,3159,-0.1269784705
42,3160,0.0460567054
42,3161,0.0627746119
42,3162,0.3159353586
42,3163,1.0201446102
42,3164,-0.3170645051
42,3165,-0.5325819461
42,3166,0.1762652605
42,3167,-0.3006136225
42,3168,0.2368103500
42,3169,1.0111440569
42,3170,0.3258124324
42,3171,-0.2717266956
42,3172,-0.1530634273
42,3173,0.8310188165
42,3174,0.2686601462
42,3175,0.6122874857
42,3176,-0.5025755349
42,3177,-0.2853610907
42,3178,-0.7077626104
42,3179,0.0579171206
42,3180,0.1485694707
42,3181,-0.3658450895
42,3182,-0.2512077059
42,3183,0.1801317315
42,3184,0.3360274174
42,3185,-0.4842151082
42,3186,0.3673221970
42,3187,0.2998740023
42,3188,0.4023357161
42,3189,0.3183555898
42,3190,0.4513637817
42,3191,-0.3990986603
42,3192,-0.2753405058
42,3193,0.4682622966
42,3194,0.5943668436
42,3195,-0.6672280600
42,3196,0.1553186437
42,3197,0.2863125603
42,3198,0.3574544163
42,3199,-0.1586943888
42,3200,0.1863267593
42,3201,0.0922045991
42,3202,-0.0449514810
42,3203,-0.0363737774
42,3204,-0.8549775747
42,3205,0.4134790933
42,3206,-0.2880735619
42,3207,-0.0637150979
42,3208,-0.0699801465
42,3209,-0.5890903494
42,3210,-0.3628545118
42,3211,0.2245482081
42,3212,0.4643134748
42,3213,0.8610212188
42,3214,-0.2911611580
42,3215,0.2349012366
42,3216,0.2978368832
42,3217,0.3744907558
42,3218,-0.1759841026
42,3219,-0.0212164087
42,3220,0.1672123837
42,3221,-0.0551548463
42,3222,0.7274724971
42,3223,0.2266732370
42,3224,-0.5037774022
42,3225,-0.1591931817
42,3226,-0.7480387794
42,3227,-0.0356605609
42,3228,1.0946862991
42,3229,0.7530946031
42,3230,-0.0725895988
42,3231,0.5050842141
42,3232,1.0067898837
42,3233,0.5416758109
42,3234,-0.1151199006
42,3235,-0.0382916403
42,3236,0.0154575792
42,3237,-0.5220059353
42,3238,0.1651246317
42,3239,-1.0399068222
42,3240,0.7554308215
42,3241,-0.2749239688
42,3242,0.2043371264
42,3243,-0.3933546289
42,3244,0.1354309981
42,3245,-0.3428575330
42,3246,0.2188780136
42,3247,-0.2593464151
42,3248,0.1805442419
42,3249,-1.0012051808
42,3250,-0.3134226902
42,3251,-0.2959395040
42,3252,0.2359739300
42,3253,0.5137089022
42,3254,-0.7156716640
42,3255,-0.9273471369
42,3256,0.8312234437
42,3257,0.0375996008
42,3258,-0.1349546119
42,3259,0.7354436561
42,3260,-0.4999404781
42,3261,0.2168936074
42,3262,-0.3166529316
42,3263,-0.6595980472
42,3264,-0.7204230749
42,3265,0.1854368763
42,3266,-0.0052765201
42,3267,-0.5964018776
42,3268,0.0809420075
42,3269,-0.7120359689
42,3270,0.1301260459
42,3271,-0.2295168798
42,3272,0.5522264645
42,3273,-0.2613728576
42,3274,0.1716357697
42,3275,-0.0267980670
42,3276,-0.9136006400
42,3277,-0.6073525953
42,3278,0.1465090074
42,3279,-0.1851650224
42,3280,0.5541283495
42,3281,0.1575053776
42,3282,0.7532985485
42,3283,-0.4677943629
42,3284,-0.2230604923
42,3285,1.1087889320
42,3286,-0.6565790175
42,3287,-0.5832659846
42,3288,0.0816359168
42,3289,-0.1167833417
42,3290,0.3105073294
42,3291,-0.1971281307
42,3292,0.0825583208
42,3293,0.3679119231
42,3294,-0.8208431513
42,3295,0.7054138942
42,3296,0.1968560318
42,3297,0.5558671893
42,3298,-0.0336450698
42,3299,0.3775727904
42,3300,-0.0966450131
42,3301,-0.0348441796
42,3302,-0.0240109058
42,3303,0.4557427834
42,3304,0.6268469016
42,3305,0.1377684735
42,3306,0.6436090866
42,3307,0.1904607289
42,3308,0.2870887537
42,3309,-0.7869941992
42,3310,-0.0991536087
42,3311,-0.5025774983
42,3312,-0.8018344329
42,3313,0.0779824704
42,3314,-0.5371300057
42,3315,-0.4346503630
42,3316,-0.5787243190
42,3317,-0.4048787512
42,3318,0.3674786657
42,3319,-0.8931667021
42,3320,0.2042683503
42,3321,-0.5609667434
42,3322,-0.0563988370
42,3323,0.9219767593
42,3324,0.9418367341
42,3325,-0.0680105859
42,3326,-0.0536830557
42,3327,0.7010575966
42,3328,0.6519318603
42,3329,-0.4606132416
42,3330,-0.3962936524
42,3331,0.0503195982
42,3332,-0.1395822368
42,3333,-0.0947378694
42,3334,-0.0182085645
42,3335,0.4108576649
42,3336,1.0034216613
42,3337,0.9120903944
42,3338,-0.5994752487
42,3339,-0.2627828158
42,3340,0.4346196203
42,3341,0.6535712334
42,3342,0.1026008089
42,3343,0.3276720967
42,3344,-0.2454902747
42,3345,-0.3488341558
42,3346,0.8604375001
42,3347,-0.9610442118
42,3348,-0.2793903548
42,3349,0.1240540093
42,3350,0.2630645200
42,3351,-0.1875665428
42,3352,0.2594769164
42,3353,-0.2893976226
42,3354,0.2204276856
42,3355,0.2422779753
42,3356,0.9138973494
42,3357,-0.5515276000
42,3358,-0.1320835855
42,3359,0.6290059264
42,3360,-0.2185501162
42,3361,-0.9499457455
42,3362,-0.5978148564
42,3363,-0.4547245359
42,3364,-0.2033142854
42,3365,0.5903563713
42,3366,0.2883244286
42,3367,-0.5926702044
42,3368,0.5468625776
42,3369,-0.0442420917
42,3370,-0.6430061320
42,3371,0.4645799404
42,3372,-0.7419070256
42,3373,0.0794912211
42,3374,0.9875948002
42,3375,0.6644647504
42,3376,-0.7197451181
42,3377,-0.1610796681
42,3378,-0.6967162144
42,3379,-0.7765247098
42,3380,-0.4427621690
42,3381,0.1634504203
42,3382,-0.0004280303
42,3383,-0.2930304098
42,3384,0.1208887230
42,3385,-0.4519830689
42,3386,-0.6711050489
42,3387,0.2143258963
42,3388,0.3371199449
42,3389,0.8723148157
42,3390,-0.6652091996
42,3391,0.1802916056
42,3392,0.0506731408
42,3393,-0.2077357049
42,3394,0.0873155857
42,3395,-0.4209059149
42,3396,-0.3488960815
42,3397,-0.1116125043
42,3398,-1.2889020146
42,3399,-0.0820886173
42,3400,-0.7961277681
42,3401,0.4466782188
42,3402,0.6156672363
42,3403,0.8171667538
42,3404,0.0617765532
42,3405,0.1061748891
42,3406,0.9473104392
42,3407,0.3613675116
42,3408,-0.5514637413
42,3409,-0.2051496684
42,3410,-0.7311434125
42,3411,0.1008245962
42,3412,0.6357209732
42,3413,-1.0027481303
42,3414,0.2541343095
42,3415,-0.0678477077
42,3416,0.7922919472
42,3417,-0.3387516951
42,3418,0.5177268539
42,3419,-0.1496744876
42,3420,-0.1117062619
42,3421,-0.1371037275
42,3422,0.3716331976
42,3423,-0.6217453434
42,3424,-0.6036829319
42,3425,-0.7006309025
42,3426,0.1666489166
42,3427,0.2898641314
42,3428,-0.0896889574
42,3429,-0.0599770325
42,3430,-0.4899391937
42,3431,-0.0845391102
42,3432,-0.4011304862
42,3433,0.1574550292
42,3434,-0.4592988993
42,3435,0.4643885278
42,3436,0.1384364560
42,3437,0.6658492361
42,3438,0.0176075791
42,3439,0.1182511179
42,3440,-1.1314415752
42,3441,-0.2213499983
42,3442,-0.8585965530
42,3443,-0.4921853492
42,3444,0.6814219906
42,3445,0.2258368248
42,3446,0.0926994380
42,3447,0.1956482454
42,3448,-0.1193225484
42,3449,-0.4356256171
42,3450,0.2056999889
42,3451,-0.1037122998
42,3452,0.0052853107
42,3453,0.9362633579
42,3454,0.5651101071
42,3455,-0.3436698827
42,3456,-0.2177725988
42,3457,0.1302624540
42,3458,-0.0351603029
42,3459,-0.4869743664
42,3460,-0.3726295376
42,3461,0.6383007876
42,3462,0.4212516418
42,3463,-0.8725282482
42,3464,0.7527419535
42,3465,0.5772300748
42,3466,-0.2507349008
42,3467,0.4015355499
42,3468,-0.3054959877
42,3469,-0.4826731938
42,3470,0.0950644005
42,3471,-0.0306597698
42,3472,0.0539467415
42,3473,0.2134472366
42,3474,-0.4397085241
42,3475,0.2903638257
42,3476,-0.6528776721
42,3477,0.8211727086
42,3478,-0.1548257137
42,3479,-0.3905655714
42,3480,-0.2134905920
42,3481,0.6051124558
42,3482,0.1157115006
42,3483,0.2633733429
42,3484,-0.3312585026
42,3485,0.3684789434
42,3486,-0.6911831331
42,3487,-0.8302923045
42,3488,0.1479485718
42,3489,-0.9416261373
42,3490,-0.5097093128
42,3491,-0.5561433531
42,3492,-0.4441626503
42,3493,0.0031789722
42,3494,0.5406300692
42,3495,-1.1096248523
42,3496,-0.3936598275
42,3497,-0.4852131890
42,3498,0.1863998569
42,3499,0.5687232371
42,3500,-0.7076818658
42,3501,0.6041345347
42,3502,-0.1061227265
42,3503,0.8316240813
42,3504,0.4698243483
42,3505,0.3845900332
42,3506,-0.2789840530
42,3507,-0.4478983204
42,3508,0.3667584297
42,3509,0.7753819030
42,3510,-0.2347255740
42,3511,-0.1413599394
42,3512,0.0923537260
42,3513,-0.7804861698
42,3514,-0.4367262930
42,3515,0.4864267916
42,3516,-0.5839412225
42,3517,0.7053150434
42,3518,0.0314914372
42,3519,-0.0728364941
42,3520,-0.0011029507
42,3521,0.1742952497
42,3522,0.3891595884
42,3523,0.2315812041
42,3524,0.0100020400
42,3525,-0.5368242379
42,3526,0.3955978058
42,3527,0.0261083326
42,3528,-0.0922590265
42,3529,0.7893925439
42,3530,-0.2961949244
42,3531,0.0351103443
42,3532,0.4711138709
42,3533,1.0204284772
42,3534,0.3516925116
42,3535,-0.2086803201
42,3536,0.3581267087
42,3537,-0.3846410799
42,3538,-0.3967976333
42,3539,0.1200304669
42,3540,0.0400360719
42,3541,-0.5299645845
42,3542,-0.1657493391
42,3543,-1.0203606157
42,3544,-0.1269240054
42,3545,-0.3789005122
42,3546,-1.4141148988
42,3547,0.4000324454
42,3548,1.0783598336
42,3549,0.5121694128
42,3550,-0.1393220707
42,3551,0.0110341813
42,3552,-0.2174971188
42,3553,-0.5150254255
42,3554,-0.2146494346
42,3555,-1.0146021840
42,3556,-0.9602615729
42,3557,-0.4311355791
42,3558,0.0952353429
42,3559,-0.7361364840
42,3560,-0.3566249985
42,3561,-0.3846101522
42,3562,-0.2279299849
42,3563,0.7563424607
42,3564,-0.7258313016
42,3565,0.7686860501
42,3566,0.1568134946
42,3567,-0.4513540433
42,3568,-0.3687354117
42,3569,-0.8811511794
42,3570,0.2199577653
42,3571,0.5927500578
42,3572,-0.4689684328
42,3573,-0.0639366843
42,3574,-0.6033639376
42,3575,-0.1420881864
42,3576,-0.2546816089
42,3577,-0.2681134945
42,3578,-0.3086535959
42,3579,0.7556046085
42,3580,-0.2314995843
42,3581,-0.2976766164
42,3582,0.1305681748
42,3583,-0.1902536865
42,3584,0.5132326194
42,3585,-0.3032305337
42,3586,0.7332472766
42,3587,0.4583927279
42,3588,-0.5364911749
42,3589,-0.0307535024
42,3590,-0.3149668033
42,3591,0.1297813611
42,3592,-0.5712312304
42,3593,0.4380501754
42,3594,-0.4511973110
42,3595,-0.6329949611
42,3596,0.3423428859
42,3597,-0.0285526778
42,3598,-0.5064507732
42,3599,0.4247757355
42,3600,0.2453918067
42,3601,-0.4013463537
42,3602,0.5783504433
42,3603,0.5574604035
42,3604,0.4267034485
42,3605,0.5325299436
42,3606,0.3540267417
42,3607,-0.9554348202
42,3608,0.2147640654
42,3609,-0.5142663342
42,3610,0.4063599586
42,3611,-0.9279439973
42,3612,0.3978167443
42,3613,-0.3384214012
42,3614,-1.1144988789
42,3615,0.3685441053
42,3616,0.2537300938
42,3617,-0.5636736668
42,3618,-0.1852817837
42,3619,0.6855549397
42,3620,-0.8306844192
42,3621,0.5044152388
42,3622,0.0939554129
42,3623,0.3833027571
42,3624,0.7874577117
42,3625,0.4788822401
42,3626,0.0676763823
42,3627,-0.5155803692
42,3628,-0.1489106039
42,3629,0.0370937013
42,3630,-0.1766582841
42,3631,0.5088826164
42,3632,-0.3028279197
42,3633,0.7111472265
42,3634,-0.4064331381
42,3635,-0.6723566121
42,3636,0.0852473135
42,3637,-0.0490898442
42,3638,-1.0997421793
42,3639,-0.7839967897
42,3640,0.1316785879
42,3641,0.2317730056
42,3642,0.1681831486
42,3643,-0.1494707182
42,3644,0.0550350254
42,3645,-0.1824892714
42,3646,0.3126272153
42,3647,0.6620664557
42,3648,0.5353650837
42,3649,0.1578278644
42,3650,0.1556845025
42,3651,0.5067331014
42,3652,0.0850791116
42,3653,-0.3757753270
42,3654,0.5367044487
42,3655,0.8275907243
42,3656,-0.0158906678
42,3657,0.3433823950
42,3658,0.6053625343
42,3659,-0.5254840552
42,3660,-0.0793520766
42,3661,0.5860929915
42,3662,0.0140643649
42,3663,0.0358066319
42,3664,-0.6006213272
42,3665,1.2091111647
42,3666,-0.7015596152
42,3667,0.1698130027
42,3668,-0.7488345087
42,3669,0.5250464498
42,3670,-0.6316872337
42,3671,-0.0117893977
42,3672,0.4520979767
42,3673,0.0782491272
42,3674,0.0621625188
42,3675,0.6706194046
42,3676,0.0950156679
42,3677,0.1093155386
42,3678,-0.9242999670
42,3679,0.7707790772
42,3680,-0.4982426086
42,3681,0.4260085932
42,3682,-0.5637799371
42,3683,-0.3281029079
42,3684,0.0600801760
42,3685,-0.0022199418
42,3686,0.6921022455
42,3687,-0.0930054382
42,3688,-1.3018277660
42,3689,-0.3041656238
42,3690,0.5303721312
42,3691,-0.4978490958
42,3692,-0.9644435743
42,3693,0.1466492272
42,3694,-0.2684662088
42,3695,0.9930716218
42,3696,0.2794115604
42,3697,-0.5652744167
42,3698,0.5736709332
42,3699,-0.7741568914
42,3700,0.0209832454
42,3701,0.4981460979
42,3702,0.0773501272
42,3703,0.9744128637
42,3704,0.1467273579
42,3705,-0.2079442033
42,3706,0.5795051681
42,3707,-0.1174792289
42,3708,-0.8370907210
42,3709,-0.4652299995
42,3710,-0.7118273661
42,3711,-0.8732406981
42,3712,0.6712443204
42,3713,-0.2242354876
42,3714,0.7801270573
42,3715,-0.3093640351
42,3716,-0.0264696291
42,3717,-0.3217632254
42,3718,-0.5191503909
42,3719,-0.6392896087
42,3720,0.4871415394
42,3721,-0.5213938583
42,3722,0.4897538468
42,3723,0.1294523245
42,3724,-0.0982495821
42,3725,-0.0447732274
42,3726,0.0778034464
42,3727,0.4276610485
42,3728,-0.0983423627
42,3729,0.7261056668
42,3730,-0.4286538897
42,3731,-0.8376016148
42,3732,-0.2018798239
42,3733,0.7811625358
42,3734,-0.7660068839
42,3735,-0.1078319790
42,3736,0.1130741737
42,3737,-0.3620843369
42,3738,-0.5777160882
42,3739,-0.7202946831
42,3740,-0.0056352995
42,3741,0.6299282632
42,3742,0.0408257895
42,3743,-0.1927982702
42,3744,0.3128240486
42,3745,-0.3435808363
42,3746,0.0483968492
42,3747,-0.2733537324
42,3748,-0.7445813241
42,3749,0.2715310861
42,3750,0.3327726727
42,3751,0.2619655989
42,3752,0.1652901515
42,3753,0.2926642948
42,3754,-0.4639160741
42,3755,0.9703396391
42,3756,-0.1508472437
42,3757,-0.2226662140
42,3758,-0.3301663438
42,3759,-0.3385597952
42,3760,0.8459302983
42,3761,-0.8999523574
42,3762,-0.8539680004
42,3763,0.5166453407
42,3764,-0.5614964876
42,3765,0.1272148378
42,3766,0.4587654760
42,3767,0.3317408372
42,3768,0.6525648969
42,3769,-0.0657567651
42,3770,0.1091821860
42,3771,0.3299740304
42,3772,0.4164566993
42,3773,0.0262493216
42,3774,-0.5965934179
42,3775,-0.1428047093
42,3776,0.3635340757
42,3777,-1.0167322364
42,3778,0.9148753196
42,3779,-0.0392602490
42,3780,0.6643743793
42,3781,0.5313073017
42,3782,0.6746993074
42,3783,1.3853865293
42,3784,-0.7243723300
42,3785,-0.6466179498
42,3786,0.5770648587
42,3787,-1.4999291594
42,3788,0.7015753186
42,3789,0.1132955579
42,3790,-0.6011359825
42,3791,-0.4519672964
42,3792,0.8578481046
42,3793,0.0246187515
42,3794,-0.5261966321
42,3795,0.1849120157
42,3796,0.2049860728
42,3797,-0.3760456619
42,3798,-0.1975884849
42,3799,-0.7725169726
42,3800,-0.1115022423
42,3801,0.2266449894
42,3802,-0.1316692851
42,3803,0.3690557719
42,3804,-0.3413636403
42,3805,0.3819043402
42,3806,0.0753936120
42,3807,0.5377254922
42,3808,-0.4018931682
42,3809,0.1813132758
42,3810,-0.9788574489
42,3811,-0.0565548686
42,3812,0.5953339096
42,3813,0.3685747388
42,3814,0.0643261416
42,3815,0.7371357796
42,3816,-0.2611345601
42,3817,0.2184542117
42,3818,-0.4175463346
42,3819,-0.8898009587
42,3820,-0.2129048909
42,3821,-0.6000417920
42,3822,-0.5631554896
42,3823,0.0543318274
42,3824,-0.0272379062
42,3825,-0.2075801606
42,3826,0.9373834460
42,3827,0.0360440151
42,3828,-0.5226053817
42,3829,-1.1748360467
42,3830,-0.1126882750
42,3831,-0.8790813922
42,3832,-0.8605505611
42,3833,-0.1805360216
42,3834,-0.6605222760
42,3835,0.5473451707
42,3836,-0.6045206587
42,3837,-0.0413373994
42,3838,-0.3759693621
42,3839,0.1620281107
42,3840,0.5297457734
42,3841,-0.0135386963
42,3842,-0.2012937049
42,3843,0.5113239730
42,3844,-0.5141836304
42,3845,-0.0205497907
42,3846,-0.1324839247
42,3847,0.3027782162
42,3848,-0.4424408147
42,3849,0.1069253666
42,3850,0.5085771501
42,3851,0.2771090616
42,3852,-0.7025924184
42,3853,-1.0157990374
42,3854,-0.6646663278
42,3855,0.9891658896
42,3856,0.9283365579
42,3857,-0.1369414431
42,3858,0.3466570642
42,3859,0.5338125333
42,3860,-0.2871766328
42,3861,0.6368031593
42,3862,-0.2536809042
42,3863,-0.5040544640
42,3864,-1.0927969036
42,3865,-0.7770814063
42,3866,0.0383627870
42,3867,0.0925390634
42,3868,0.2941053594
42,3869,0.9309846561
42,3870,0.6811780069
42,3871,0.4669653659
42,3872,0.0728422883
42,3873,0.2272674655
42,3874,-0.9484946966
42,3875,0.2483702407
42,3876,-1.4566038031
42,3877,-0.1328075060
42,3878,-0.4226546332
42,3879,-0.7938616745
42,3880,-1.1878985453
42,3881,0.3214804794
42,3882,-0.3155446651
42,3883,-0.0803464754
42,3884,0.0160871265
42,3885,-0.4798582136
42,3886,-0.2898989145
42,3887,0.0461359222
42,3888,0.7984291496
42,3889,-0.5566307157
42,3890,0.1367205134
42,3891,0.1787970363
42,3892,0.9438061616
42,3893,-1.0140964853
42,3894,-0.0186429868
42,3895,-0.1282611681
42,3896,-0.3892328328
42,3897,0.1665007854
42,3898,-0.8297395715
42,3899,0.2575163046
42,3900,-0.5038271100
42,3901,-0.0786113220
42,3902,-0.0386765965
42,3903,0.2131566269
42,3904,0.6638994502
42,3905,0.5969588070
42,3906,0.3537914979
42,3907,-0.5751048370
42,3908,0.4261069380
42,3909,0.1314177122
42,3910,0.3143541422
42,3911,0.1240806856
42,3912,-0.2854492606
42,3913,-0.3862347358
42,3914,-0.3448287149
42,3915,-0.4234125945
42,3916,-1.3363324606
42,3917,-1.0890352500
42,3918,-0.4912075035
42,3919,0.0276010095
42,3920,-0.0061333471
42,3921,-0.9862670892
42,3922,0.2587128152
42,3923,0.9976353000
42,3924,0.6753728037
42,3925,-0.0089780518
42,3926,0.9805597957
42,3927,-0.5653701999
42,3928,-0.3935816010
42,3929,0.8684042705
42,3930,-0.3694927477
42,3931,0.2128787761
42,3932,-0.3761734222
42,3933,0.3628480285
42,3934,0.5218123755
42,3935,0.3028854431
42,3936,-0.3549732933
42,3937,0.5637079033
42,3938,-0.1931485422
42,3939,0.4551567161
42,3940,-0.5781037613
42,3941,-0.0212737687
42,3942,-0.3168236320
42,3943,-0.1912941486
42,3944,-0.0993578008
42,3945,0.3074561334
42,3946,-1.1003382828
42,3947,-0.1589591323
42,3948,-0.4058068881
42,3949,-0.5779751291
42,3950,-0.2092482415
42,3951,-0.6179974753
42,3952,0.6481091323
42,3953,-0.7712725016
42,3954,-0.7667763112
42,3955,0.5887637039
42,3956,-0.2399565570
42,3957,-0.4451266198
42,3958,-0.9581714823
42,3959,-0.7880811405
42,3960,-0.3099687049
42,3961,-0.1725302894
42,3962,-0.1315813814
42,3963,-0.5137152887
42,3964,-1.0016661198
42,3965,0.0820182451
42,3966,0.5424522395
42,3967,-0.3317814551
42,3968,0.1913727440
42,3969,0.0283368560
42,3970,0.3675588826
42,3971,0.6232839025
42,3972,0.4810331663
42,3973,-0.7673644496
42,3974,-0.1264845579
42,3975,-0.0755287323
42,3976,-0.2151935178
42,3977,-0.6312165811
42,3978,-0.2669065336
42,3979,-0.8032940470
42,3980,-0.2327922570
42,3981,0.4472007057
42,3982,-0.7362999912
42,3983,0.1444597228
42,3984,0.4313415215
42,3985,-0.3331237352
42,3986,0.2613871995
42,3987,0.6257536824
42,3988,0.0653896698
42,3989,0.0092685502
42,3990,1.1148852017
42,3991,-0.1546679150
42,3992,-0.2768792984
42,3993,0.8896627776
42,3994,-0.2230091960
42,3995,-1.2660255109
42,3996,1.2383718025
42,3997,-0.2486814339
42,3998,0.1306787462
42,3999,-0.3901760351
42,4000,-0.2606855398
42,4001,0.2157570508
42,4002,0.5395094366
42,4003,0.0867307376
42,4004,-0.1624661923
42,4005,-0.3466730275
42,4006,0.4441821661
42,4007,-0.2653400772
42,4008,0.2942153341
42,4009,0.8896752850
42,4010,0.2202770097
42,4011,-0.4393246217
42,4012,1.1311190648
42,4013,0.7765708320
42,4014,0.2798037954
42,4015,-0.0425225248
42,4016,-0.1155050221
42,4017,-0.5776798597
42,4018,-0.1388926836
42,4019,0.5188509672
42,4020,-0.1111952255
42,4021,-0.7219316853
42,4022,-0.3619963235
42,4023,0.3543591701
42,4024,-0.4210194381
42,4025,-0.8435223126
42,4026,0.4667203026
42,4027,-0.1251781579
42,4028,0.3265381860
42,4029,-0.8284159792
42,4030,-0.3135325598
42,4031,-1.0044521926
42,4032,-0.1774866487
42,4033,0.6477559678
42,4034,-0.2221013730
42,4035,0.3720147188
42,4036,0.3413237868
42,4037,0.5392225621
42,4038,-0.5798395629
42,4039,-0.9340503930
42,4040,-0.7937636371
42,4041,0.2754564668
42,4042,0.4026564566
42,4043,-0.2848409274
42,4044,0.5570228303
42,4045,-0.3309849631
42,4046,0.8495530887
42,4047,0.6282267911
42,4048,0.0391417195
42,4049,0.5912390851
42,4050,-0.0238779565
42,4051,0.3196321304
42,4052,-0.0822522441
42,4053,0.0466817847
42,4054,0.3521605689
42,4055,0.2406135550
42,4056,0.3280292382
42,4057,-0.2456765357
42,4058,0.5686090145
42,4059,-0.3686488306
42,4060,0.2604191321
42,4061,-0.1414235974
42,4062,0.5639849198
42,4063,0.1838329229
42,4064,0.7855543816
42,4065,-0.5192334253
42,4066,0.3319710704
42,4067,0.8412268918
42,4068,0.6457806585
42,4069,0.3399829813
42,4070,0.3559338374
42,4071,-0.2383333020
42,4072,-0.2554072529
42,4073,0.2662735595
42,4074,-0.5123926082
42,4075,-0.4604071481
42,4076,-0.2854597131
42,4077,-0.4439465444
42,4078,-0.5716467572
42,4079,0.0298600573
42,4080,-0.1188429495
42,4081,0.1451524877
42,4082,-0.8856063536
42,4083,0.6486506739
42,4084,0.5789512381
42,4085,0.7510201324
42,4086,-0.2439006799
42,4087,0.5259400625
42,4088,0.6745240020
42,4089,0.9336448898
42,4090,0.5902781771
42,4091,0.0065286182
42,4092,-0.6877677757
42,4093,-0.0660105992
42,4094,0.6784428318
42,4095,-0.0452115259
42,4096,-0.9873195413
42,4097,0.0742156073
42,4098,0.2340179503
42,4099,-0.1688754455
42,4100,0.0513073394
42,4101,-0.3664260966
42,4102,0.3140091799
42,4103,0.3946203196
42,4104,-0.3249893194
42,4105,0.0071420866
42,4106,-0.3522948607
42,4107,0.0806805029
42,4108,0.8771489431
42,4109,-0.0355447303
42,4110,0.0577922010
42,4111,-0.6661685665
42,4112,-0.4898193054
42,4113,-0.2017320618
42,4114,-0.1596739091
42,4115,0.6000055445
42,4116,-0.8497729383
42,4117,0.4972867262
42,4118,0.6155722780
42,4119,-0.0456921215
42,4120,-0.5806606112
42,4121,0.6288722820
42,4122,-0.1202692332
42,4123,-0.3736217521
42,4124,0.3332253230
42,4125,-0.5731106966
42,4126,0.5412635964
42,4127,0.8118195886
42,4128,-0.4800239326
42,4129,0.0842634502
42,4130,0.7832367751
42,4131,-0.0717015054
42,4132,-0.1094526016
42,4133,-0.6218970592
42,4134,-0.6603984397
42,4135,0.0119127829
42,4136,0.8137197935
42,4137,0.2453787728
42,4138,0.1091368546
42,4139,-0.3275621907
42,4140,-0.1794160442
42,4141,0.1064031185
42,4142,0.3849763606
42,4143,0.1692877581
42,4144,-0.3021514982
42,4145,-0.6837154713
42,4146,-0.5757007059
42,4147,0.3096682798
42,4148,0.1105152077
42,4149,-0.1910220725
42,4150,0.4735410516
42,4151,-0.0563039724
42,4152,-0.2977406590
42,4153,0.2046501008
42,4154,0.4013685083
42,4155,-0.5961380787
42,4156,-0.1128904945
42,4157,0.8273521317
42,4158,-0.1144454238
42,4159,0.2734145488
42,4160,0.0428027345
42,4161,-0.0663996680
42,4162,-0.7229630723
42,4163,0.2824503115
42,4164,0.2750586051
42,4165,0.4862787072
42,4166,0.4935764179
42,4167,-1.1350020334
42,4168,-0.2549673016
42,4169,-0.2991170997
42,4170,0.0053720091
42,4171,0.4229643281
42,4172,-0.2848031756
42,4173,0.2610602590
42,4174,-0.2528200456
42,4175,-0.5280725612
42,4176,-0.1391900748
42,4177,-0.2344434828
42,4178,-0.0239792153
42,4179,0.1311481844
42,4180,-0.1182937112
42,4181,0.0760010122
42,4182,-0.7955100366
42,4183,-0.1041275030
42,4184,0.0706194330
42,4185,0.2493878559
42,4186,-0.0197448403
42,4187,-0.6147667771
42,4188,0.3048628200
42,4189,0.3205941685
42,4190,0.0403082480
42,4191,0.4464139086
42,4192,0.0057119347
42,4193,0.0307862560
42,4194,0.6036609909
42,4195,0.0546511788
42,4196,-0.6571855613
42,4197,0.6966118746
42,4198,0.4013332115
42,4199,0.1768069283
42,4200,-0.4268294852
42,4201,-0.8057588321
42,4202,0.6725193757
42,4203,1.2034403718
42,4204,-0.3321339106
42,4205,-0.1717694717
42,4206,-0.2265548650
42,4207,-0.0676198853
42,4208,-0.2126193712
42,4209,-0.1447269148
42,4210,0.5831512254
42,4211,-0.3553329561
42,4212,-0.3468440730
42,4213,0.3269112891
42,4214,-0.1287509087
42,4215,0.1071360616
42,4216,0.1581146987
42,4217,1.6461858570
42,4218,0.4921407634
42,4219,-0.4240930540
42,4220,-0.3743265824
42,4221,-0.1752076767
42,4222,0.4927626471
42,4223,-0.9237538933
42,4224,-0.8384103916
42,4225,-0.4425885181
42,4226,0.2090333173
42,4227,-1.0460659539
42,4228,0.1256382033
42,4229,-0.0547580722
42,4230,-0.1515038520
42,4231,-0.7039666740
42,4232,-0.9525275934
42,4233,-0.2752608217
42,4234,0.2099948977
42,4235,1.2474795923
42,4236,-0.2286956975
42,4237,-0.1830234645
42,4238,0.5040991693
42,4239,-0.0030100603
42,4240,0.0630072675
42,4241,-0.6321874493
42,4242,-0.3686480021
42,4243,0.2649767859
42,4244,0.0856688978
42,4245,-0.4714883580
42,4246,0.5531757489
42,4247,-0.0203565807
42,4248,0.8058816656
42,4249,0.4569213601
42,4250,0.7033806547
42,4251,0.1066480787
42,4252,0.2493891074
42,4253,0.9863910831
42,4254,-0.3004609011
42,4255,0.1855458266
42,4256,0.1086265174
42,4257,-0.1932007686
42,4258,-0.5481397451
42,4259,-0.3482274114
42,4260,0.4415037348
42,4261,-1.0811896580
42,4262,-0.0367715864
42,4263,0.1209101756
42,4264,0.0501237335
42,4265,0.0134239962
42,4266,-0.3021757078
42,4267,0.6078892209
42,4268,-0.1213052644
42,4269,0.6390533329
42,4270,-0.0179723793
42,4271,-0.7042598472
42,4272,0.4454975570
42,4273,0.0004069249
42,4274,-0.6879210604
42,4275,0.3234202810
42,4276,0.2031149148
42,4277,-0.0826127247
42,4278,0.2542166998
42,4279,-0.1848819981
42,4280,-0.3976043898
42,4281,-1.2029642043
42,4282,-0.4743862415
42,4283,-0.0893628235
42,4284,0.2999809137
42,4285,-0.6565820716
42,4286,0.2860798846
42,4287,-0.6357686116
42,4288,-0.2513213375
42,4289,0.5820551055
42,4290,0.6401113345
42,4291,0.6277801870
42,4292,0.5476752782
42,4293,-0.0509660953
42,4294,0.0143021808
42,4295,0.0125586307
42,4296,-0.0224097732
42,4297,0.0457167804
42,4298,-0.3621931708
42,4299,-0.1848521889
42,4300,-0.2555891920
42,4301,-0.5718570597
42,4302,-0.4823644356
42,4303,-0.4778988512
42,4304,-0.3463718594
42,4305,-0.3362149744
42,4306,-0.1194590216
42,4307,0.1723529626
42,4308,0.3343711305
42,4309,-0.2257718873
42,4310,-0.9868184662
42,4311,0.5294994450
42,4312,0.1884430402
42,4313,-0.8410972798
42,4314,-0.1495785874
42,4315,-0.5082494119
42,4316,0.8133084038
42,4317,0.1645470369
42,4318,-0.0395125377
42,4319,-0.5132668751
42,4320,-0.5275363745
42,4321,0.2387276836
42,4322,0.5659774983
42,4323,-0.1910550200
42,4324,-0.4016185841
42,4325,-1.0617589393
42,4326,0.1616865604
42,4327,0.0322217484
42,4328,-0.3278683884
42,4329,-0.5677404549
42,4330,0.4166029772
42,4331,0.3942132986
42,4332,0.1293683543
42,4333,-0.7328926769
42,4334,-0.7148475035
42,4335,0.0988938566
42,4336,-0.1367978476
42,4337,0.0429852952
42,4338,-0.3041779439
42,4339,0.0742165457
42,4340,-0.3261360139
42,4341,0.1458495856
42,4342,0.3914047732
42,4343,0.2162604213
42,4344,-0.1687508763
42,4345,-0.0265829296
42,4346,0.6903740306
42,4347,-0.0503331649
42,4348,0.3134111174
42,4349,-1.0728244052
42,4350,-0.7267632073
42,4351,-1.0470148319
42,4352,-0.6930814331
42,4353,0.3548381345
42,4354,0.2184504064
42,4355,-0.4589891180
42,4356,-0.4725860387
42,4357,-0.2805736894
42,4358,0.6183468030
42,4359,-0.9632990350
42,4360,0.4288207961
42,4361,-0.5798956296
42,4362,-0.5634136278
42,4363,-0.7640862149
42,4364,0.5005785337
42,4365,-0.2959787738
42,4366,-0.3274135844
42,4367,0.5054660479
42,4368,0.8175693854
42,4369,0.3926191870
42,4370,-0.0516143196
42,4371,-0.3453267875
42,4372,0.3263355147
42,4373,-0.5583094484
42,4374,0.2271415286
42,4375,-0.6368151692
42,4376,0.5624001793
42,4377,-0.1682195674
42,4378,-0.1894090627
42,4379,-0.3589691067
42,4380,0.4859187494
42,4381,0.6667399222
42,4382,0.6216562549
42,4383,-0.0156469714
42,4384,0.3137619946
42,4385,-0.0001471634
42,4386,-0.1304202325
42,4387,0.1474877378
42,4388,-0.6271279988
42,4389,0.8592594199
42,4390,0.6585902902
42,4391,0.1011838373
42,4392,-0.1812722009
42,4393,-0.3889430488
42,4394,0.8007547787
42,4395,0.5832742222
42,4396,-0.0367105068
42,4397,-0.6303973498
42,4398,-0.3926880258
42,4399,-1.0929682569
42,4400,-0.0909459695
42,4401,-0.2819924991
42,4402,0.7266995366
42,4403,-0.4417523477
42,4404,-0.3062404249
42,4405,-0.1197993036
42,4406,-0.6023776738
42,4407,0.2473183662
42,4408,-0.2608257235
42,4409,0.0468479899
42,4410,0.2491815578
42,4411,0.4559910413
42,4412,-0.4644706292
42,4413,0.3634802145
42,4414,-0.3264066314
42,4415,-0.8125486412
42,4416,0.1353543638
42,4417,-0.3039354270
42,4418,-0.1498686306
42,4419,0.3014135149
42,4420,-0.2696773587
42,4421,1.0207709680
42,4422,0.5078142462
42,4423,-0.3620682476
42,4424,0.5486073700
42,4425,-0.0219937290
42,4426,-0.2658210774
42,4427,-0.4008243605
42,4428,-0.2032539072
42,4429,-0.6606561718
42,4430,-0.9946156923
42,4431,-0.4089369948
42,4432,-1.1106200851
42,4433,-1.0666717569
42,4434,-0.0618965491
42,4435,0.4410242586
42,4436,-0.1395628253
42,4437,0.3700649379
42,4438,-0.4256116500
42,4439,-0.1181527832
42,4440,-1.0376531166
42,4441,0.5292230207
42,4442,-0.0712540108
42,4443,-0.3139615898
42,4444,0.1862215218
42,4445,-0.2935926165
42,4446,0.0158400977
42,4447,-0.6820096416
42,4448,0.0545627101
42,4449,-0.3610301970
42,4450,0.4168318200
42,4451,0.0634120206
42,4452,-0.3327759476
42,4453,0.0549831336
42,4454,0.0312890836
42,4455,0.8168432136
42,4456,0.9753222583
42,4457,-0.2079058370
42,4458,0.1463407880
42,4459,-0.2011872857
42,4460,0.2064907000
42,4461,0.7016919047
42,4462,1.0028218623
42,4463,0.1520963644
42,4464,-0.9346781219
42,4465,0.5829984267
42,4466,0.1384285315
42,4467,0.7879316351
42,4468,-0.1472947142
42,4469,-0.0008875831
42,4470,-0.2349665955
42,4471,-0.0246554990
42,4472,-0.3536490459
42,4473,0.2087289102
42,4474,0.3145246293
42,4475,-0.0828117959
42,4476,0.9935831359
42,4477,-0.1270354649
42,4478,0.1762831511
42,4479,0.6861172577
42,4480,0.4158578111
42,4481,0.0382701286
42,4482,0.1882284787
42,4483,-0.1360208030
42,4484,-0.1006703447
42,4485,-0.1532348073
42,4486,-0.1882304830
42,4487,0.1794812029
42,4488,-0.4588347722
42,4489,0.4738425085
42,4490,0.8103072468
42,4491,0.1922208735
42,4492,0.6263598775
42,4493,0.4483440144
42,4494,-0.4021097313
42,4495,0.6241446707
42,4496,0.8196990160
42,4497,0.5695627261
42,4498,0.9770436395
42,4499,-0.3558083422
42,4500,0.4064398228
42,4501,-0.4949929297
42,4502,0.5744866538
42,4503,1.0616390416
42,4504,0.1414951493
42,4505,0.4684536247
42,4506,0.9011327298
42,4507,-0.3948696926
42,4508,0.0067001543
42,4509,-0.0982878079
42,4510,0.2249173906
42,4511,0.3250418463
42,4512,-0.3476087900
42,4513,0.7532709018
42,4514,-0.2596150187
42,4515,0.5891854608
42,4516,-0.7139521621
42,4517,0.0465850569
42,4518,-0.7103270918
42,4519,-0.2749393108
42,4520,-0.4535637215
42,4521,0.6012501199
42,4522,-0.1462208321
42,4523,0.2213603523
42,4524,0.0645086723
42,4525,-0.1280812856
42,4526,0.4331097952
42,4527,0.4566095945
42,4528,-0.9554162397
42,4529,-0.5712431191
42,4530,0.6741987548
42,4531,-0.8756099010
42,4532,0.4446204474
42,4533,0.0848908412
42,4534,-0.4219562039
42,4535,-0.5108131144
42,4536,0.0833433188
42,4537,-1.2662392881
42,4538,0.1954435794
42,4539,0.1001836535
42,4540,-0.7161101347
42,4541,0.7703666837
42,4542,-0.0187856565
42,4543,0.5973744910
42,4544,0.6125714286
42,4545,-0.1443232187
42,4546,-0.0284369975
42,4547,0.7396234563
42,4548,-0.1224746894
42,4549,-0.2328740279
42,4550,0.2564998991
42,4551,1.1428835487
42,4552,-0.5615689971
42,4553,-0.7030370760
42,4554,-0.3374536412
42,4555,1.0900693511
42,4556,-0.6499363963
42,4557,0.2944304731
42,4558,-0.2625848501
42,4559,-0.5096031315
42,4560,-0.4146095947
42,4561,-0.2174061196
42,4562,0.1875890772
42,4563,-0.7151058322
42,4564,-0.1363909518
42,4565,-0.0501815482
42,4566,0.9778238654
42,4567,0.2769766253
42,4568,-0.2055710815
42,4569,0.4007448455
42,4570,0.0364827926
42,4571,1.0938287425
42,4572,0.0459492219
42,4573,0.7249271757
42,4574,0.1848699966
42,4575,1.2820061284
42,4576,-0.5185554123
42,4577,0.1629164472
42,4578,-0.1411869927
42,4579,-0.0462080628
42,4580,0.7117339186
42,4581,-1.3466589454
42,4582,-0.7806204562
42,4583,-0.2665475914
42,4584,0.4286110679
42,4585,-0.5988039175
42,4586,-0.4086949922
42,4587,-0.5406646518
42,4588,0.1746711027
42,4589,-0.0083452218
42,4590,0.2443895162
42,4591,-0.2800481454
42,4592,0.4105384429
42,4593,1.1177763005
42,4594,-0.4513866162
42,4595,0.0022874030
42,4596,0.2855127370
42,4597,0.2991826115
42,4598,0.4892366212
42,4599,0.4676258660
42,4600,-0.0508956646
42,4601,0.1999494915
42,4602,0.3141367476
42,4603,0.8988492603
42,4604,0.4197733970
42,4605,0.1529767563
42,4606,0.3937105329
42,4607,-0.3784383646
42,4608,0.2282020397
42,4609,-0.6708601531
42,4610,0.4414674806
42,4611,-0.3759545141
42,4612,0.2238155191
42,4613,0.5696672999
42,4614,-0.5310401111
42,4615,0.9456468470
42,4616,0.8814553002
42,4617,-0.1876674575
42,4618,-0.3906067636
42,4619,-0.3057220887
42,4620,0.0051372453
42,4621,-0.4628118030
42,4622,0.4114607525
42,4623,0.6115896928
42,4624,-0.0891513485
42,4625,0.2782389190
42,4626,-0.0819866999
42,4627,-0.1878115337
42,4628,0.0163085657
42,4629,-0.5524274594
42,4630,-0.6312511080
42,4631,-0.7194574480
42,4632,-0.8567248108
42,4633,0.3225782760
42,4634,0.4187257592
42,4635,0.1493699674
42,4636,-0.2611219919
42,4637,0.9656960342
42,4638,0.1010964077
42,4639,0.7187256757
42,4640,0.5809080641
42,4641,0.5430274883
42,4642,-0.2006735557
42,4643,-0.0414573189
42,4644,0.7257986326
42,4645,-0.1833646489
42,4646,0.8598312429
42,4647,-0.0001196825
42,4648,-0.0322509068
42,4649,0.0297750191
42,4650,-0.7409013684
42,4651,0.0692031163
42,4652,-0.0003895374
42,4653,0.0351395472
42,4654,-0.7175247627
42,4655,0.4260751599
42,4656,-0.1572770736
42,4657,0.6275376274
42,4658,0.5103692244
42,4659,-0.1377377596
42,4660,0.2071997388
42,4661,0.1730022657
42,4662,-0.2658040175
42,4663,-0.0882673713
42,4664,0.4794457710
42,4665,-0.0648444518
42,4666,-0.3840117033
42,4667,-0.5585548705
42,4668,-0.5500396676
42,4669,0.2151155889
42,4670,0.9329227885
42,4671,-0.0587468285
42,4672,-0.2779903317
42,4673,0.2388145455
42,4674,-1.3777933856
42,4675,-0.5436208311
42,4676,0.0120990493
42,4677,-0.2029894297
42,4678,-0.4781566352
42,4679,0.0966354903
42,4680,0.0182065593
42,4681,-0.0457799204
42,4682,-0.2340047826
42,4683,0.0126114284
42,4684,-0.2838459131
42,4685,0.5150931966
42,4686,0.9018103169
42,4687,0.5412202537
42,4688,0.6109004599
42,4689,-0.1651262358
42,4690,-1.3401184139
42,4691,-0.6508178200
42,4692,-0.3452926774
42,4693,-0.4655631100
42,4694,-0.5209734489
42,4695,-0.3164149643
42,4696,0.7274499647
42,4697,-0.6929049570
42,4698,-1.1738224285
42,4699,0.7013970935
42,4700,0.6564936415
42,4701,-0.6398941222
42,4702,-0.0937023370
42,4703,-0.3067259920
42,4704,0.7220368115
42,4705,-0.5452222467
42,4706,-0.0820116481
42,4707,-0.3223308834
42,4708,-0.0701842872
42,4709,-0.1408345260
42,4710,-0.0935339352
42,4711,-0.0437512706
42,4712,-0.3619746291
42,4713,0.0842721426
42,4714,0.2191369682
42,4715,0.0914573534
42,4716,1.1462359399
42,4717,-0.1323260293
42,4718,-0.0717165991
42,4719,-0.6961929860
42,4720,-0.0697600479
42,4721,0.2665877222
42,4722,-0.7865437287
42,4723,0.6819966764
42,4724,-0.3752809409
42,4725,-0.9329258888
42,4726,0.1902176987
42,4727,0.0211027180
42,4728,0.0916489371
42,4729,-0.6050221406
42,4730,0.8317816615
42,4731,0.1286975010
42,4732,1.0896150450
42,4733,-0.3264627683
42,4734,0.7889319832
42,4735,0.0691109356
42,4736,0.5364435081
42,4737,1.1208663527
42,4738,0.3000841925
42,4739,0.4034712057
42,4740,0.4820391611
42,4741,1.2225946345
42,4742,-0.0290454800
42,4743,0.6867906046
42,4744,0.2415223005
42,4745,0.6972351932
42,4746,-0.2509475246
42,4747,-0.9856565944
42,4748,0.8250095137
42,4749,-0.4624782112
42,4750,1.6043754952
42,4751,0.0253815258
42,4752,-0.6322364103
42,4753,-0.6730776062
42,4754,0.5957815619
42,4755,0.5972364584
42,4756,-0.2227358248
42,4757,0.2790232875
42,4758,-0.4843096549
42,4759,-0.1812254352
42,4760,-0.3027176530
42,4761,0.3627028412
42,4762,-0.3241768783
42,4763,-0.2365069747
42,4764,0.1563452517
42,4765,-0.2757137108
42,4766,-0.7918298555
42,4767,-0.0334482114
42,4768,0.6295957478
42,4769,-0.0977011722
42,4770,-0.0874459382
42,4771,0.1560044692
42,4772,-0.0093495153
42,4773,-0.9135957340
42,4774,0.8472192098
42,4775,-0.4431506864
42,4776,0.0026407600
42,4777,0.9442793768
42,4778,-0.5187933827
42,4779,0.2942618655
42,4780,-0.1738638544
42,4781,1.0876763261
42,4782,-0.0617960762
42,4783,-0.2843111335
42,4784,-0.4362255433
42,4785,0.8047398939
42,4786,0.2529610881
42,4787,-0.7369112869
42,4788,-0.4435879453
42,4789,0.4753786629
42,4790,0.0683712513
42,4791,-0.5116483046
42,4792,-0.0402657703
42,4793,0.8699597089
42,4794,-0.4057167943
42,4795,-0.4349065745
42,4796,-0.5545238090
42,4797,-0.2404543812
42,4798,0.0972842452
42,4799,-0.3845970793
42,4800,0.5763537475
42,4801,-0.1230982848
42,4802,0.9825333796
42,4803,0.2150948008
42,4804,1.0158308766
42,4805,-1.0473283038
42,4806,-0.0000688447
42,4807,-0.3191955441
42,4808,0.0363984756
42,4809,0.3874224234
42,4810,-0.0155660750
42,4811,-0.2233923798
42,4812,-0.4101562664
42,4813,-0.7118223630
42,4814,-0.2135276849
42,4815,-0.6690779031
42,4816,-0.4561209738
42,4817,0.1770723141
42,4818,0.3095965874
42,4819,-0.5370752801
42,4820,0.2789312409
42,4821,-1.3597093125
42,4822,0.1926741845
42,4823,0.0159981974
42,4824,-0.5065478461
42,4825,0.7675436096
42,4826,0.2005253953
42,4827,0.5300617197
42,4828,0.7252377703
42,4829,0.0436482686
42,4830,0.9996057830
42,4831,0.5528117048
42,4832,0.1502480239
42,4833,-0.7355881022
42,4834,-0.2324433165
42,4835,-0.0169864858
42,4836,0.1147496146
42,4837,0.0109476960
42,4838,1.2799999672
42,4839,-0.3688198370
42,4840,0.1299559329
42,4841,-0.6267112671
42,4842,0.2319409884
42,4843,0.5519592738
42,4844,-0.2048228332
42,4845,0.3298140250
42,4846,0.4530358210
42,4847,-0.2155227060
42,4848,-0.2754902006
42,4849,-0.7114038591
42,4850,1.2451135953
42,4851,-0.1406089908
42,4852,-0.0049891535
42,4853,-0.4775939642
42,4854,0.7782304652
42,4855,0.0493614147
42,4856,-0.7702436367
42,4857,-0.4135934113
42,4858,1.0610617934
42,4859,0.4843826976
42,4860,0.0376904292
42,4861,0.3270241156
42,4862,-0.2202152437
42,4863,-0.1480213704
42,4864,0.0961991560
42,4865,-0.8959789604
42,4866,-0.1690019195
42,4867,-0.3900739939
42,4868,0.4795277000
42,4869,0.2124067206
42,4870,1.1902532583
42,4871,0.4260841634
42,4872,-0.6046594236
42,4873,-0.2793382999
42,4874,0.5120310829
42,4875,1.0895551512
42,4876,0.0364770279
42,4877,0.4182863428
42,4878,-0.0354597093
42,4879,0.2419108588
42,4880,-0.3635145952
42,4881,-0.0687504322
42,4882,0.4701622047
42,4883,-0.6306413312
42,4884,0.2393993398
42,4885,-0.3686130680
42,4886,0.2943506525
42,4887,0.4666664281
42,4888,-1.1655086398
42,4889,0.5492109814
42,4890,0.8256801675
42,4891,-0.4084668938
42,4892,0.2264516079
42,4893,-0.0235602748
42,4894,-0.4789037552
42,4895,-0.1043257967
42,4896,-0.9737008988
42,4897,0.4662299683
42,4898,0.0922382725
42,4899,-0.3359992411
42,4900,0.7148307685
42,4901,-0.1952293188
42,4902,-0.8845712079
42,4903,-0.4238696361
42,4904,-0.5066051186
42,4905,0.1542138406
42,4906,0.0562650600
42,4907,-0.7830884651
42,4908,-0.0540377330
42,4909,0.4261023433
42,4910,0.6018793139
42,4911,0.9682104598
42,4912,-0.5040075129
42,4913,-0.3643773286
42,4914,-0.5376690004
42,4915,0.6570504681
42,4916,-0.3839211644
42,4917,0.9957091386
42,4918,0.5042550563
42,4919,-1.1469699091
42,4920,0.3577075643
42,4921,0.4191300533
42,4922,-0.4386927346
42,4923,0.3636311321
42,4924,0.1710538396
42,4925,-0.1006113158
42,4926,-0.6581596245
42,4927,-0.1826396557
42,4928,-0.4326087957
42,4929,-0.0497932986
42,4930,-0.6903681695
42,4931,0.8919983232
42,4932,-0.2931837721
42,4933,0.4275666770
42,4934,-0.2492212927
42,4935,0.0615212286
42,4936,0.6002178174
42,4937,-0.7673846872
42,4938,-0.7910566637
42,4939,-0.7185802326
42,4940,-0.4945830685
42,4941,0.1295791427
42,4942,-0.2403963523
42,4943,-0.7592714564
42,4944,0.0490616951
42,4945,0.4729988332
42,4946,-0.3729378795
42,4947,-0.3792101628
42,4948,0.5959144295
42,4949,0.1393568414
42,4950,-0.6603803915
42,4951,-0.6891873549
42,4952,0.4099533502
42,4953,-0.2584958898
42,4954,0.8219407125
42,4955,0.0326484182
42,4956,0.2008548715
42,4957,0.6846849440
42,4958,-0.6531338926
42,4959,0.1040464303
42,4960,-1.0189294288
42,4961,0.2571654453
42,4962,0.2223359782
42,4963,0.1683909426
42,4964,0.2454980916
42,4965,0.6999170514
42,4966,-0.2989747528
42,4967,-0.9614580127
42,4968,-0.4041365361
42,4969,-0.3154390799
42,4970,1.3239717107
42,4971,0.3703605298
42,4972,0.1375796392
42,4973,-0.3748346226
42,4974,1.1774228827
42,4975,0.7822208195
42,4976,-1.0624270547
42,4977,-1.4607793998
42,4978,1.4646264867
42,4979,0.1398071258
42,4980,-0.4879516802
42,4981,0.5892675743
42,4982,0.0580540779
42,4983,0.2642027900
42,4984,-0.0230946767
42,4985,-0.2323342645
42,4986,-0.3876902919
42,4987,0.3321064268
42,4988,0.2199946196
42,4989,-0.6333073695
42,4990,0.3012012996
42,4991,0.2877425314
42,4992,-0.3424030641
42,4993,0.2947265240
42,4994,-0.3267852783
42,4995,-0.7190910957
42,4996,0.5765011625
42,4997,0.1450585711
42,4998,-0.0339956629
42,4999,-0.9623168242
42,5000,-0.2085348150
42,5001,-0.3355512185
42,5002,0.5268256300
42,5003,-0.3068336161
42,5004,-0.2535717871
42,5005,0.4578973577
42,5006,-0.1769313370
42,5007,-1.0041802078
42,5008,0.3987199217
42,5009,-0.0393010652
42,5010,-0.0510793389
42,5011,-0.6265057672
42,5012,0.2481287567
42,5013,0.3495425040
42,5014,0.0523860727
42,5015,-0.0010625378
42,5016,-0.7834035893
42,5017,0.5289666311
42,5018,0.2892420600
42,5019,0.4699595454
42,5020,0.0040544739
42,5021,-0.0548352439
42,5022,-0.1746251352
42,5023,0.4361792136
42,5024,0.2328743681
42,5025,-0.4844303739
42,5026,0.9067411928
42,5027,-0.2613957644
42,5028,-0.2337299326
42,5029,0.2778591812
42,5030,0.9755973423
42,5031,-0.3831497836
42,5032,0.0595200204
42,5033,-1.0873997679
42,5034,-0.6694467860
42,5035,-0.5637450699
42,5036,-0.2377744795
42,5037,-0.2368662846
42,5038,0.9439504836
42,5039,-0.7844352003
42,5040,0.0633247533
42,5041,-0.5771659738
42,5042,-0.6917702915
42,5043,0.8581728679
42,5044,0.6021417629
42,5045,-0.3892763460
42,5046,0.1925612409
42,5047,-1.2625662182
42,5048,-0.1974487270
42,5049,-0.0778706343
42,5050,0.1590199005
42,5051,-0.1030262708
42,5052,-0.6112426076
42,5053,-0.0557970938
42,5054,0.6573820391
42,5055,-0.0876598698
42,5056,-0.7334485165
42,5057,0.5440328205
42,5058,-0.1998820698
42,5059,-0.1971044434
42,5060,-0.0032093673
42,5061,1.2223414950
42,5062,-0.6153237988
42,5063,0.7833090947
42,5064,-0.5693117766
42,5065,0.2515766011
42,5066,0.7143978771
42,5067,-0.4319024664
42,5068,0.4766318013
42,5069,0.2669139377
42,5070,0.2936018648
42,5071,0.3364419565
42,5072,0.5559293894
42,5073,-0.7729611135
42,5074,0.1300923320
42,5075,-0.7548974162
42,5076,-0.3765018538
42,5077,-0.1607070593
42,5078,-0.4607357741
42,5079,-0.3118990371
42,5080,0.1115286503
42,5081,0.4290424094
42,5082,0.5423477205
42,5083,0.5738179855
42,5084,-0.5768094287
42,5085,-0.5867517465
42,5086,0.2073240459
42,5087,0.3971813563
42,5088,-0.5728993125
42,5089,0.2472775494
42,5090,0.7589731686
42,5091,0.2019384684
42,5092,-0.1612330010
42,5093,-0.2734110527
42,5094,-0.3224048129
42,5095,0.1500108024
42,5096,-0.1215031308
42,5097,-0.2075289646
42,5098,1.2309705610
42,5099,-0.2810789591
42,5100,0.2657427263
42,5101,0.8589477681
42,5102,0.1985139115
42,5103,0.6790635101
42,5104,0.3454554053
42,5105,0.1611259996
42,5106,-0.9111007006
42,5107,0.4484397850
42,5108,-0.7012219919
42,5109,-0.8465212717
42,5110,0.8368872121
42,5111,-0.1058670056
42,5112,-0.4393436104
42,5113,0.4414294438
42,5114,0.2253776548
42,5115,0.0038018817
42,5116,-0.5566075453
42,5117,-0.2276503041
42,5118,-1.0070745172
42,5119,0.2367412870
42,5120,-0.1141388099
42,5121,-0.2151182331
42,5122,0.3598827856
42,5123,0.4719847379
42,5124,0.2599076333
42,5125,0.9472029219
42,5126,0.0883337274
42,5127,0.1490434107
42,5128,-0.1789115118
42,5129,-0.2411310918
42,5130,0.0425225158
42,5131,0.4206405987
42,5132,-0.3009930167
42,5133,-0.3476862691
42,5134,-0.3505258480
42,5135,-0.7217163951
42,5136,-0.0684796624
42,5137,-0.5783707302
42,5138,-0.1314267784
42,5139,0.6251261184
42,5140,0.5079312845
42,5141,0.2137318463
42,5142,0.3954904281
42,5143,0.2254659639
42,5144,0.7244739695
42,5145,-0.3442209373
42,5146,0.3014486486
42,5147,0.4240790597
42,5148,0.1414973900
42,5149,0.8562663163
42,5150,-0.2694480329
42,5151,-0.4892597290
42,5152,-0.1468634135
42,5153,-0.9689294592
42,5154,-0.0360469044
42,5155,0.2978913604
42,5156,0.1810081360
42,5157,0.1106848318
42,5158,0.1198029153
42,5159,-0.0638541464
42,5160,-0.0070587587
42,5161,0.6256960120
42,5162,0.3632544157
42,5163,-0.1235496585
42,5164,0.3836024766
42,5165,-0.0191801224
42,5166,0.0092428444
42,5167,1.4159183286
42,5168,0.1095988597
42,5169,-0.5648960193
42,5170,-1.0095046559
42,5171,-0.0430838006
42,5172,-0.1729619383
42,5173,0.6690443078
42,5174,-0.1590914165
42,5175,-0.4859160445
42,5176,0.0347849681
42,5177,1.1436167980
42,5178,0.9222003160
42,5179,1.0340781830
42,5180,-0.7569620434
42,5181,0.5336036384
42,5182,-0.3854525193
42,5183,-0.1929720485
42,5184,-0.2339850058
42,5185,-0.2791883193
42,5186,-0.6021711611
42,5187,-0.1757580919
42,5188,0.5948496173
42,5189,1.0589884334
42,5190,-0.2351027701
42,5191,-0.7723068475
42,5192,-0.8740910477
42,5193,0.1660716182
42,5194,0.6727055762
42,5195,0.1494588332
42,5196,-0.4895851382
42,5197,-0.0772505755
42,5198,0.5385882748
42,5199,0.0393456027
42,5200,-0.0265793110
42,5201,-0.3235104860
42,5202,-0.2849433898
42,5203,0.3694340989
42,5204,0.1897562783
42,5205,-0.9086429726
42,5206,-0.0781709803
42,5207,0.3269839484
42,5208,-0.0881555877
42,5209,-0.2011070116
42,5210,-0.6503637686
42,5211,-1.1101112600
42,5212,0.2230974805
42,5213,0.2779464828
42,5214,0.7965633577
42,5215,-0.6625503567
42,5216,0.5624475274
42,5217,0.9611655233
42,5218,0.4353974153
42,5219,0.2921770878
42,5220,-0.0222313944
42,5221,0.0377672670
42,5222,-0.6636869216
42,5223,0.1631106868
42,5224,0.1177880699
42,5225,0.4418025601
42,5226,-0.0274544871
42,5227,-0.6246643776
42,5228,0.1286075606
42,5229,0.2160880187
42,5230,-0.9353673635
42,5231,0.2158776573
42,5232,0.0676661530
42,5233,-0.2174776945
42,5234,0.2875579669
42,5235,-0.0844706866
42,5236,0.2941385351
42,5237,-0.6361780882
42,5238,-0.5910386683
42,5239,-0.7482739196
42,5240,-0.3549315260
42,5241,-0.4885519712
42,5242,-0.2756555694
42,5243,0.1208213739
42,5244,-0.4375247055
42,5245,-0.2407064897
42,5246,-0.6625243126
42,5247,-0.2487575364
42,5248,0.1431172698
42,5249,-0.1652435757
42,5250,-0.6733826281
42,5251,-0.4939732720
42,5252,0.1203593977
42,5253,-0.1361884804
42,5254,-0.6154242983
42,5255,0.6608787317
42,5256,-0.9873845088
42,5257,-0.4560618219
42,5258,0.3316422840
42,5259,0.1806790772
42,5260,-0.2094493617
42,5261,0.6013087940
42,5262,0.1993542871
42,5263,-0.1333576514
42,5264,0.2668331709
42,5265,1.0321920076
42,5266,0.3358119467
42,5267,0.0315208299
42,5268,-1.0029067671
42,5269,0.3047802910
42,5270,-0.2070240960
42,5271,0.0133314690
42,5272,1.1905880378
42,5273,-0.0740759550
42,5274,-0.4509990788
42,5275,0.1815484803
42,5276,-0.3189187315
42,5277,0.4618530834
42,5278,-0.5981565440
42,5279,-0.2573790450
42,5280,-0.9595689355
42,5281,0.2478776931
42,5282,0.0894545829
42,5283,-0.0721150857
42,5284,-0.7412838431
42,5285,-0.4756301255
42,5286,-0.8989091730
42,5287,0.2769777107
42,5288,-0.9933784267
42,5289,0.2215953021
42,5290,0.8097584718
42,5291,-0.6096985181
42,5292,-0.8583592798
42,5293,0.0055219695
42,5294,0.0571144261
42,5295,0.3112150966
42,5296,0.2324763932
42,5297,0.1220154597
42,5298,0.3462445593
42,5299,-0.2269833121
42,5300,-0.3785959048
42,5301,0.3835084751
42,5302,-0.0535006426
42,5303,0.2192822623
42,5304,0.4163319613
42,5305,0.5326386140
42,5306,0.2354088982
42,5307,-0.0526258705
42,5308,0.2025270666
42,5309,0.2037750490
42,5310,-0.6555864906
42,5311,-0.5693923693
42,5312,0.5567344317
42,5313,0.4085471827
42,5314,-0.4454393353
42,5315,0.4430900295
42,5316,0.0591555914
42,5317,0.4670033034
42,5318,0.1536315646
42,5319,-0.9279198140
42,5320,0.2113572962
42,5321,-0.5484182429
42,5322,-0.5866965284
42,5323,-0.2789999321
42,5324,0.2577267317
42,5325,0.7305082596
42,5326,0.0462594188
42,5327,-0.5214968514
42,5328,0.0325671235
42,5329,0.3758273252
42,5330,-0.0899856788
42,5331,0.2626513690
42,5332,0.6357695891
42,5333,0.6021520999
42,5334,-0.0603040393
42,5335,0.5911650134
42,5336,-0.6764810472
42,5337,-1.0546815916
42,5338,-0.7841033459
42,5339,0.0366732641
42,5340,0.4952007037
42,5341,-0.9401763999
42,5342,0.7054665192
42,5343,-0.0916704175
42,5344,-0.1697012271
42,5345,0.4761969757
42,5346,-0.1431963529
42,5347,-0.2413686318
42,5348,0.0531403467
42,5349,-0.5214881507
42,5350,0.0546495882
42,5351,-0.6545816925
42,5352,-0.1063547809
42,5353,0.2276751637
42,5354,0.3128443984
42,5355,-0.2048914260
42,5356,-0.5350755822
42,5357,-0.7423969456
42,5358,-0.3021029576
42,5359,0.9959717328
42,5360,0.0514142458
42,5361,0.2103054800
42,5362,0.2294338029
42,5363,-0.3139279674
42,5364,0.0471611639
42,5365,0.2801391147
42,5366,-0.2271429628
42,5367,-0.6234277592
42,5368,-0.3242104382
42,5369,0.4262598720
42,5370,0.1923369722
42,5371,-0.0248794517
42,5372,1.0489698521
42,5373,-0.8388200169
42,5374,-0.1885954327
42,5375,0.7426673663
42,5376,0.1647915863
42,5377,0.0427382921
42,5378,0.9704065711
42,5379,-0.3299511943
42,5380,0.4436224261
42,5381,0.3027150636
42,5382,-0.0096597192
42,5383,0.3505986992
42,5384,0.2758936901
42,5385,0.2579438633
42,5386,0.1426174872
42,5387,0.5388269067
42,5388,0.1885967957
42,5389,-0.3995565182
42,5390,-0.7464604178
42,5391,0.1697207702
42,5392,-1.1162379560
42,5393,-0.2187522521
42,5394,-0.3636113960
42,5395,-0.0600077421
42,5396,-0.5559069710
42,5397,-0.4088916336
42,5398,0.2174643917
42,5399,0.2283680092
42,5400,0.7167027961
42,5401,-0.2310860751
42,5402,0.2190385891
42,5403,-0.5304395729
42,5404,-0.1398663197
42,5405,1.0136848886
42,5406,0.1623304969
42,5407,-0.4079224515
42,5408,0.7639553459
42,5409,0.4563652940
42,5410,0.5195258222
42,5411,-0.3434140173
42,5412,-0.3193688692
42,5413,0.2515562277
42,5414,0.4181373314
42,5415,-0.1354760604
42,5416,-0.6196998090
42,5417,-0.2081591892
42,5418,0.2831632837
42,5419,0.0677697375
42,5420,0.5365462553
42,5421,0.3861215191
42,5422,-0.5285090552
42,5423,-0.1996019373
42,5424,0.1850814427
42,5425,0.4540313271
42,5426,0.9768432426
42,5427,0.4452529696
42,5428,-0.1764132533
42,5429,-0.9182185061
42,5430,0.9561790838
42,5431,-0.7778748729
42,5432,-0.1449841365
42,5433,0.8465324056
42,5434,0.1470365845
42,5435,0.7754783281
42,5436,0.3470411887
42,5437,0.2404301442
42,5438,0.3123480850
42,5439,-0.0061086499
42,5440,0.0574364692
42,5441,-0.6661481133
42,5442,0.3404728222
42,5443,-0.4165917199
42,5444,-0.4417239827
42,5445,-0.2921289888
42,5446,0.2834070971
42,5447,0.1977331558
42,5448,-0.5004796284
42,5449,-0.6884105153
42,5450,-0.3251623718
42,5451,-0.0172168716
42,5452,-0.8466113150
42,5453,0.5940993515
42,5454,0.6245489528
42,5455,-0.0440209722
42,5456,-0.1472504629
42,5457,-0.8051857115
42,5458,-0.4839187439
42,5459,-0.3631732725
42,5460,-0.0579080602
42,5461,0.3401443586
42,5462,-0.3451348131
42,5463,0.3534492223
42,5464,1.1133169114
42,5465,0.5794062995
42,5466,0.0064137989
42,5467,-0.8889818219
42,5468,-0.2085427245
42,5469,-0.2252765630
42,5470,0.8244297348
42,5471,0.1735046885
42,5472,-0.0616940194
42,5473,0.0003730591
42,5474,-0.1687746023
42,5475,-0.5010593717
42,5476,0.3119777584
42,5477,0.0913417414
42,5478,0.6496250627
42,5479,0.2704767230
42,5480,0.2201708205
42,5481,0.9177195065
42,5482,0.1551877593
42,5483,-0.6319121883
42,5484,0.0373608199
42,5485,-0.3043793334
42,5486,-0.3067722551
42,5487,-0.2531677928
42,5488,0.3617433482
42,5489,-0.7263674051
42,5490,0.3189735124
42,5491,0.4690353001
42,5492,0.9031617774
42,5493,-0.4919244532
42,5494,1.1448922847
42,5495,0.2375021734
42,5496,0.3578090068
42,5497,-0.0522583518
42,5498,0.1100565840
42,5499,-0.0306538489
42,5500,0.1170819470
42,5501,0.5438472653
42,5502,-0.0081891919
42,5503,0.0566939929
42,5504,-0.4519127652
42,5505,-0.1029873285
42,5506,-0.1211493525
42,5507,-0.9487305542
42,5508,0.8955499919
42,5509,0.3475806131
42,5510,0.3482581675
42,5511,0.1781304597
42,5512,-0.5010889792
42,5513,0.0362753179
42,5514,-0.5054636004
42,5515,0.1548784832
42,5516,-0.0828342255
42,5517,-0.5706160073
42,5518,0.3747739530
42,5519,-0.3751354324
42,5520,-0.2364933427
42,5521,0.4986464735
42,5522,-0.0371124818
42,5523,0.1955556775
42,5524,-0.3501180473
42,5525,-0.1037941609
42,5526,0.6311828465
42,5527,-0.4251457890
42,5528,0.1412963162
42,5529,-0.3892902422
42,5530,0.6743178940
42,5531,0.3724063864
42,5532,0.8500200675
42,5533,0.8502504505
42,5534,0.5822065451
42,5535,0.5967626933
42,5536,0.1795612308
42,5537,0.7857517111
42,5538,0.4409321114
42,5539,0.0850042447
42,5540,0.5092590628
42,5541,0.1337078431
42,5542,0.5053127377
42,5543,0.1815177122
42,5544,0.0718008593
42,5545,-0.5721343466
42,5546,-0.2047143287
42,5547,0.0758174764
42,5548,-0.3013099211
42,5549,-0.7536431569
42,5550,-0.2738070267
42,5551,0.2351278170
42,5552,-0.8322472108
42,5553,-0.4697424419
42,5554,0.3196194341
42,5555,0.1365094284
42,5556,-0.3458028734
42,5557,0.1320848642
42,5558,-0.1084744064
42,5559,0.3069555627
42,5560,0.4348550064
42,5561,0.1214674853
42,5562,0.2884488501
42,5563,0.3764634084
42,5564,0.3762511654
42,5565,-0.2326912166
42,5566,-0.0880589455
42,5567,0.9293259373
42,5568,0.0270110098
42,5569,-0.1945201025
42,5570,-0.4717096646
42,5571,0.2288621339
42,5572,-0.5462611232
42,5573,-0.0963515495
42,5574,-0.4433411860
42,5575,-1.2238130287
42,5576,0.0563893399
42,5577,-0.4894366405
42,5578,-0.2532052803
42,5579,0.7920109904
42,5580,0.3573853748
42,5581,-0.8309837262
42,5582,-0.1184176521
42,5583,-0.2390799080
42,5584,0.5782319946
42,5585,0.5082280581
42,5586,0.8035241115
42,5587,0.9504413590
42,5588,0.1454129243
42,5589,0.5277041811
42,5590,-0.4917577682
42,5591,-0.3842581645
42,5592,0.2694807736
42,5593,-0.7758313356
42,5594,-0.4210905938
42,5595,0.7260564557
42,5596,-0.0598864840
42,5597,-0.6166590614
42,5598,0.7100827954
42,5599,-0.3007073612
42,5600,0.0501976788
42,5601,0.3036047772
42,5602,-0.5436201486
42,5603,-0.4183023804
42,5604,-0.5311781283
42,5605,0.0736446059
42,5606,-0.5845172307
42,5607,0.4501120186
42,5608,0.9131429901
42,5609,-0.1921605442
42,5610,-0.1941418185
42,5611,0.4595244016
42,5612,0.4356191637
42,5613,-0.3538242031
42,5614,-0.0593494973
42,5615,0.5331032359
42,5616,0.5462446849
42,5617,0.3291699878
42,5618,0.1999148753
42,5619,0.1420568663
42,5620,0.2005775353
42,5621,-0.6103996166
42,5622,-0.1184763680
42,5623,0.0383141797
42,5624,0.2552078577
42,5625,0.0832509803
42,5626,-0.1997488601
42,5627,-0.5276571322
42,5628,0.4768803489
42,5629,-0.5252280167
42,5630,0.3106493442
42,5631,0.2136215696
42,5632,-0.2041843823
42,5633,-0.3706758691
42,5634,0.9098030810
42,5635,-0.3124973239
42,5636,0.4711437104
42,5637,-0.1034918115
42,5638,-0.5216008385
42,5639,-0.6112528645
42,5640,-0.6640046929
42,5641,0.2577202418
42,5642,0.0942393732
42,5643,1.1350415410
42,5644,-0.0614494325
42,5645,-0.2679702927
42,5646,-0.4914651464
42,5647,-0.2709546694
42,5648,-1.2132813785
42,5649,0.1360941973
42,5650,0.7745827121
42,5651,-0.0205305470
42,5652,0.9103087884
42,5653,0.4504347325
42,5654,-0.2757135741
42,5655,1.0731434335
42,5656,-0.4494709174
42,5657,0.0332572047
42,5658,0.6741788667
42,5659,0.7120329355
42,5660,0.6240137873
42,5661,-0.3460719562
42,5662,0.1928838569
42,5663,-0.2344121068
42,5664,-0.0773475943
42,5665,-0.5965352338
42,5666,0.3943376165
42,5667,1.2763721012
42,5668,0.1425714159
42,5669,0.4452450723
42,5670,0.1353932132
42,5671,-0.1360436763
42,5672,-0.1264701384
42,5673,0.4671062412
42,5674,0.1694591062
42,5675,0.4600026926
42,5676,1.0141218842
42,5677,0.1358465814
42,5678,0.0963140092
42,5679,-0.7200327373
42,5680,-0.0137428014
42,5681,-0.0818246846
42,5682,-0.1219396587
42,5683,-0.7910567654
42,5684,0.1502859275
42,5685,-0.2452570525
42,5686,-0.1561244367
42,5687,0.5127331961
42,5688,0.4755546532
42,5689,0.1765852005
42,5690,-0.5466998107
42,5691,0.1777751475
42,5692,-0.8487879352
42,5693,1.0910581863
42,5694,-0.8639027381
42,5695,0.9008629290
42,5696,-0.1649348837
42,5697,0.5865445516
42,5698,1.3036278375
42,5699,0.3795168567
42,5700,0.4104862309
42,5701,-0.1138219061
42,5702,-0.2643392089
42,5703,-0.3858752110
42,5704,1.1516871110
42,5705,0.1110293181
42,5706,0.0625004391
42,5707,0.2066409605
42,5708,-0.1534005645
42,5709,-0.1662133971
42,5710,0.3151338879
42,5711,-0.7635782852
42,5712,-0.2073092464
42,5713,-0.8942173898
42,5714,-0.0539647035
42,5715,-0.2664232106
42,5716,0.1750702367
42,5717,0.3019777246
42,5718,-0.4083280569
42,5719,-0.2278976707
42,5720,-0.1999717604
42,5721,-0.4383142689
42,5722,-0.1226007315
42,5723,-0.1239372506
42,5724,0.0794814402
42,5725,0.8751695082
42,5726,0.4902935831
42,5727,-0.0450127653
42,5728,0.6311089767
42,5729,-0.2786966923
42,5730,-0.4194031364
42,5731,-1.2217852798
42,5732,0.8471632645
42,5733,0.5700848137
42,5734,0.7032565022
42,5735,-0.0729727933
42,5736,0.0665085603
42,5737,0.7510547154
42,5738,-0.9801453546
42,5739,-0.5884497868
42,5740,0.0482592749
42,5741,-0.5085197158
42,5742,-0.6872445408
42,5743,0.0535808711
42,5744,-0.5538989250
42,5745,1.1124883944
42,5746,0.2727237618
42,5747,-0.1716920938
42,5748,0.3896603010
42,5749,0.3260884925
42,5750,-0.9864763029
42,5751,0.1658071104
42,5752,0.6442586786
42,5753,-0.4137631017
42,5754,-0.0536995941
42,5755,-0.8738894800
42,5756,0.7753457019
42,5757,0.7448759321
42,5758,-0.1067076344
42,5759,-0.0773798373
42,5760,0.1710409052
42,5761,-0.2664195384
42,5762,0.0172685524
42,5763,-0.5694126954
42,5764,0.4137607688
42,5765,-0.1352082537
42,5766,-1.0284396545
42,5767,0.4351680560
42,5768,0.5964083489
42,5769,0.5830792557
42,5770,-0.2743710265
42,5771,-0.8054903510
42,5772,-0.5489906273
42,5773,0.8202132366
42,5774,-0.2833171752
42,5775,1.1299066532
42,5776,0.0708458474
42,5777,0.7132569981
42,5778,0.5492602785
42,5779,0.2185244684
42,5780,0.3371245216
42,5781,-0.5908544017
42,5782,-0.2751645266
42,5783,0.1408728982
42,5784,-0.3768575565
42,5785,-0.8004854572
42,5786,0.4981032418
42,5787,0.5178733971
42,5788,0.8561684738
42,5789,-0.7216649956
42,5790,-0.9890823557
42,5791,0.5794888314
42,5792,0.3205105906
42,5793,-0.0667022758
42,5794,0.4410879355
42,5795,0.3333656513
42,5796,0.0487619392
42,5797,-0.6885999254
42,5798,-0.2472813078
42,5799,0.6949126483
42,5800,-0.0686435438
42,5801,0.3386884856
42,5802,-0.1525630950
42,5803,-0.5228168204
42,5804,-0.0823638566
42,5805,-1.2464132534
42,5806,-1.2293542743
42,5807,-0.3009002491
42,5808,0.0686518576
42,5809,0.6199204403
42,5810,-0.4163900531
42,5811,-0.1386911504
42,5812,-0.2272146236
42,5813,-0.7451830956
42,5814,-0.5414397903
42,5815,0.1953243745
42,5816,0.8291605880
42,5817,-0.1164672814
42,5818,0.4301070610
42,5819,-0.8889460601
42,5820,-0.0160118636
42,5821,-0.3036537734
42,5822,0.2622934409
42,5823,0.6417623358
42,5824,-0.2571667253
42,5825,-0.0016558392
42,5826,0.7354450588
42,5827,0.0057679200
42,5828,1.1639862285
42,5829,0.4271405979
42,5830,-0.3220044656
42,5831,-0.1842053884
42,5832,-0.5001011243
42,5833,0.2624858617
42,5834,-0.6387820534
42,5835,0.2128321891
42,5836,0.9377468349
42,5837,-0.4902464220
42,5838,0.2270369502
42,5839,0.0540669774
42,5840,0.1097569332
42,5841,0.0897069017
42,5842,0.0801988733
42,5843,-0.0544285850
42,5844,0.7630430607
42,5845,0.1491510492
42,5846,0.5005612490
42,5847,0.4444186141
42,5848,1.0512748264
42,5849,-0.7870896705
42,5850,0.4312702453
42,5851,-0.6171474775
42,5852,0.9580154758
42,5853,0.4451323597
42,5854,-0.2864433782
42,5855,-0.5752066491
42,5856,0.4664308252
42,5857,-0.1803092090
42,5858,0.1810757339
42,5859,0.3867269164
42,5860,0.3703779901
42,5861,-0.1689766395
42,5862,-0.4244073552
42,5863,-0.2712057876
42,5864,0.6937774862
42,5865,0.7326253318
42,5866,-0.9199320754
42,5867,-0.2009966310
42,5868,-0.5914578710
42,5869,0.5492402621
42,5870,-0.3082229570
42,5871,0.7671589863
42,5872,0.1320231525
42,5873,0.5079548093
42,5874,-0.5984758799
42,5875,-0.0774758308
42,5876,-0.1063819130
42,5877,0.3445458294
42,5878,0.5293059133
42,5879,-0.2277877155
42,5880,-0.1503928873
42,5881,0.2928570951
42,5882,0.3610321884
42,5883,0.2197595330
42,5884,0.6528357686
42,5885,0.4966447988
42,5886,-0.0993272897
42,5887,0.3564013425
42,5888,0.8797575844
42,5889,-0.1938433235
42,5890,-0.2685871076
42,5891,-0.1723189587
42,5892,-0.0393272992
42,5893,-0.0894443144
42,5894,0.6264919390
42,5895,-0.2853651962
42,5896,1.0394829339
42,5897,-0.5637651338
42,5898,-0.0415877327
42,5899,-0.0116843059
42,5900,0.0549246860
42,5901,0.0029723413
42,5902,0.7158908956
42,5903,-0.2433484526
42,5904,-0.1680142835
42,5905,-0.2945170955
42,5906,-0.5482357991
42,5907,0.8098795288
42,5908,0.0572547562
42,5909,0.1992955223
42,5910,-0.5356700783
42,5911,-0.1209205907
42,5912,-0.6322849455
42,5913,0.4694134676
42,5914,-0.0637320827
42,5915,1.1833921611
42,5916,-0.1969403360
42,5917,0.5049617019
42,5918,0.6652866382
42,5919,-0.3823648892
42,5920,-0.6815148330
42,5921,-0.3005389110
42,5922,0.0843879098
42,5923,0.7461717227
42,5924,0.2326041652
42,5925,0.0874422045
42,5926,1.0104384606
42,5927,-1.0769050275
42,5928,-0.1642404407
42,5929,-0.0284348114
42,5930,0.2111108284
42,5931,0.4567604722
42,5932,-0.0173235903
42,5933,0.7232563069
42,5934,-0.2012786660
42,5935,0.1660727951
42,5936,0.6156897523
42,5937,-0.0667936136
42,5938,0.5044531943
42,5939,0.6491737436
42,5940,0.5944295756
42,5941,0.4526348076
42,5942,0.3719972137
42,5943,0.3344264469
42,5944,0.5301771463
42,5945,0.2679177098
42,5946,-0.6804779014
42,5947,-0.5389576863
42,5948,-1.0555126406
42,5949,1.3901465018
42,5950,-0.3319676507
42,5951,-0.6343996421
42,5952,0.8032495101
42,5953,1.0085374194
42,5954,0.6206674910
42,5955,0.3228531490
42,5956,0.5997702514
42,5957,0.1511864494
42,5958,-0.8468320318
42,5959,1.1202029193
42,5960,-0.2812363374
42,5961,0.4276043088
42,5962,-0.5995324439
42,5963,-1.4407979222
42,5964,-0.3135153394
42,5965,0.9284960083
42,5966,0.0584915876
42,5967,0.6623678784
42,5968,-0.4655669581
42,5969,-1.0501944600
42,5970,-0.1257632034
42,5971,0.2555031592
42,5972,-0.2658619361
42,5973,-1.2471614451
42,5974,-0.2017214171
42,5975,0.0784689184
42,5976,-0.1255843086
42,5977,0.2972313202
42,5978,-0.0132079911
42,5979,0.1307517034
42,5980,0.0920338833
42,5981,-0.4837173873
42,5982,0.0385147621
42,5983,0.0783290450
42,5984,-1.1867988475
42,5985,0.4141155316
42,5986,-0.6237613010
42,5987,0.3449824186
42,5988,0.5847527149
42,5989,0.9835256787
42,5990,0.5692147079
42,5991,0.6006642724
42,5992,0.4928794240
42,5993,-0.2326223941
42,5994,-1.1476046521
42,5995,-0.2228186477
42,5996,-0.9311352516
42,5997,-0.2767344914
42,5998,-0.2912614635
42,5999,-0.2498394403
42,6000,0.4482150847
42,6001,0.7945233886
42,6002,0.3041580766
42,6003,-0.1749166343
42,6004,0.0837208441
42,6005,-0.3167275070
42,6006,-0.0123201937
42,6007,0.2970782268
42,6008,-0.3728814482
42,6009,0.1954384953
42,6010,-0.1160985507
42,6011,0.6077004881
42,6012,0.6319352470
42,6013,1.3324614373
42,6014,-0.3768128054
42,6015,-0.2875377338
42,6016,0.7285902854
42,6017,0.8603017436
42,6018,-1.0925455451
42,6019,-0.3923201051
42,6020,-0.3445926517
42,6021,0.3392757861
42,6022,-0.4812156289
42,6023,-0.6517346706
42,6024,-0.0413145669
42,6025,0.8812812677
42,6026,0.3045540648
42,6027,0.3262344174
42,6028,0.7406811827
42,6029,1.1061078605
42,6030,0.0397781670
42,6031,0.5063792608
42,6032,-0.3264549472
42,6033,0.5130337396
42,6034,-0.0010315925
42,6035,0.6972724334
42,6036,-0.5545373228
42,6037,0.1848555402
42,6038,0.9262137258
42,6039,0.7122033320
42,6040,-0.3312138076
42,6041,-0.9797528050
42,6042,-0.8025236748
42,6043,-0.2191643730
42,6044,0.1458845611
42,6045,0.3789576286
42,6046,-0.2046227699
42,6047,0.3671021353
42,6048,-0.1476860598
42,6049,-0.6263428669
42,6050,-0.1149373035
42,6051,0.1912663432
42,6052,-0.6884614859
42,6053,0.0992671868
42,6054,-0.6588062866
42,6055,0.8819729155
42,6056,0.1737556081
42,6057,0.3685056626
42,6058,0.5108426501
42,6059,0.1856060742
42,6060,0.0072337300
42,6061,-0.0856142418
42,6062,-0.4738614495
42,6063,0.2910316804
42,6064,0.1161795539
42,6065,0.1255732557
42,6066,-0.0187412507
42,6067,0.2624369336
42,6068,0.3471151954
42,6069,0.1187357225
42,6070,-1.1698490558
42,6071,-0.4452908227
42,6072,0.8859827446
42,6073,-0.4519034485
42,6074,-0.2887361482
42,6075,-0.2791438447
42,6076,0.4422515530
42,6077,0.8883640798
42,6078,0.4254075513
42,6079,-0.0894674736
42,6080,-0.2549352740
42,6081,0.1159293767
42,6082,-0.0293970332
42,6083,0.4734319681
42,6084,-1.0562436295
42,6085,-0.2477500241
42,6086,-0.4729930818
42,6087,0.2578079210
42,6088,-0.2710315969
42,6089,0.0857541939
42,6090,-0.3836024380
42,6091,0.3186849583
42,6092,-0.0463617057
42,6093,0.0513787897
42,6094,0.2398245644
42,6095,0.4708041827
42,6096,0.1506725166
42,6097,-0.1019911859
42,6098,0.7491564942
42,6099,0.1675644169
42,6100,0.3061995590
42,6101,-0.2842825651
42,6102,-0.3048460813
42,6103,-0.2268984111
42,6104,0.3988646464
42,6105,-0.2772919673
42,6106,0.6125405875
42,6107,0.9355226665
42,6108,1.1167303381
42,6109,0.1225010140
42,6110,1.2362640291
42,6111,0.8317372703
42,6112,-0.8388416367
42,6113,-0.5651588595
42,6114,0.3319486465
42,6115,0.1410872955
42,6116,0.3614877803
42,6117,-0.5607981660
42,6118,-0.0033960132
42,6119,-0.0593456498
42,6120,0.4675412551
42,6121,0.7153034281
42,6122,0.7727290721
42,6123,-0.1071813597
42,6124,-0.1091298265
42,6125,0.2491304398
42,6126,0.3566816454
42,6127,-0.4632970066
42,6128,-0.4997026745
42,6129,-0.0493866703
42,6130,0.3340103968
42,6131,1.0730243974
42,6132,0.5630115518
42,6133,-0.8793969176
42,6134,0.5055705866
42,6135,0.5050333502
42,6136,0.0388315608
42,6137,-0.7850201142
42,6138,-0.8778652123
42,6139,0.2417690093
42,6140,-0.7018368712
42,6141,1.2438734841
42,6142,0.6560314745
42,6143,0.2577598186
42,6144,0.1290095441
42,6145,0.7638675844
42,6146,0.1829508369
42,6147,0.4776772260
42,6148,-0.0201336196
42,6149,0.4468065875
42,6150,0.5379517867
42,6151,-0.3262588925
42,6152,-0.0542528755
42,6153,-0.1365142111
42,6154,-0.3481768407
42,6155,0.2649923809
42,6156,0.6991185409
42,6157,-0.6041188620
42,6158,-0.0428442994
42,6159,0.1667958312
42,6160,0.3927064080
42,6161,1.0779709787
42,6162,0.9410306858
42,6163,-1.0737462807
42,6164,0.4100542128
42,6165,0.1375815013
42,6166,0.8552137822
42,6167,-0.9561700950
42,6168,-0.1278931501
42,6169,-0.3093257235
42,6170,0.0918016685
42,6171,-0.1593208085
42,6172,0.0067063076
42,6173,0.0579790059
42,6174,0.3050324052
42,6175,0.1492754878
42,6176,0.2550186693
42,6177,0.5685023152
42,6178,-0.9713167407
42,6179,-0.5768061538
42,6180,0.6701678401
42,6181,0.9017058191
42,6182,-0.1446961950
42,6183,0.4751781844
42,6184,-0.4587931792
42,6185,-0.4195845986
42,6186,-0.3759936372
42,6187,0.8095883816
42,6188,0.3284592730
42,6189,1.2835027028
42,6190,-0.1469352704
42,6191,0.4829379009
42,6192,-0.2793335487
42,6193,-0.6813592648
42,6194,0.4353957426
42,6195,0.2141832556
42,6196,0.1126786244
42,6197,-0.5222728150
42,6198,0.0801005385
42,6199,0.0519947598
42,6200,0.6918962969
42,6201,0.1286323526
42,6202,-0.8571796069
42,6203,0.7142027695
42,6204,0.0362951001
42,6205,-0.1401991507
42,6206,0.6090341411
42,6207,0.0156874203
42,6208,0.1112453877
42,6209,-1.0342015839
42,6210,0.7732553553
42,6211,-0.6239413716
42,6212,0.4310585693
42,6213,-0.0514152637
42,6214,0.5162736864
42,6215,-0.0161397764
42,6216,-0.3072864838
42,6217,-0.0490303452
42,6218,0.0601361341
42,6219,0.6787593544
42,6220,0.5464781546
42,6221,-0.8111172414
42,6222,-0.0594104411
42,6223,0.3729032936
42,6224,-0.8100500969
42,6225,0.9467385359
42,6226,0.1555328171
42,6227,0.4522734565
42,6228,-0.3383276256
42,6229,-0.1994284357
42,6230,0.3369371787
42,6231,-0.9671746766
42,6232,0.7504991834
42,6233,0.5170923744
42,6234,0.2889169172
42,6235,0.7576839023
42,6236,0.1117015529
42,6237,-0.4727437765
42,6238,-0.1451055375
42,6239,0.0541418469
42,6240,0.2090888338
42,6241,-0.2687525021
42,6242,-0.2880574331
42,6243,0.5896462343
42,6244,-0.2357468320
42,6245,0.5748697231
42,6246,0.3141304710
42,6247,-0.5277810961
42,6248,-0.2680554537
42,6249,-0.8011496670
42,6250,-0.0512257207
42,6251,0.0347930580
42,6252,0.5956084453
42,6253,-0.1956167094
42,6254,0.8032732007
42,6255,-0.0785754893
42,6256,-0.0800511754
42,6257,0.6359472362
42,6258,-1.0542454441
42,6259,0.0393819674
42,6260,0.1198937567
42,6261,0.1815038413
42,6262,-0.8580543553
42,6263,-0.0059880463
42,6264,-0.7166326097
42,6265,0.9818795385
42,6266,-0.4000511032
42,6267,-0.1064840439
42,6268,-0.0003806238
42,6269,0.4609380294
42,6270,0.2412697757
42,6271,-0.1304524318
42,6272,-0.7610293520
42,6273,-0.3498040095
42,6274,0.6075391021
42,6275,0.0394558638
42,6276,-1.0484145545
42,6277,-0.4219866882
42,6278,0.0748243123
42,6279,-0.3136660078
42,6280,0.0151892382
42,6281,0.0702447599
42,6282,0.6263585171
42,6283,0.2817612665
42,6284,-0.3877968086
42,6285,-0.7621985613
42,6286,-0.3610934456
42,6287,0.0058274504
42,6288,0.4963887930
42,6289,-0.6427402544
42,6290,-1.5550376334
42,6291,0.0652759165
42,6292,0.1932924478
42,6293,-0.3709917634
42,6294,0.6872141219
42,6295,-0.6628202237
42,6296,0.4790091084
42,6297,0.0210297763
42,6298,0.5187600947
42,6299,0.4160568057
42,6300,0.1953384709
42,6301,-0.4358680095
42,6302,0.0679019165
42,6303,0.3209259555
42,6304,0.2259350908
42,6305,-0.0248465102
42,6306,-0.9561681614
42,6307,0.2390806438
42,6308,-0.9374127200
42,6309,-0.0233951173
42,6310,0.1364605190
42,6311,0.3534726506
42,6312,0.5244655577
42,6313,-0.0997171687
42,6314,-0.2558812406
42,6315,1.1526190848
42,6316,-0.1681149153
42,6317,0.7154830857
42,6318,-0.0383730207
42,6319,-0.3025331657
42,6320,0.7981878671
42,6321,-0.6612457070
42,6322,0.4345206431
42,6323,0.5521803030
42,6324,-0.6773632638
42,6325,0.2520900680
42,6326,0.6386195753
42,6327,0.0959117202
42,6328,1.1344285468
42,6329,0.3195271069
42,6330,-0.3427785225
42,6331,0.1815883055
42,6332,-0.1874101003
42,6333,1.0552187432
42,6334,-0.3851907179
42,6335,0.9762807843
42,6336,0.5185853919
42,6337,-0.7385281057
42,6338,-0.0246542925
42,6339,-0.3575423725
42,6340,-0.3231207217
42,6341,-0.2328040224
42,6342,-0.9241453589
42,6343,-0.0316776046
42,6344,-1.0536511509
42,6345,-1.1241116540
42,6346,-0.0215181149
42,6347,-0.2130060324
42,6348,-0.2073492994
42,6349,0.1359742160
42,6350,0.2192810441
42,6351,0.9264809654
42,6352,-0.3795426223
42,6353,1.2718773782
42,6354,-0.1613907542
42,6355,0.0227723840
42,6356,0.1404922453
42,6357,-0.7057055909
42,6358,0.2918779108
42,6359,0.1482148229
42,6360,-0.0431643944
42,6361,-0.2120685662
42,6362,0.6600466402
42,6363,-0.5200939212
42,6364,-0.1633466786
42,6365,-0.3684184226
42,6366,-0.2910610636
42,6367,0.3143051819
42,6368,0.9972111930
42,6369,0.2394116127
42,6370,-0.1382519834
42,6371,0.0654130709
42,6372,0.9206080345
42,6373,-0.2094310521
42,6374,-0.1643934835
42,6375,-0.0567872356
42,6376,-0.7943365950
42,6377,0.7562637257
42,6378,-0.5682371494
42,6379,-0.5935693527
42,6380,-0.1861087130
42,6381,0.5435353070
42,6382,1.2348583280
42,6383,-0.3282125257
42,6384,-0.2332204442
42,6385,0.3013525321
42,6386,0.0997199771
42,6387,-0.3858814983
42,6388,-0.8262468497
42,6389,-0.4326581256
42,6390,-0.0593174541
42,6391,0.0234528088
42,6392,0.2768263607
42,6393,-0.2785235769
42,6394,-0.0332816947
42,6395,-0.7411721626
42,6396,-0.1121262065
42,6397,-0.0520098940
42,6398,-0.1409334386
42,6399,-0.1397547108
42,6400,-0.0741811081
42,6401,0.8175043467
42,6402,0.4017227875
42,6403,0.0156516931
42,6404,0.1624369437
42,6405,-1.2872580985
42,6406,-0.4943959916
42,6407,-0.2086267300
42,6408,-0.1448211882
42,6409,-0.2735500767
42,6410,-0.1174537904
42,6411,1.1736996377
42,6412,1.0700979799
42,6413,0.2849401384
42,6414,0.5085794679
42,6415,-0.7965882581
42,6416,-0.4037461343
42,6417,0.3387335790
42,6418,0.1368860063
42,6419,0.0425344769
42,6420,0.1577862025
42,6421,0.4997273785
42,6422,0.2509470432
42,6423,-0.2507743899
42,6424,-1.1831151407
42,6425,0.6791234119
42,6426,0.2346153359
42,6427,-0.6243486905
42,6428,0.5348765956
42,6429,-0.0692932887
42,6430,0.1838749219
42,6431,-0.1481286950
42,6432,0.1008728898
42,6433,-0.5963648943
42,6434,-0.0138253995
42,6435,-0.7948527467
42,6436,-0.1774504769
42,6437,0.1110183346
42,6438,-1.5807781691
42,6439,0.4189612772
42,6440,-0.4665827830
42,6441,-0.6479384989
42,6442,0.3118224336
42,6443,-0.1373211969
42,6444,0.3339373561
42,6445,-0.1832518374
42,6446,-1.0165109728
42,6447,0.2675269776
42,6448,0.3713473534
42,6449,-0.4395130477
42,6450,0.0398554539
42,6451,-1.3784179573
42,6452,0.5286583240
42,6453,-0.0371887448
42,6454,-0.3682769368
42,6455,0.5467035573
42,6456,-0.1305675829
42,6457,-0.5363263249
42,6458,-0.4272529188
42,6459,-0.1817209621
42,6460,0.1943661557
42,6461,0.7698815807
42,6462,0.6095368000
42,6463,-0.0404123480
42,6464,-0.2510834933
42,6465,-0.5556769654
42,6466,-0.6528094877
42,6467,0.0069277265
42,6468,0.5130496071
42,6469,0.7747853126
42,6470,-0.7344981007
42,6471,0.2097245911
42,6472,-0.2494878174
42,6473,-0.3744071455
42,6474,0.5433939879
42,6475,0.1512644877
42,6476,0.4185135213
42,6477,-0.8703031507
42,6478,-0.8162722241
42,6479,0.1847035987
42,6480,-0.2918100037
42,6481,-0.0744539678
42,6482,1.0992484005
42,6483,-0.1740252609
42,6484,0.3159422167
42,6485,-0.1714504262
42,6486,0.8797961067
42,6487,0.3160383928
42,6488,0.4361330862
42,6489,-0.3608280978
42,6490,-0.3786141364
42,6491,-0.5122159171
42,6492,-0.6077286511
42,6493,0.3968537571
42,6494,-0.4115139932
42,6495,0.2997444415
42,6496,-0.3918384371
42,6497,-0.3003642451
42,6498,-0.5569506000
42,6499,-0.3090086139
42,6500,0.7135559193
42,6501,0.9794326172
42,6502,0.4610889960
42,6503,1.2191742343
42,6504,-0.0961869462
42,6505,0.5007748370
42,6506,0.6312691323
42,6507,0.3752636770
42,6508,0.0706544835
42,6509,-0.5499491085
42,6510,0.2814638325
42,6511,-0.9907960179
42,6512,-1.0260193172
42,6513,-0.0867543661
42,6514,-0.7553388824
42,6515,-0.3950888965
42,6516,0.5006883915
42,6517,0.3021656318
42,6518,-0.7071174798
42,6519,0.5123421453
42,6520,0.1880273949
42,6521,1.0348456725
42,6522,-0.0013262091
42,6523,-0.1135109313
42,6524,-1.1758461621
42,6525,0.2006379694
42,6526,-0.1038777976
42,6527,-0.3928673682
42,6528,0.4467232488
42,6529,0.8677667002
42,6530,-0.8654890818
42,6531,0.0828664543
42,6532,0.3655552239
42,6533,-0.3628109035
42,6534,0.0644180384
42,6535,0.6541314521
42,6536,-0.2034093937
42,6537,0.0278148554
42,6538,0.8896771255
42,6539,0.8770917595
42,6540,-0.1017853448
42,6541,-0.3176280058
42,6542,-0.2448255697
42,6543,-0.6679669735
42,6544,-0.6237925469
42,6545,-0.9151294577
42,6546,0.3240388873
42,6547,0.3193011103
42,6548,-0.0300984670
42,6549,-0.0205893571
42,6550,-0.2159208852
42,6551,0.2681571672
42,6552,-0.5831786269
42,6553,0.2267528613
42,6554,-0.8202280435
42,6555,-0.1426105599
42,6556,0.0194360855
42,6557,-0.0887458162
42,6558,0.4119546334
42,6559,0.4035974770
42,6560,-0.0663422548
42,6561,0.0467147420
42,6562,1.2208106205
42,6563,0.4728025814
42,6564,0.7950691270
42,6565,-0.4641422764
42,6566,0.1109466778
42,6567,-0.0757618284
42,6568,0.9174847467
42,6569,-0.2028512434
42,6570,0.6249074947
42,6571,-0.3370689299
42,6572,0.4303622116
42,6573,0.4756973642
42,6574,0.6919375984
42,6575,-1.2066464831
42,6576,0.3074046505
42,6577,-0.0663106605
42,6578,0.9336777132
42,6579,0.2996661519
42,6580,0.5970217008
42,6581,0.0718997219
42,6582,-0.1507052958
42,6583,-0.7182516877
42,6584,0.4952375234
42,6585,0.7901337715
42,6586,0.9728640650
42,6587,-0.3574829438
42,6588,0.4443483610
42,6589,-0.4080778687
42,6590,-0.2828926773
42,6591,-0.4208451267
42,6592,1.2139993428
42,6593,-1.3449485169
42,6594,0.0234351268
42,6595,0.1377337962
42,6596,-0.5105625615
42,6597,0.1289520091
42,6598,0.3675162175
42,6599,0.5984818014
42,6600,-0.4268960882
42,6601,0.3242751047
42,6602,0.4183510438
42,6603,-0.1891989576
42,6604,-0.2385137890
42,6605,-0.3827370429
42,6606,0.4332726470
42,6607,0.4950220528
42,6608,0.3100777455
42,6609,0.4546791384
42,6610,0.1131281795
42,6611,0.4612881560
42,6612,-0.0563938805
42,6613,-0.3209606522
42,6614,0.9081936081
42,6615,-1.2293372471
42,6616,0.1076100935
42,6617,-0.7630548599
42,6618,0.5714036475
42,6619,1.0229672564
42,6620,0.5483346413
42,6621,-0.8769537892
42,6622,-0.3202242611
42,6623,-0.1088920431
42,6624,-0.6010593809
42,6625,0.4298701548
42,6626,-0.4904927847
42,6627,0.4327845121
42,6628,0.5421716054
42,6629,0.5586675990
42,6630,-0.0540874348
42,6631,0.9499620753
42,6632,-0.1440199822
42,6633,-0.6259520846
42,6634,0.2134936963
42,6635,-0.1610796148
42,6636,-0.2273174738
42,6637,-1.0482887589
42,6638,0.3646669264
42,6639,-0.2323527840
42,6640,-0.0843747367
42,6641,0.5910700764
42,6642,-0.1776999393
42,6643,0.0305156082
42,6644,0.6953858572
42,6645,0.3390753529
42,6646,0.4061145581
42,6647,0.4588369660
42,6648,0.4281472161
42,6649,-0.9742321633
42,6650,0.4261867059
42,6651,-0.6004305512
42,6652,0.4703640929
42,6653,1.1135639583
42,6654,0.4273301583
42,6655,0.6126884496
42,6656,-0.7233386337
42,6657,-0.0151698610
42,6658,0.0119073523
42,6659,0.6498170188
42,6660,-0.5851921195
42,6661,-0.8100362674
42,6662,-0.7229062949
42,6663,0.3812305344
42,6664,0.6778949705
42,6665,-0.9235648328
42,6666,0.9906694601
42,6667,0.4113950921
42,6668,-0.7875126158
42,6669,0.3450483474
42,6670,-0.1084921702
42,6671,-0.9769707942
42,6672,-0.6587020079
42,6673,0.0450174079
42,6674,0.4357597558
42,6675,0.6785003804
42,6676,0.2223644284
42,6677,-1.0294906780
42,6678,0.4178739333
42,6679,-0.2198527827
42,6680,-0.7976391934
42,6681,-0.5542459396
42,6682,-0.1729463418
42,6683,-0.4042597216
42,6684,-0.1070419056
42,6685,-0.9939589017
42,6686,0.5064181801
42,6687,-0.0130206917
42,6688,-0.3609784172
42,6689,0.5243615806
42,6690,0.0752268554
42,6691,0.2068497721
42,6692,0.1441213231
42,6693,0.4449233276
42,6694,-0.1716215272
42,6695,-0.8725076417
42,6696,1.0380171530
42,6697,-0.1035208777
42,6698,0.6993042003
42,6699,-0.3037926386
42,6700,0.5298699490
42,6701,1.1707827641
42,6702,-0.3688836679
42,6703,-0.3192690590
42,6704,-0.9740601130
42,6705,-0.9536292648
42,6706,0.6140965830
42,6707,-0.0511883341
42,6708,0.3192189566
42,6709,-0.5437884648
42,6710,0.1324393998
42,6711,0.3172606687
42,6712,0.7916267781
42,6713,-0.3133252084
42,6714,0.1812769281
42,6715,0.7394804565
42,6716,0.7351360236
42,6717,0.5643791513
42,6718,0.3008958017
42,6719,-0.2081567607
42,6720,0.4025479045
42,6721,-0.0876146221
42,6722,0.5563339766
42,6723,-0.0468427995
42,6724,0.4050598636
42,6725,0.4153490848
42,6726,1.1389530936
42,6727,1.1217102205
42,6728,-0.2683373438
42,6729,-0.2470198396
42,6730,-0.5229518547
42,6731,-0.0795760931
42,6732,0.0781666599
42,6733,0.1610459629
42,6734,0.2893209923
42,6735,-0.7244810650
42,6736,-0.5341562650
42,6737,-0.0462026646
42,6738,-0.6901995127
42,6739,0.1243353369
42,6740,0.1303977765
42,6741,0.3531160882
42,6742,-0.5805956695
42,6743,-0.5288284087
42,6744,0.9029653366
42,6745,0.4223682037
42,6746,-0.5692073757
42,6747,-0.1607568287
42,6748,0.3003635510
42,6749,-0.1979537059
42,6750,0.2966258615
42,6751,1.2551251563
42,6752,-0.5515493274
42,6753,-0.5943755952
42,6754,-0.3356699292
42,6755,0.1114440166
42,6756,-0.1332008129
42,6757,-0.7099689982
42,6758,0.4753703402
42,6759,0.1847953538
42,6760,-0.4440923686
42,6761,0.5138808877
42,6762,0.1092096057
42,6763,-0.7517373458
42,6764,-0.0287762500
42,6765,0.5792987326
42,6766,-0.5143993673
42,6767,-0.6500244114
42,6768,0.0220912395
42,6769,-0.7508044431
42,6770,-0.5026977355
42,6771,1.0539635013
42,6772,0.1230997262
42,6773,-0.0178842287
42,6774,0.3816230760
42,6775,-0.8196918414
42,6776,0.6454437974
42,6777,-0.4085902036
42,6778,-0.7375395235
42,6779,-0.3586146356
42,6780,0.6099069817
42,6781,-0.3295909779
42,6782,-0.0369136967
42,6783,-0.2237507840
42,6784,0.7906698776
42,6785,0.3664920907
42,6786,-0.0037428740
42,6787,0.6037513218
42,6788,-0.1266137946
42,6789,-0.6816411158
42,6790,0.9609867517
42,6791,-0.2485781066
42,6792,-0.0227186573
42,6793,0.3487829191
42,6794,0.7616630499
42,6795,-0.2938432372
42,6796,0.3917346092
42,6797,-0.5629434406
42,6798,0.1639531105
42,6799,-0.0801759431
42,6800,-0.8467382408
42,6801,-0.2079918232
42,6802,-0.4397360641
42,6803,-0.1217238973
42,6804,0.8461061502
42,6805,-0.4066811284
42,6806,-0.4861536597
42,6807,-0.6598750356
42,6808,0.3000063427
42,6809,-0.1165886019
42,6810,-0.5720011644
42,6811,-0.3106365645
42,6812,-0.0119733024
42,6813,0.1814428199
42,6814,0.0750153098
42,6815,0.6323221871
42,6816,-0.3275970892
42,6817,0.2271607160
42,6818,-0.6401918352
42,6819,0.1300139314
42,6820,0.0954784471
42,6821,0.2175481549
42,6822,0.5924924101
42,6823,0.2399159825
42,6824,-0.1582675048
42,6825,-0.7504011994
42,6826,0.9348200570
42,6827,-0.9627587277
42,6828,1.0492173566
42,6829,1.0708798010
42,6830,0.1355411984
42,6831,0.8755600862
42,6832,0.6712055476
42,6833,0.1839558251
42,6834,-0.8079078219
42,6835,-0.2321469885
42,6836,0.1613669623
42,6837,0.1303564000
42,6838,-0.3884254401
42,6839,-0.3098305432
42,6840,0.0217006272
42,6841,0.5394425902
42,6842,0.3604164333
42,6843,0.6210914728
42,6844,0.7528133939
42,6845,-0.3107327306
42,6846,0.8138233108
42,6847,0.5448659484
42,6848,-0.4947993017
42,6849,-0.5421182605
42,6850,-0.0825875290
42,6851,-0.5453317167
42,6852,1.1573017843
42,6853,0.1063253758
42,6854,0.0898313889
42,6855,-0.3492825891
42,6856,0.3920829850
42,6857,-0.6765381060
42,6858,-0.1179766589
42,6859,0.3684590468
42,6860,0.3333167552
42,6861,0.4601335867
42,6862,-0.3142487792
42,6863,0.1943241874
42,6864,-0.2476893473
42,6865,0.2537487012
42,6866,-0.2317617072
42,6867,-0.2073683942
42,6868,0.4608665804
42,6869,0.3584763930
42,6870,-0.0266578433
42,6871,-0.5490098048
42,6872,-0.0594115853
42,6873,-1.3962474334
42,6874,0.2964143797
42,6875,-0.0739723833
42,6876,-0.2209295370
42,6877,0.8167496326
42,6878,-0.5291580668
42,6879,0.1712232714
42,6880,0.3033806268
42,6881,0.2003723006
42,6882,0.2059697752
42,6883,-0.2071632665
42,6884,-0.0727510581
42,6885,0.7116429941
42,6886,-0.0247250775
42,6887,-0.5175173136
42,6888,-0.2328906826
42,6889,0.6637916917
42,6890,0.4381558083
42,6891,-0.5671766272
42,6892,-0.4300742388
42,6893,0.5747424666
42,6894,1.2133426208
42,6895,-0.1297896267
42,6896,0.3352551385
42,6897,-0.8666982682
42,6898,-1.1957758576
42,6899,0.2686418807
42,6900,0.0198281575
42,6901,-0.4155628604
42,6902,0.4091437011
42,6903,0.0479460734
42,6904,-0.4174001602
42,6905,0.2421435028
42,6906,1.0463995867
42,6907,0.7576821306
42,6908,-0.9583415122
42,6909,-0.4574719456
42,6910,0.7194292561
42,6911,0.9978999501
42,6912,0.1051174665
42,6913,-0.4579392832
42,6914,-0.3166973412
42,6915,-0.2171520832
42,6916,0.5329895452
42,6917,-1.1308683668
42,6918,-0.1421583848
42,6919,0.4289523894
42,6920,-0.2569770149
42,6921,0.1079458253
42,6922,-0.4054488174
42,6923,0.6642241993
42,6924,-0.6342874659
42,6925,-0.1872359402
42,6926,0.3516032242
42,6927,0.4576718346
42,6928,-0.2632352726
42,6929,0.4928178367
42,6930,0.0796859827
42,6931,-0.2668161022
42,6932,-0.2246159371
42,6933,0.5089367249
42,6934,-0.7202432407
42,6935,0.2959148477
42,6936,0.0130610593
42,6937,-0.2515007141
42,6938,0.4417630335
42,6939,0.6241986174
42,6940,-0.5122036716
42,6941,0.2394955610
42,6942,0.0934485906
42,6943,-0.0366357781
42,6944,-0.6309372322
42,6945,0.0157118922
42,6946,0.5156301394
42,6947,-0.1116860208
42,6948,-0.7082285706
42,6949,-0.1539537425
42,6950,-0.3604863195
42,6951,-0.6166232752
42,6952,-0.3222187904
42,6953,0.1951059157
42,6954,-0.4751870403
42,6955,-0.0284201127
42,6956,-0.3373464701
42,6957,-0.2431940110
42,6958,0.5799573225
42,6959,-0.5734545109
42,6960,-0.5384008886
42,6961,1.2456918303
42,6962,0.6270188597
42,6963,-0.4358222094
42,6964,-0.6569107725
42,6965,-0.1950727899
42,6966,0.7123721449
42,6967,-0.2992411371
42,6968,0.3014737950
42,6969,-0.1772071331
42,6970,1.1017865599
42,6971,1.1944732355
42,6972,0.0699534862
42,6973,-0.1769605333
42,6974,-0.5526643639
42,6975,0.1416872332
42,6976,0.1268217107
42,6977,0.5959574298
42,6978,0.0844903979
42,6979,-0.4509995301
42,6980,-0.2654379292
42,6981,-0.0399466403
42,6982,-0.1182336426
42,6983,-0.4785339732
42,6984,0.1965674552
42,6985,-0.1498946637
42,6986,-0.0888793643
42,6987,-0.4682496899
42,6988,0.2159969905
42,6989,-0.0961500329
42,6990,-0.0104169144
42,6991,0.3669511555
42,6992,-0.1049097688
42,6993,-1.2919831708
42,6994,-0.6009144276
42,6995,-0.2344303989
42,6996,0.2076569941
42,6997,-0.3333903441
42,6998,-0.1433310678
42,6999,0.0524447698
42,7000,-0.3533275447
42,7001,-0.8875353538
42,7002,0.1788503879
42,7003,0.0113515241
42,7004,0.4456210276
42,7005,-0.2930372176
42,7006,0.0879883296
42,7007,-0.4361023445
42,7008,0.2561489433
42,7009,-0.2389670786
42,7010,-0.5519064371
42,7011,0.0164819250
42,7012,0.9209361128
42,7013,0.3589997113
42,7014,-0.6747570526
42,7015,0.3521242656
42,7016,-0.3410286007
42,7017,0.1805673968
42,7018,0.5926564287
42,7019,0.3237719393
42,7020,-0.6600010021
42,7021,0.2459942516
42,7022,0.7531613083
42,7023,-0.6199964722
42,7024,0.0753231193
42,7025,0.0505146673
42,7026,0.3473480006
42,7027,0.2104233284
42,7028,-0.3582468939
42,7029,-0.4022033362
42,7030,0.8535812468
42,7031,0.1237828547
42,7032,-0.5644384779
42,7033,0.7115537790
42,7034,0.9383808049
42,7035,-0.1010056981
42,7036,-0.7132019442
42,7037,0.2882177767
42,7038,-0.6739333066
42,7039,-0.3739877982
42,7040,0.3323637193
42,7041,0.1071468253
42,7042,-0.4293362718
42,7043,-0.8160929059
42,7044,0.1226015555
42,7045,-0.0272417672
42,7046,0.4969852524
42,7047,0.7323242420
42,7048,0.5724995364
42,7049,-0.2248712130
42,7050,-0.3342424179
42,7051,0.2380649174
42,7052,0.2717644335
42,7053,0.1601571678
42,7054,-0.1459562742
42,7055,-0.1743898537
42,7056,0.1893177498
42,7057,0.1204923092
42,7058,-0.0379668668
42,7059,-0.0985974917
42,7060,-0.1323956968
42,7061,-0.1336761600
42,7062,-0.9205512822
42,7063,-1.3512520683
42,7064,-0.2324897035
42,7065,0.0211812885
42,7066,0.0518253766
42,7067,-1.0855842440
42,7068,0.7803104623
42,7069,-0.9464238427
42,7070,-0.6112579022
42,7071,-0.4123630822
42,7072,-0.3239200669
42,7073,-1.8581854027
42,7074,-0.0408224596
42,7075,-0.0011160492
42,7076,0.7279106952
42,7077,-0.6661009499
42,7078,-0.5013689754
42,7079,-0.0435762754
42,7080,-0.2632646770
42,7081,1.2274001974
42,7082,-0.4101127233
42,7083,-0.7238037147
42,7084,0.0798731505
42,7085,-0.5041989865
42,7086,-1.0078263531
42,7087,-0.6521630725
42,7088,0.1585209462
42,7089,1.4711841741
42,7090,-0.2376283950
42,7091,-0.5520226147
42,7092,-0.8527690500
42,7093,0.5346153671
42,7094,-1.1149492354
42,7095,-0.3785479066
42,7096,0.8866016529
42,7097,0.3670537119
42,7098,-0.4479305941
42,7099,-0.6533182992
42,7100,0.6467728559
42,7101,0.1420158811
42,7102,-0.5750305739
42,7103,0.1412118991
42,7104,-0.4919148020
42,7105,-0.1483074608
42,7106,0.4118688130
42,7107,-0.5804791050
42,7108,-0.0029734247
42,7109,0.5202921746
42,7110,-0.4229960873
42,7111,-0.6626588471
42,7112,-0.6764404044
42,7113,0.3515701113
42,7114,-0.3741483695
42,7115,-0.0134159926
42,7116,0.7441734505
42,7117,-0.2711929356
42,7118,0.1683393024
42,7119,0.5618121826
42,7120,-0.0167282012
42,7121,-1.2692653432
42,7122,0.1478492053
42,7123,-0.2373268368
42,7124,-0.2088946767
42,7125,0.2037797813
42,7126,0.7161406054
42,7127,-0.0667858666
42,7128,-0.3094701370
42,7129,-0.4613036651
42,7130,-0.0902142074
42,7131,0.8088972197
42,7132,-1.3741685832
42,7133,-0.5360853692
42,7134,0.5769264855
42,7135,0.7146687884
42,7136,-0.2776485849
42,7137,-0.0959041059
42,7138,0.1490781129
42,7139,-0.4999367552
42,7140,-0.3668716092
42,7141,-0.2591628958
42,7142,0.8109526042
42,7143,0.4252081059
42,7144,-1.2257741527
42,7145,0.8928412744
42,7146,0.4378658226
42,7147,0.7626329738
42,7148,0.1477998461
42,7149,0.6526227834
42,7150,-0.2004824324
42,7151,-0.4861561683
42,7152,0.4135915045
42,7153,-0.3509499888
42,7154,0.0510999776
42,7155,0.2212291414
42,7156,0.7651561318
42,7157,0.6679914867
42,7158,1.0568869583
42,7159,-0.8856745568
42,7160,0.1573460775
42,7161,-0.0293574620
42,7162,0.1611886790
42,7163,-0.2695938634
42,7164,-0.0273375271
42,7165,-1.2188130953
42,7166,-0.1704088182
42,7167,-0.1849982489
42,7168,0.5394326965
42,7169,0.3824283776
42,7170,0.2947535862
42,7171,-0.9438321882
42,7172,-0.4795384066
42,7173,0.7392515929
42,7174,-0.1086829619
42,7175,-0.1723212895
42,7176,-0.3791956230
42,7177,0.0371352063
42,7178,0.0844044731
42,7179,-0.1451659152
42,7180,0.8621310215
42,7181,0.2882265182
42,7182,0.4578699831
42,7183,0.3576897555
42,7184,-0.6050434776
42,7185,0.6360644079
42,7186,-0.3059590932
42,7187,-0.0951422473
42,7188,-0.2195704014
42,7189,0.0508841398
42,7190,-0.7374639027
42,7191,0.8847437478
42,7192,0.2219818568
42,7193,-0.4031089156
42,7194,0.3077446437
42,7195,-0.6460904062
42,7196,0.2408269547
42,7197,-0.6198739552
42,7198,0.0637653540
42,7199,0.5858061648
42,7200,-0.2016373581
42,7201,-1.0744885742
42,7202,0.5850434629
42,7203,-0.0023447538
42,7204,-0.2566188248
42,7205,-0.9329059797
42,7206,0.0082461197
42,7207,0.3728258718
42,7208,0.1770857353
42,7209,-0.5800987087
42,7210,-0.4327504858
42,7211,0.0956420755
42,7212,0.3949189563
42,7213,-0.4137623370
42,7214,0.8769926462
42,7215,-0.3376791387
42,7216,0.1093618230
42,7217,0.1837052684
42,7218,0.0797546723
42,7219,0.0375262488
42,7220,-0.1180444239
42,7221,-0.5910577311
42,7222,-0.1842967204
42,7223,-0.7147199961
42,7224,0.8413473516
42,7225,0.8380283444
42,7226,-0.0549971782
42,7227,0.0079868917
42,7228,-0.0223499115
42,7229,-0.4019425788
42,7230,-0.2157782285
42,7231,0.3615689669
42,7232,-0.8782715300
42,7233,0.1853087015
42,7234,-0.4121014619
42,7235,-0.6167556235
42,7236,0.2435568532
42,7237,0.5191354993
42,7238,0.0861732825
42,7239,-0.8054558200
42,7240,-0.1371402282
42,7241,0.9148071363
42,7242,0.0159230789
42,7243,-0.6726668343
42,7244,0.6393935913
42,7245,-0.5126035780
42,7246,0.0644045743
42,7247,-0.7096642003
42,7248,-0.0133812252
42,7249,-0.1461013552
42,7250,0.2190118590
42,7251,1.2696261368
42,7252,0.1284737426
42,7253,0.4948848059
42,7254,-0.4614571211
42,7255,0.3688392180
42,7256,0.0048173002
42,7257,0.1884344905
42,7258,-0.3315447796
42,7259,-0.2798282836
42,7260,-0.3446418800
42,7261,-0.1813286080
42,7262,0.0003476549
42,7263,-0.1509734043
42,7264,-0.6316727511
42,7265,0.7966965111
42,7266,-0.5892054639
42,7267,-0.6485268846
42,7268,0.0105731448
42,7269,-0.0924649506
42,7270,-0.3377690505
42,7271,0.5032490281
42,7272,-0.2988033651
42,7273,-0.5124360775
42,7274,-0.4330442331
42,7275,0.2032265858
42,7276,-0.4247070187
42,7277,0.4972764044
42,7278,-0.3390873128
42,7279,0.0586322496
42,7280,0.0876449050
42,7281,1.2795176327
42,7282,0.9868941103
42,7283,-0.4504712410
42,7284,-0.4653252728
42,7285,-0.2113614568
42,7286,0.2530893400
42,7287,-0.1369880896
42,7288,-0.0517235827
42,7289,0.8413193230
42,7290,-0.0687694731
42,7291,0.4722133457
42,7292,0.4146269923
42,7293,-0.3066018966
42,7294,-0.4009890693
42,7295,-0.2383429227
42,7296,0.0965997670
42,7297,0.3293203856
42,7298,0.4335047013
42,7299,0.1600553441
42,7300,-0.3998839669
42,7301,0.2886184637
42,7302,0.2962841596
42,7303,-0.1939025817
42,7304,-0.2946882794
42,7305,0.0120192401
42,7306,0.1594669184
42,7307,0.1105929923
42,7308,0.0945976772
42,7309,0.8395800307
42,7310,-0.5088459154
42,7311,0.4688795938
42,7312,0.3741962143
42,7313,0.5256557914
42,7314,0.1638042138
42,7315,-0.2095841354
42,7316,-0.6504036776
42,7317,0.2993965346
42,7318,-0.1998886168
42,7319,-0.2275852124
42,7320,0.4069842299
42,7321,-0.3535530005
42,7322,0.4476945393
42,7323,0.5509543177
42,7324,-0.4994270994
42,7325,-0.4876684086
42,7326,-0.4104357525
42,7327,0.2434312814
42,7328,-0.1190627409
42,7329,-0.1799466770
42,7330,-0.3805096978
42,7331,1.1549420602
42,7332,0.3740934652
42,7333,-0.5448340384
42,7334,-0.0511179634
42,7335,-0.1592233419
42,7336,0.6178120845
42,7337,0.6948338681
42,7338,0.6184833630
42,7339,-0.0626631069
42,7340,0.0776816887
42,7341,0.2812348015
42,7342,0.5559394027
42,7343,-0.3113612356
42,7344,0.1197553995
42,7345,0.7530047311
42,7346,-0.3043849776
42,7347,1.0295894994
42,7348,-0.0731700482
42,7349,0.3779445468
42,7350,-0.4132414541
42,7351,0.2366581842
42,7352,0.6029359369
42,7353,0.7240968557
42,7354,-0.3993548317
42,7355,-0.1491382185
42,7356,-0.6180235410
42,7357,-0.3003570541
42,7358,-0.2718737109
42,7359,-0.9234559271
42,7360,-0.4771320320
42,7361,-0.1587848127
42,7362,0.0887210551
42,7363,-0.0468369938
42,7364,-0.2028750755
42,7365,0.0491818454
42,7366,0.6467938881
42,7367,0.7069519398
42,7368,0.5211900466
42,7369,0.1455985914
42,7370,-0.1903398103
42,7371,0.5446600212
42,7372,0.2987965229
42,7373,-0.3323387150
42,7374,-0.7283611144
42,7375,-0.2734044492
42,7376,-0.5052492103
42,7377,0.0669856118
42,7378,0.5940814593
42,7379,-0.2091814928
42,7380,-0.3586393661
42,7381,-0.4209738837
42,7382,-0.5378496290
42,7383,-0.5309457083
42,7384,1.0805151842
42,7385,-0.6096226041
42,7386,0.8287173565
42,7387,0.5325430948
42,7388,-0.3429318957
42,7389,-0.4647876717
42,7390,0.4531436039
42,7391,-0.5109000942
42,7392,0.4522495011
42,7393,-0.1039125867
42,7394,-0.3495193577
42,7395,0.5821786207
42,7396,-0.5196764189
42,7397,-0.1581420568
42,7398,-0.6417067182
42,7399,0.9873325212
42,7400,-0.3081438943
42,7401,0.1624730414
42,7402,-0.1223867870
42,7403,-0.4787090503
42,7404,-0.4271960503
42,7405,-0.0473654385
42,7406,0.2362159091
42,7407,-0.0448591617
42,7408,0.3297615137
42,7409,-0.1773284819
42,7410,-0.8110092927
42,7411,-0.9522466621
42,7412,0.1658364026
42,7413,-0.1949348515
42,7414,-0.1916575088
42,7415,0.9922231746
42,7416,0.5521287800
42,7417,-0.0462540812
42,7418,-0.6808962482
42,7419,0.2413427415
42,7420,-0.3217659454
42,7421,-0.5050901440
42,7422,0.0592733954
42,7423,0.4972700890
42,7424,-0.0328263099
42,7425,0.2302107606
42,7426,0.0683402224
42,7427,-0.3117795839
42,7428,-0.5797684684
42,7429,0.9852145520
42,7430,-0.2224056944
42,7431,-0.9567549527
42,7432,-0.3495492634
42,7433,-0.7565921245
42,7434,0.6776931664
42,7435,0.4588028727
42,7436,0.3108597027
42,7437,-0.0940686911
42,7438,-0.1209020937
42,7439,0.1940283948
42,7440,0.2790425895
42,7441,-0.2748394391
42,7442,-0.7677416252
42,7443,-0.6285928782
42,7444,0.3852832034
42,7445,0.0546050203
42,7446,-0.2732096934
42,7447,-0.3006020104
42,7448,-0.6342771778
42,7449,0.0410778828
42,7450,-0.8233763386
42,7451,0.3314485498
42,7452,0.2405186139
42,7453,0.5931864672
42,7454,-0.3970988116
42,7455,0.0087947164
42,7456,0.4328360567
42,7457,0.1426100720
42,7458,-0.9740949110
42,7459,0.8315514601
42,7460,-0.3891234959
42,7461,0.6705973512
42,7462,0.2183474957
42,7463,0.4154187050
42,7464,0.3906704362
42,7465,0.6085085840
42,7466,-0.0042916705
42,7467,0.1689531206
42,7468,0.0378963199
42,7469,-0.9922377182
42,7470,-0.5427417972
42,7471,-1.2601077100
42,7472,0.5046173756
42,7473,-0.0524201893
42,7474,0.4419966211
42,7475,0.5717131764
42,7476,-0.4734729541
42,7477,0.8253610213
42,7478,-0.8927871515
42,7479,-0.8297378737
42,7480,0.8878972102
42,7481,-0.7450165261
42,7482,-0.3215913995
42,7483,0.0314959164
42,7484,0.3651597774
42,7485,-0.2316340599
42,7486,0.5023793179
42,7487,-0.5248601656
42,7488,-1.2429353455
42,7489,-0.7832474443
42,7490,0.5523534446
42,7491,0.0318591017
42,7492,-0.7460587124
42,7493,-0.8849224293
42,7494,0.3821325866
42,7495,-1.1887821546
42,7496,-0.8461712226
42,7497,0.4724463268
42,7498,-0.4020930589
42,7499,0.3322877499
42,7500,0.3746185118
42,7501,0.6261669783
42,7502,-0.3930336309
42,7503,0.0300919498
42,7504,0.8244623843
42,7505,-0.0091454501
42,7506,-0.4669233601
42,7507,0.2117362292
42,7508,0.1758645399
42,7509,0.2572497226
42,7510,0.0080061352
42,7511,-0.4387948929
42,7512,-0.0815531315
42,7513,0.4587404372
42,7514,-0.4077373491
42,7515,0.0136361068
42,7516,-0.2831931779
42,7517,-0.3460882464
42,7518,0.6936350295
42,7519,-0.4829594752
42,7520,-0.1677698910
42,7521,-0.3936875373
42,7522,-0.3117412736
42,7523,0.0287038145
42,7524,-0.1671382940
42,7525,-0.0438553118
42,7526,0.2133110229
42,7527,0.5287659402
42,7528,0.4495660376
42,7529,0.2485579721
42,7530,0.4558844457
42,7531,-0.5165080134
42,7532,-0.1365807371
42,7533,0.0154140766
42,7534,0.3342544694
42,7535,0.2195903748
42,7536,0.0518596295
42,7537,0.6215562803
42,7538,0.2312997084
42,7539,0.2130586623
42,7540,-0.3946744915
42,7541,0.5351869550
42,7542,-0.0724679383
42,7543,-0.2515338342
42,7544,0.3103771035
42,7545,0.8935239904
42,7546,-0.7278763186
42,7547,1.1906990460
42,7548,-0.6007887302
42,7549,-0.0535331153
42,7550,0.0902255611
42,7551,-0.1942522808
42,7552,0.9724931509
42,7553,0.4304074346
42,7554,0.8722463030
42,7555,-0.2060811739
42,7556,0.5165014186
42,7557,-0.5632145948
42,7558,0.2769383417
42,7559,-0.3086520995
42,7560,0.3788135027
42,7561,0.9849081814
42,7562,-0.5642278910
42,7563,-0.9190142397
42,7564,0.4803092185
42,7565,0.5215183262
42,7566,0.5018915908
42,7567,0.8567901443
42,7568,0.2263093288
42,7569,0.1269643281
42,7570,0.8239640337
42,7571,-0.7229328124
42,7572,-0.7499320437
42,7573,0.9037978052
42,7574,-0.2858205485
42,7575,-0.4166855457
42,7576,-0.0187414936
42,7577,0.1801359824
42,7578,-0.2284131372
42,7579,0.0255545432
42,7580,0.4709382455
42,7581,-0.2665742618
42,7582,-0.4528743934
42,7583,0.4246486229
42,7584,-0.3189547858
42,7585,1.1555206068
42,7586,1.0966240360
42,7587,0.8439874985
42,7588,-0.1451322315
42,7589,-0.4972927356
42,7590,-0.3631763653
42,7591,0.7975795598
42,7592,0.6645809359
42,7593,0.2603204282
42,7594,0.0522684955
42,7595,0.0484291643
42,7596,-0.1999480997
42,7597,0.9232101485
42,7598,0.1508424304
42,7599,0.1532773471
42,7600,-0.3210472706
42,7601,0.0576466678
42,7602,-0.1312839512
42,7603,-0.3965434010
42,7604,0.3276610383
42,7605,0.3216866448
42,7606,0.7100001519
42,7607,-0.2170507607
42,7608,-0.8038538914
42,7609,0.4537140720
42,7610,0.4347513937
42,7611,-0.3100684455
42,7612,-0.4999595434
42,7613,-0.3919651169
42,7614,-0.1502024563
42,7615,0.5467493995
42,7616,-1.0272207606
42,7617,0.5547815144
42,7618,-0.1217046948
42,7619,0.3185671457
42,7620,-0.2739827596
42,7621,-0.0465937258
42,7622,-0.4799836910
42,7623,0.1236076352
42,7624,0.0214849863
42,7625,0.8268454203
42,7626,0.5374436351
42,7627,-0.0703728981
42,7628,-0.5318380918
42,7629,-0.4372910012
42,7630,-0.2713684490
42,7631,-0.4316056084
42,7632,-0.7296790265
42,7633,-0.4289823244
42,7634,0.7457838763
42,7635,0.5045341795
42,7636,0.0618828087
42,7637,-0.3497015928
42,7638,0.2362508493
42,7639,0.7827579324
42,7640,0.3154128276
42,7641,-1.2876759323
42,7642,-0.1054582679
42,7643,-0.6656959180
42,7644,-0.7080259422
42,7645,0.1913652015
42,7646,-0.2786778498
42,7647,0.6213237584
42,7648,0.5315824498
42,7649,-0.1598822281
42,7650,-0.3590025592
42,7651,0.4737652201
42,7652,-0.3081465474
42,7653,-0.2140297925
42,7654,-0.2261533259
42,7655,-0.9561612234
42,7656,0.0039236582
42,7657,0.3457014375
42,7658,-0.4789270590
42,7659,-1.3607747682
42,7660,0.3941116423
42,7661,-0.2988857978
42,7662,0.9754680430
42,7663,0.1480339323
42,7664,0.9385274023
42,7665,0.1497432838
42,7666,0.0922845709
42,7667,0.5464892060
42,7668,0.0049342661
42,7669,-1.0445441202
42,7670,0.1306881961
42,7671,0.6960688624
42,7672,-0.9750576910
42,7673,0.8918402240
42,7674,0.0768316914
42,7675,0.5041007033
42,7676,0.7299594063
42,7677,0.2928738502
42,7678,0.3419373851
42,7679,0.7021586921
42,7680,1.2263092589
42,7681,-0.1111324102
42,7682,0.5577724400
42,7683,-0.2040158546
42,7684,-0.8670437908
42,7685,0.2122697019
42,7686,-0.0543673238
42,7687,-1.0221647987
42,7688,-0.1573590435
42,7689,-0.1762712532
42,7690,-0.0999595827
42,7691,0.0222849448
42,7692,-0.4346076374
42,7693,-0.8299995689
42,7694,0.4741791924
42,7695,0.4470840392
42,7696,-0.3613063894
42,7697,0.1662706589
42,7698,0.6567476203
42,7699,0.2471094778
42,7700,0.2136304858
42,7701,0.3652321304
42,7702,-0.0287296885
42,7703,-0.3823745383
42,7704,-0.4685948828
42,7705,0.6740289070
42,7706,0.9059934934
42,7707,0.0192940362
42,7708,-0.5333220168
42,7709,-0.4606344145
42,7710,-0.7810766415
42,7711,-0.7383526684
42,7712,0.9718400668
42,7713,0.9365475110
42,7714,0.0281345846
42,7715,-1.0313575312
42,7716,0.4628740161
42,7717,0.0237945539
42,7718,-0.2785164406
42,7719,0.0987475067
42,7720,0.3903631400
42,7721,0.2602133380
42,7722,0.2288436280
42,7723,-0.2204999867
42,7724,-0.2344253777
42,7725,0.0663836310
42,7726,-0.1579820343
42,7727,-0.6554396547
42,7728,-0.4067833230
42,7729,-0.2068551812
42,7730,-0.6065933179
42,7731,0.0711788956
42,7732,-1.2204730200
42,7733,0.2116780469
42,7734,-0.4231038661
42,7735,-0.5731393695
42,7736,0.5904776697
42,7737,-0.0771005296
42,7738,0.8934566743
42,7739,-0.3215505549
42,7740,0.0388592571
42,7741,-0.3522735341
42,7742,0.2881812847
42,7743,0.7989810852
42,7744,0.1457963357
42,7745,0.5104157520
42,7746,-0.2885796287
42,7747,0.1105229525
42,7748,-0.3283361695
42,7749,0.0439487533
42,7750,0.7766174203
42,7751,-0.0982460771
42,7752,0.1513889184
42,7753,0.2222866287
42,7754,-0.5538126478
42,7755,-0.0275754837
42,7756,-0.7444017482
42,7757,-0.6164781382
42,7758,0.8452310031
42,7759,1.0838567086
42,7760,-0.2232050874
42,7761,1.0443218758
42,7762,0.0354568880
42,7763,0.1264488758
42,7764,-0.1462607789
42,7765,-0.0019040115
42,7766,0.3674712568
42,7767,-0.0313848046
42,7768,-0.7513025840
42,7769,0.4449228266
42,7770,-0.6948063344
42,7771,-0.0447368146
42,7772,-0.4279451227
42,7773,-0.6107448812
42,7774,0.2870341346
42,7775,-0.9241090741
42,7776,-0.6136268695
42,7777,0.3179352603
42,7778,0.0212111032
42,7779,-0.5152790073
42,7780,-0.6516657415
42,7781,-0.1326725304
42,7782,-0.4938336225
42,7783,0.0113825698
42,7784,-0.3755238160
42,7785,-0.7968308283
42,7786,-0.3852612177
42,7787,0.5686279224
42,7788,-1.4597736144
42,7789,-0.3312959458
42,7790,0.8123396680
42,7791,-0.2738737132
42,7792,-0.6221265900
42,7793,0.1042645792
42,7794,-0.1892052921
42,7795,-0.2629199274
42,7796,-0.3082769755
42,7797,-0.1985859687
42,7798,-0.9903910237
42,7799,-0.4589843296
42,7800,0.2866788205
42,7801,0.7082448464
42,7802,-0.0987976823
42,7803,0.1999899851
42,7804,-0.0568646685
42,7805,0.0055650442
42,7806,1.0339830874
42,7807,-0.1566287407
42,7808,0.6039406058
42,7809,0.3623020362
42,7810,0.1384101098
42,7811,-0.1988127825
42,7812,0.1408792564
42,7813,0.4323754801
42,7814,0.4876865228
42,7815,0.2915294463
42,7816,-0.7329085678
42,7817,0.1858943626
42,7818,-0.4220024979
42,7819,0.2502714010
42,7820,0.3146527628
42,7821,0.2755460155
42,7822,0.5198754567
42,7823,1.3565632173
42,7824,-0.5009483413
42,7825,-0.6413086473
42,7826,0.8616040567
42,7827,0.0481596561
42,7828,-0.2569159824
42,7829,-0.7829147129
42,7830,-0.0571177592
42,7831,0.1928527443
42,7832,0.7624029915
42,7833,0.8843241451
42,7834,0.1922542917
42,7835,-0.6734934966
42,7836,0.3372915928
42,7837,0.6418600228
42,7838,-0.4193460748
42,7839,0.5713665806
42,7840,-0.2882218877
42,7841,-0.3549767709
42,7842,-0.9055864799
42,7843,0.1412951039
42,7844,-0.1470073830
42,7845,0.3369358929
42,7846,-0.4410819090
42,7847,0.3077293715
42,7848,-0.7092143833
42,7849,-0.5543372001
42,7850,-1.2196586476
42,7851,0.1041663946
42,7852,-0.6165792525
42,7853,-0.2758541597
42,7854,-0.3602777421
42,7855,-0.0906220216
42,7856,0.3041613753
42,7857,0.5317901221
42,7858,-0.3306168525
42,7859,0.0155255433
42,7860,0.5385775417
42,7861,0.5632009821
42,7862,0.1294886416
42,7863,0.0269299752
42,7864,0.0887692008
42,7865,0.8382036725
42,7866,-0.4243501990
42,7867,0.5209418619
42,7868,-0.2292147319
42,7869,-0.1177613737
42,7870,0.8548849432
42,7871,-0.6283930832
42,7872,0.0607240419
42,7873,-1.0845685697
42,7874,0.3650436456
42,7875,0.5482269635
42,7876,0.3415467567
42,7877,-0.4875932463
42,7878,0.2084618699
42,7879,-1.0157619338
42,7880,0.0226372505
42,7881,0.1163759819
42,7882,0.7465862058
42,7883,-0.2154690526
42,7884,0.1524558025
42,7885,-0.2183475817
42,7886,0.3084737359
42,7887,-0.6518984958
42,7888,-0.7946162537
42,7889,0.7448402760
42,7890,-0.6082711040
42,7891,-0.4376266389
42,7892,-0.3460811538
42,7893,0.3485772997
42,7894,0.5848109819
42,7895,0.9396574844
42,7896,0.5759758790
42,7897,-0.8963471476
42,7898,0.2850345369
42,7899,-0.0033596195
42,7900,-0.5179187287
42,7901,0.4307192113
42,7902,-0.8237679582
42,7903,-0.1663550418
42,7904,0.6717960816
42,7905,-0.0582048005
42,7906,0.2109971748
42,7907,0.1459838661
42,7908,0.2229927406
42,7909,-0.1430277148
42,7910,-1.1747519838
42,7911,-0.2411866069
42,7912,-0.5762040077
42,7913,-0.7349520506
42,7914,0.6520506026
42,7915,0.8338263135
42,7916,0.1374800776
42,7917,0.3349447209
42,7918,0.4928568001
42,7919,-0.3215191782
42,7920,0.2832058102
42,7921,-1.3011153725
42,7922,0.2221339742
42,7923,0.0286814409
42,7924,-0.7677949929
42,7925,-0.0111529428
42,7926,-0.6259141797
42,7927,-0.8918329845
42,7928,-0.0405694723
42,7929,0.1735564367
42,7930,0.0337770793
42,7931,1.1111754040
42,7932,-0.0861137785
42,7933,0.8751352493
42,7934,-0.9864914414
42,7935,0.5143484412
42,7936,-0.2495360520
42,7937,0.0710495572
42,7938,0.6240633986
42,7939,0.1366725558
42,7940,0.5614683699
42,7941,-1.0023885456
42,7942,0.6029361749
42,7943,-0.6231461636
42,7944,0.1094998086
42,7945,0.8226931772
42,7946,0.3304271115
42,7947,-0.5337542936
42,7948,1.1609325071
42,7949,-0.5182787954
42,7950,-1.0459736111
42,7951,-0.7327381802
42,7952,0.3454777820
42,7953,0.1566715527
42,7954,0.6000912325
42,7955,0.1896293869
42,7956,-0.5158538746
42,7957,-0.0314906758
42,7958,-0.5380884060
42,7959,-0.0424606106
42,7960,0.7049627414
42,7961,-0.2596373019
42,7962,-0.3202590634
42,7963,0.8526275411
42,7964,0.0256689891
42,7965,-0.9478607311
42,7966,1.1456793312
42,7967,-0.5306111266
42,7968,0.8974818943
42,7969,0.2503325447
42,7970,0.5564971483
42,7971,0.3103676763
42,7972,-0.6956024178
42,7973,0.3652433094
42,7974,-0.1430978740
42,7975,0.5493462992
42,7976,-0.2726646246
42,7977,-0.0563838288
42,7978,0.0488326334
42,7979,-0.4301027506
42,7980,0.0726536800
42,7981,0.2316703527
42,7982,1.0039453752
42,7983,0.7576895814
42,7984,-0.5347309621
42,7985,0.9171031354
42,7986,1.0337889984
42,7987,-0.1365650944
42,7988,-0.3759002939
42,7989,0.2934904983
42,7990,-0.3829493475
42,7991,1.0202038789
42,7992,1.0127048680
42,7993,-0.5391586155
42,7994,0.0000317974
42,7995,0.0790338090
42,7996,-0.5508670770
42,7997,0.1882345346
42,7998,0.2244540898
42,7999,0.0883641665
42,8000,-0.7682507281
42,8001,-0.2807433655
42,8002,0.2039274896
42,8003,0.6028343019
42,8004,0.6162244483
42,8005,-0.0078637453
42,8006,0.7788419247
42,8007,0.6978153859
42,8008,0.5727802793
42,8009,-0.0653330104
42,8010,-0.4745415169
42,8011,-0.3269247125
42,8012,0.4741763542
42,8013,0.8361381812
42,8014,-0.4409911011
42,8015,0.6412854140
42,8016,-0.1954179974
42,8017,0.6243454594
42,8018,-0.0001445062
42,8019,0.2012346739
42,8020,-0.1280779157
42,8021,-0.3883605572
42,8022,-1.0184670147
42,8023,0.6886335588
42,8024,-0.5623286304
42,8025,0.1322160922
42,8026,0.2411103656
42,8027,-0.3865020485
42,8028,-0.0079747659
42,8029,-0.5037944045
42,8030,-0.9234681538
42,8031,0.2440867009
42,8032,0.0947839851
42,8033,-0.1529007793
42,8034,-0.1921205467
42,8035,-0.4403715120
42,8036,-0.8048054880
42,8037,-0.4291431308
42,8038,-0.1366102374
42,8039,-0.0581458322
42,8040,-1.1747321144
42,8041,-0.5951043669
42,8042,-0.6369299727
42,8043,0.3215954535
42,8044,1.1791682807
42,8045,-0.4461408841
42,8046,-0.2091057983
42,8047,-0.0719156120
42,8048,0.0553812574
42,8049,-0.5891809613
42,8050,-0.0765156509
42,8051,0.4762269769
42,8052,0.2221606745
42,8053,-0.1270074965
42,8054,-0.5089661694
42,8055,-0.4938790553
42,8056,0.0941141806
42,8057,-0.3651482399
42,8058,0.1547839370
42,8059,0.1932310904
42,8060,-0.1982975870
42,8061,-0.4296806361
42,8062,0.0591088409
42,8063,0.6345946592
42,8064,-0.3986038024
42,8065,-0.7603820974
42,8066,-0.0146585269
42,8067,0.2276212346
42,8068,0.2951774406
42,8069,0.6773732055
42,8070,-0.4479899949
42,8071,-0.4915169201
42,8072,0.0825954561
42,8073,0.2400435861
42,8074,-0.4974120183
42,8075,-0.2271342760
42,8076,0.4259769308
42,8077,-0.6316773536
42,8078,0.0281538392
42,8079,-0.5554372513
42,8080,-0.1897146243
42,8081,0.7144928678
42,8082,0.5896614203
42,8083,-0.1953084612
42,8084,0.3202094946
42,8085,-0.2636408084
42,8086,0.6778434583
42,8087,0.2764105354
42,8088,-0.1799808246
42,8089,-0.0226294154
42,8090,0.1200694195
42,8091,0.1976279614
42,8092,0.7722138480
42,8093,-0.3271641887
42,8094,0.6959918687
42,8095,-0.0351261094
42,8096,-0.9667218166
42,8097,0.2919920562
42,8098,0.5473762413
42,8099,0.2351069944
42,8100,-0.6284494779
42,8101,0.5789237069
42,8102,-0.6476974975
42,8103,-0.1357474811
42,8104,0.5873435049
42,8105,0.0037044570
42,8106,0.1778483956
42,8107,-0.7310355318
42,8108,0.5649737331
42,8109,0.6101375017
42,8110,0.3156905968
42,8111,-0.5327927549
42,8112,-0.6891922481
42,8113,0.9708739953
42,8114,-0.1015720552
42,8115,0.1012744538
42,8116,1.1928332502
42,8117,1.0740261561
42,8118,-1.0959407885
42,8119,-1.1233258888
42,8120,-0.2581884891
42,8121,-0.2179097672
42,8122,-0.0400631284
42,8123,-0.0625843058
42,8124,-0.7088007851
42,8125,0.4844859901
42,8126,-0.3749462743
42,8127,-1.2818614517
42,8128,-0.4179760919
42,8129,-0.5835770199
42,8130,1.5055042510
42,8131,-0.2378502560
42,8132,0.0789109826
42,8133,-0.1240889152
42,8134,-0.0309431863
42,8135,0.8021000635
42,8136,0.3777617400
42,8137,-0.3253641631
42,8138,-0.7485994469
42,8139,0.1715810182
42,8140,-0.1591870990
42,8141,-1.0224944244
42,8142,-0.1608557721
42,8143,-0.1869378430
42,8144,-0.5263747419
42,8145,0.2272152966
42,8146,-0.0293688870
42,8147,-0.1911747723
42,8148,0.0409238330
42,8149,-0.1268571808
42,8150,0.3269106182
42,8151,-0.4404602783
42,8152,-0.1316460623
42,8153,-0.6309173095
42,8154,0.8777954986
42,8155,-0.7626290116
42,8156,-0.0223794884
42,8157,-0.7997906703
42,8158,-1.0239292653
42,8159,-0.2909475666
42,8160,0.9542019571
42,8161,0.2803494247
42,8162,-0.1271699770
42,8163,0.0139692302
42,8164,-0.3110948089
42,8165,-0.8392291721
42,8166,-0.3312007291
42,8167,-0.0206213586
42,8168,0.6789283364
42,8169,-0.7108476612
42,8170,-0.5501596081
42,8171,-0.3092361074
42,8172,-0.8212037469
42,8173,0.6994923508
42,8174,-1.1631598925
42,8175,-0.7853122126
42,8176,-0.6951471400
42,8177,0.1985682058
42,8178,0.9291332771
42,8179,0.4064238571
42,8180,-0.2123279437
42,8181,0.9125544612
42,8182,-0.0719987537
42,8183,-0.6381864412
42,8184,0.0800171195
42,8185,-0.0670191844
42,8186,0.1811286914
42,8187,1.1292906625
42,8188,-0.0046915795
42,8189,0.5509192704
42,8190,-0.0546804119
42,8191,-0.6714017096
42,8192,0.3237502709
42,8193,0.8793356841
42,8194,-0.1568210643
42,8195,-1.0666061393
42,8196,-0.4203018497
42,8197,0.1481723025
42,8198,-0.9110483970
42,8199,0.0009026368
42,8200,-0.4827662047
42,8201,-0.1740892851
42,8202,-0.4637356667
42,8203,0.3870083602
42,8204,-0.3021691329
42,8205,0.8577706184
42,8206,-0.4789456795
42,8207,-0.0055949834
42,8208,-0.5672022789
42,8209,0.3225384511
42,8210,0.4240968668
42,8211,-0.2246820678
42,8212,0.5101278425
42,8213,-0.5616894673
42,8214,-0.1003296043
42,8215,-1.3703460605
42,8216,0.0234029637
42,8217,0.0660613014
42,8218,-0.2429885433
42,8219,-0.2682086142
42,8220,-0.0482786342
42,8221,-0.2344634015
42,8222,-0.1245687883
42,8223,0.8906671916
42,8224,-0.4110321388
42,8225,-0.6600508383
42,8226,-0.6229474734
42,8227,0.5449635574
42,8228,0.3075892107
42,8229,0.7094464679
42,8230,1.1657882578
42,8231,-0.5403412945
42,8232,-0.9192133158
42,8233,-0.3696058804
42,8234,0.2971054430
42,8235,0.7688753726
42,8236,-0.7875483589
42,8237,-0.3867326893
42,8238,-0.7773754836
42,8239,-0.0274148609
42,8240,-0.3951712537
42,8241,-1.2556237183
42,8242,-0.4276806567
42,8243,0.0485337696
42,8244,0.0272084039
42,8245,0.3052258275
42,8246,0.0080704081
42,8247,0.7697314863
42,8248,-0.4021799755
42,8249,-0.2053379103
42,8250,0.6488128974
42,8251,0.3280453246
42,8252,-0.8940256524
42,8253,-0.8785671320
42,8254,0.6575575758
42,8255,-0.3000042011
42,8256,-0.1705164521
42,8257,-0.0894425660
42,8258,-0.3869837475
42,8259,0.6435344780
42,8260,-0.2285567349
42,8261,-0.5672083897
42,8262,0.0850471497
42,8263,0.0182703920
42,8264,-0.4494154528
42,8265,-0.0615576113
42,8266,-0.5393926756
42,8267,-0.5846742356
42,8268,-0.6702368365
42,8269,-0.0237262895
42,8270,0.1905832179
42,8271,-0.0985020696
42,8272,0.1981616336
42,8273,0.3150779352
42,8274,0.1240464916
42,8275,0.4043948804
42,8276,-0.8708334123
42,8277,-0.2223979305
42,8278,0.1653407801
42,8279,0.8293700584
42,8280,-0.3915755913
42,8281,-0.8209595628
42,8282,0.8951065155
42,8283,0.9352070396
42,8284,-0.3932721859
42,8285,-0.0711246116
42,8286,0.5185629212
42,8287,0.0345092461
42,8288,0.3052973974
42,8289,0.0831225259
42,8290,-0.2042003043
42,8291,-0.3412240174
42,8292,0.1712492502
42,8293,-0.1231346233
42,8294,0.4514317487
42,8295,0.2339394762
42,8296,-0.6696473701
42,8297,-0.2996542292
42,8298,0.5063146173
42,8299,0.0762294021
42,8300,0.6345896680
42,8301,0.4735084416
42,8302,-0.1945986100
42,8303,-0.9891101144
42,8304,-0.5250209873
42,8305,0.2186572467
42,8306,-0.3120333547
42,8307,-0.5557075066
42,8308,-1.3636322169
42,8309,-0.5313997379
42,8310,1.0129441945
42,8311,0.3346140163
42,8312,0.1964233080
42,8313,-0.1373124619
42,8314,0.8417683968
42,8315,0.3359370578
42,8316,-0.4812107748
42,8317,0.8458204655
42,8318,-0.8012788710
42,8319,-0.7306126228
42,8320,-0.3741885671
42,8321,0.2625689936
42,8322,-0.1294291820
42,8323,-0.5722531514
42,8324,-0.1851571285
42,8325,0.1139280533
42,8326,-0.4020246322
42,8327,0.3680079170
42,8328,-0.2236591026
42,8329,0.3060820667
42,8330,-0.5078184752
42,8331,0.0304930110
42,8332,0.7321388526
42,8333,0.9209826134
42,8334,0.0784969654
42,8335,-0.8963601179
42,8336,0.2192909618
42,8337,0.2370591071
42,8338,-0.4196212627
42,8339,0.4811837063
42,8340,-0.4575426194
42,8341,-1.0622891018
42,8342,-0.9625282390
42,8343,0.4896235069
42,8344,-0.2636212454
42,8345,-0.8679407271
42,8346,-0.1538840310
42,8347,1.0864334232
42,8348,-0.1489420950
42,8349,0.0346273077
42,8350,0.2709211441
42,8351,-0.3258525007
42,8352,-0.2388084321
42,8353,0.5281223425
42,8354,-0.2421450327
42,8355,0.6967337422
42,8356,0.1106077936
42,8357,-0.9300472421
42,8358,0.9818887771
42,8359,0.0624140087
42,8360,0.2361440341
42,8361,0.1845927969
42,8362,0.6333035420
42,8363,0.5765711489
42,8364,-0.4549342066
42,8365,-0.1408566389
42,8366,-0.0871332504
42,8367,0.6194226377
42,8368,0.3965607960
42,8369,-0.1451987133
42,8370,0.3811302366
42,8371,0.0688123095
42,8372,0.4188790670
42,8373,0.5264779325
42,8374,-0.2448732336
42,8375,-0.1488417445
42,8376,-0.2781541443
42,8377,-0.5040919960
42,8378,0.5127979350
42,8379,-0.1350229321
42,8380,0.0795163835
42,8381,0.8390585500
42,8382,-0.0427022825
42,8383,0.6614779835
42,8384,-0.2272677210
42,8385,-0.8444941206
42,8386,0.0745609576
42,8387,0.1920922111
42,8388,-0.4493466868
42,8389,-0.1045715749
42,8390,-0.0784225446
42,8391,0.3534845051
42,8392,0.3956543438
42,8393,-0.1892793066
42,8394,-0.6600889553
42,8395,1.3484605412
42,8396,0.3325960013
42,8397,0.3991456518
42,8398,0.1465014931
42,8399,-0.8920616120
42,8400,1.0000235981
42,8401,0.4079286959
42,8402,0.5528927098
42,8403,-0.9365160328
42,8404,-0.7185580841
42,8405,-0.2222752145
42,8406,0.6953275000
42,8407,-0.7187338651
42,8408,0.0181718623
42,8409,-0.0158314476
42,8410,-1.1822325638
42,8411,-0.3695664813
42,8412,-0.3256759830
42,8413,-0.0673574124
42,8414,-0.6290836004
42,8415,0.5365090987
42,8416,-0.6871424233
42,8417,0.0107591986
42,8418,-1.2513521540
42,8419,-0.7030891506
42,8420,-0.0847640448
42,8421,-0.7070149355
42,8422,-0.7472996961
42,8423,0.7774452465
42,8424,-0.6300746101
42,8425,0.1305127002
42,8426,0.5906182879
42,8427,0.6646037943
42,8428,-0.0372295238
42,8429,-0.7102390591
42,8430,-0.0742275556
42,8431,-0.5677145179
42,8432,0.2578150721
42,8433,0.1179624827
42,8434,0.0576931958
42,8435,0.4339985292
42,8436,0.1795908383
42,8437,-0.9034495889
42,8438,0.1047517814
42,8439,0.5650186233
42,8440,-0.3099811745
42,8441,0.2577853109
42,8442,0.1823413758
42,8443,-0.0769241020
42,8444,0.2855920461
42,8445,-0.5612400273
42,8446,0.1814179208
42,8447,-0.1942368304
42,8448,0.5819674105
42,8449,0.2736498061
42,8450,0.1485151184
42,8451,0.0723369042
42,8452,-0.1002279472
42,8453,-0.0329110530
42,8454,-0.3620780445
42,8455,-0.0473850656
42,8456,0.6416061613
42,8457,-0.5279310049
42,8458,-0.5915254844
42,8459,0.7860732653
42,8460,0.2605367992
42,8461,0.1812826146
42,8462,0.2269405976
42,8463,-0.4976348997
42,8464,-0.0027808522
42,8465,0.3000730932
42,8466,0.3974125678
42,8467,-1.1868041056
42,8468,-0.1530555361
42,8469,1.4704339343
42,8470,0.7652212610
42,8471,-0.0135523881
42,8472,-0.5976742073
42,8473,-0.1041520505
42,8474,0.7704362392
42,8475,-0.5232085601
42,8476,0.5795921209
42,8477,0.0192062694
42,8478,0.5217094091
42,8479,0.1117841284
42,8480,-0.2902854782
42,8481,0.2909291569
42,8482,0.8056748218
42,8483,0.3266742412
42,8484,0.2525928565
42,8485,-0.1230730226
42,8486,0.6113613396
42,8487,0.3580049736
42,8488,0.9150639102
42,8489,0.6536491762
42,8490,-0.4509159886
42,8491,-0.2316053228
42,8492,-0.3915938590
42,8493,0.5420169983
42,8494,0.5829558476
42,8495,0.6715503496
42,8496,1.2633274283
42,8497,0.6214244570
42,8498,-1.0333110699
42,8499,0.1458285808
42,8500,-0.5792167444
42,8501,0.2400107155
42,8502,-1.2028779867
42,8503,-0.4903135026
42,8504,0.8823410465
42,8505,-0.6182613847
42,8506,-0.1230101317
42,8507,-0.6763780792
42,8508,-0.0894204209
42,8509,-0.3057035938
42,8510,0.4074803791
42,8511,-0.2590426089
42,8512,0.7618517117
42,8513,-0.6752749460
42,8514,-0.2655612186
42,8515,0.8339137492
42,8516,0.6858272731
42,8517,0.2681523017
42,8518,1.0717913847
42,8519,0.3523395091
42,8520,-0.4134061825
42,8521,0.4115780487
42,8522,0.1827728423
42,8523,0.5011347635
42,8524,0.1231056339
42,8525,0.3785508453
42,8526,-0.5188206416
42,8527,-0.0608771081
42,8528,-0.2796663167
42,8529,0.1943564610
42,8530,0.2960325658
42,8531,-0.0316186607
42,8532,0.5010105802
42,8533,-0.6498556790
42,8534,-0.0967634074
42,8535,0.5244897690
42,8536,0.4820104339
42,8537,1.0691856053
42,8538,-0.6044083454
42,8539,0.1044623635
42,8540,-0.4351233549
42,8541,0.6677962364
42,8542,0.4183644153
42,8543,0.0161956004
42,8544,0.7892859022
42,8545,-0.0571749529
42,8546,-0.1925334094
42,8547,-0.5845300335
42,8548,0.5778861652
42,8549,-0.7369966012
42,8550,-0.2878297326
42,8551,0.2111873333
42,8552,0.5866857641
42,8553,-0.2106332347
42,8554,0.0776521794
42,8555,0.1132625580
42,8556,-0.6261446318
42,8557,-0.5135371410
42,8558,0.8963877772
42,8559,-0.6621009975
42,8560,-0.7544862155
42,8561,-0.2502383673
42,8562,0.0551075835
42,8563,1.1502246160
42,8564,-0.9676731733
42,8565,0.6042425659
42,8566,-0.1494327610
42,8567,0.5626979874
42,8568,-0.0703177993
42,8569,0.8584766320
42,8570,-0.3823656573
42,8571,-0.1434003194
42,8572,-0.7859923334
42,8573,-0.6774161709
42,8574,0.4201890460
42,8575,0.5314763082
42,8576,0.3764364136
42,8577,0.0757119487
42,8578,0.2507040472
42,8579,-0.6920941834
42,8580,-0.2128499300
42,8581,0.0441400486
42,8582,0.4060003922
42,8583,-0.1534176683
42,8584,-0.0673535746
42,8585,0.5017729235
42,8586,-0.1491066294
42,8587,0.7927279146
42,8588,0.3962885864
42,8589,-0.2901781683
42,8590,-0.8654737220
42,8591,-0.5320613839
42,8592,0.9506833026
42,8593,-1.0355287870
42,8594,0.4597579929
42,8595,0.0258555861
42,8596,0.2947071613
42,8597,-0.1699582265
42,8598,-0.2636996982
42,8599,-0.7554629492
42,8600,0.0521501863
42,8601,-0.4515065586
42,8602,0.6406611080
42,8603,0.7541667419
42,8604,-0.4341420402
42,8605,0.2757515460
42,8606,0.7106748201
42,8607,-0.1306839940
42,8608,-0.3168051889
42,8609,0.0930408591
42,8610,-0.4016169532
42,8611,-0.0725371869
42,8612,-1.0023974103
42,8613,0.0697088060
42,8614,0.2317347646
42,8615,0.4981835407
42,8616,-0.5766481789
42,8617,0.2485038194
42,8618,0.1638341390
42,8619,-0.8747470538
42,8620,-0.0671060494
42,8621,0.5389259138
42,8622,-0.8610419218
42,8623,0.2648401988
42,8624,-0.3135238476
42,8625,0.6365924947
42,8626,-0.3968563818
42,8627,-0.2602578766
42,8628,-0.0419306082
42,8629,-0.4991579159
42,8630,0.1118854965
42,8631,0.1942599751
42,8632,1.5753010253
42,8633,-0.1241931894
42,8634,0.2008214361
42,8635,0.2854803557
42,8636,0.3354711827
42,8637,0.6579918039
42,8638,-0.0425936005
42,8639,-0.1842315951
42,8640,-0.5567398249
42,8641,-0.7788128170
42,8642,0.0468519142
42,8643,-0.4273507517
42,8644,-0.3280748452
42,8645,0.0905191104
42,8646,0.5354388392
42,8647,-0.0169851059
42,8648,-0.2145313890
42,8649,-0.9079222816
42,8650,-0.6140247077
42,8651,0.0635885041
42,8652,0.4843546867
42,8653,-0.4665515751
42,8654,-0.7160753565
42,8655,-0.4826114504
42,8656,-0.1246646912
42,8657,0.3820340905
42,8658,1.4440182856
42,8659,0.0396948110
42,8660,0.2527584617
42,8661,-0.4008203538
42,8662,0.2026150501
42,8663,0.7673981177
42,8664,-0.3277143951
42,8665,1.0819183947
42,8666,0.9988401828
42,8667,0.1505656603
42,8668,0.0812718076
42,8669,-0.8399991288
42,8670,-0.6260649586
42,8671,-1.1149608769
42,8672,0.3942871591
42,8673,-0.3382490605
42,8674,0.8554321330
42,8675,-0.8133342871
42,8676,-0.0054552894
42,8677,0.6324312796
42,8678,-0.6517363160
42,8679,0.1997628046
42,8680,0.0541032660
42,8681,0.3678694931
42,8682,-0.4160590911
42,8683,-0.5924524303
42,8684,0.0678655562
42,8685,0.1518281795
42,8686,0.5079909125
42,8687,-0.0838425263
42,8688,1.2072317166
42,8689,-0.4536051637
42,8690,0.5881029308
42,8691,-0.2450727885
42,8692,0.5081306292
42,8693,0.1054376465
42,8694,-0.3205091731
42,8695,0.0575865187
42,8696,-0.0996879261
42,8697,0.4490874950
42,8698,0.2178054905
42,8699,1.1978708143
42,8700,-0.4050742654
42,8701,0.0461377125
42,8702,0.5066605133
42,8703,-0.7207728105
42,8704,0.3821909254
42,8705,0.0341073107
42,8706,1.0252788563
42,8707,-1.1442330178
42,8708,0.6104135238
42,8709,-0.7635098457
42,8710,0.3401348714
42,8711,-0.5916660832
42,8712,-0.1684297818
42,8713,-0.5656333331
42,8714,0.2252418615
42,8715,-0.1266320191
42,8716,-0.1457747306
42,8717,-1.0972378165
42,8718,-0.0859241290
42,8719,0.4770222261
42,8720,-0.2625598844
42,8721,-0.6382438962
42,8722,0.3935014007
42,8723,-0.7810962566
42,8724,0.2598584008
42,8725,-0.3118957377
42,8726,-0.0257087910
42,8727,-0.2343393095
42,8728,-1.0505501877
42,8729,0.0275717027
42,8730,0.2121052041
42,8731,0.4667640108
42,8732,0.8710430011
42,8733,0.1438965151
42,8734,-0.8788304094
42,8735,0.2573200481
42,8736,-0.0998884440
42,8737,0.0007421818
42,8738,-0.0470226970
42,8739,0.2155961788
42,8740,-0.5846778588
42,8741,-0.2263118095
42,8742,0.2856165447
42,8743,0.0998246975
42,8744,-0.9513137528
42,8745,-0.6230967032
42,8746,-0.4292461843
42,8747,0.3245051089
42,8748,-0.6713019850
42,8749,-0.1103528813
42,8750,0.3974081063
42,8751,0.4253968193
42,8752,0.5306145702
42,8753,1.1725048129
42,8754,0.0628512446
42,8755,1.2895426411
42,8756,0.3449839261
42,8757,0.6567563216
42,8758,0.4885930711
42,8759,0.6476564658
42,8760,-0.5578646528
42,8761,-0.4308064911
42,8762,-0.0188596386
42,8763,0.7538114192
42,8764,-0.2783535185
42,8765,0.8078556274
42,8766,-1.0284422288
42,8767,-0.4136709596
42,8768,-0.6468967816
42,8769,0.3414587274
42,8770,-0.1637637700
42,8771,-0.6441889743
42,8772,0.6495297407
42,8773,-0.3135244122
42,8774,0.8850204156
42,8775,-0.7148613898
42,8776,-0.7637318339
42,8777,0.1537875403
42,8778,-0.2631825017
42,8779,-0.4045712579
42,8780,0.3428911103
42,8781,-0.5849937783
42,8782,0.2179797850
42,8783,-0.2131504655
42,8784,0.0586141579
42,8785,0.9985146975
42,8786,0.2134266797
42,8787,0.8136471612
42,8788,1.1350856597
42,8789,0.0340738182
42,8790,0.2578025811
42,8791,-0.4374616318
42,8792,-0.8426041956
42,8793,0.6707791724
42,8794,-0.8570818994
42,8795,-0.0221569558
42,8796,0.0173875739
42,8797,0.2881948636
42,8798,-0.2084936682
42,8799,-0.4146501652
42,8800,-0.4813316538
42,8801,-0.1477704213
42,8802,0.3898649426
42,8803,0.3519150656
42,8804,0.2639951566
42,8805,0.2999895868
42,8806,-0.5809017408
42,8807,-0.9104365692
42,8808,0.0660491414
42,8809,-1.0269148456
42,8810,-0.2643759517
42,8811,0.0190102544
42,8812,0.0337710510
42,8813,0.2010467182
42,8814,-0.0351275896
42,8815,-0.3027126816
42,8816,0.0108179453
42,8817,0.1138004064
42,8818,0.4723533581
42,8819,-0.6940880900
42,8820,0.0037790252
42,8821,0.5174573687
42,8822,-0.4922132325
42,8823,-0.2341138475
42,8824,0.1334533933
42,8825,-0.1928349071
42,8826,-0.1189120134
42,8827,-0.4504903028
42,8828,-0.3026812589
42,8829,-0.1462123738
42,8830,0.1192981151
42,8831,0.3264380543
42,8832,0.1528962679
42,8833,-0.0975676745
42,8834,-0.7738103680
42,8835,0.1603387124
42,8836,0.7530202075
42,8837,-0.4888907394
42,8838,-0.2108862435
42,8839,-0.5262232003
42,8840,0.3620487722
42,8841,-0.1887536651
42,8842,-0.3384193402
42,8843,-0.5479206753
42,8844,-0.0164278808
42,8845,-0.1413316759
42,8846,-0.3170338691
42,8847,-1.1552418958
42,8848,-0.5286523779
42,8849,-0.1310311820
42,8850,-0.5971943304
42,8851,-0.6402333106
42,8852,-0.1027728857
42,8853,-0.8673886240
42,8854,1.1904145246
42,8855,0.0843472795
42,8856,-0.0961465858
42,8857,-0.5084972569
42,8858,0.1695110313
42,8859,0.1133676184
42,8860,0.0705935396
42,8861,-0.7191462026
42,8862,-0.1880272138
42,8863,-0.4140662732
42,8864,-0.7354359690
42,8865,0.2108355824
42,8866,0.4072152099
42,8867,0.0642723592
42,8868,-0.1304546191
42,8869,0.5123876821
42,8870,0.5576313776
42,8871,0.7454390526
42,8872,0.1022916201
42,8873,0.8321721099
42,8874,0.0144307758
42,8875,0.7591451274
42,8876,-0.0364188506
42,8877,0.2221854783
42,8878,1.2293576541
42,8879,-0.3327224018
42,8880,0.8078791931
42,8881,0.4530999992
42,8882,-0.1265132724
42,8883,-0.2870823163
42,8884,-0.7532599491
42,8885,-0.4439687868
42,8886,0.1058896649
42,8887,0.1104493574
42,8888,0.3997958565
42,8889,0.3327722986
42,8890,0.1701001634
42,8891,-0.9133351811
42,8892,-1.0622324679
42,8893,-0.5589424586
42,8894,0.5176977200
42,8895,-0.7855371010
42,8896,-0.3013508349
42,8897,-0.1324517166
42,8898,-0.5413780312
42,8899,-0.1998607594
42,8900,0.0655402585
42,8901,-0.4106197018
42,8902,-0.4029466778
42,8903,-0.1247972559
42,8904,-0.5729896405
42,8905,0.0344670056
42,8906,-0.6701201564
42,8907,0.6310274247
42,8908,-0.3156821567
42,8909,0.6782708167
42,8910,0.7614429070
42,8911,0.5528798156
42,8912,0.4431933314
42,8913,0.0863887481
42,8914,0.6199164971
42,8915,0.7387533843
42,8916,-0.5100180695
42,8917,-1.1521671661
42,8918,0.1261813083
42,8919,0.5728377434
42,8920,-0.1819896837
42,8921,0.3444653441
42,8922,0.3638084549
42,8923,-0.3940480494
42,8924,0.2333962239
42,8925,0.3113375420
42,8926,-0.0788888927
42,8927,-0.4078181962
42,8928,-0.1900474445
42,8929,0.1184504216
42,8930,-0.2877047065
42,8931,0.3448813813
42,8932,0.3211799703
42,8933,-0.0306976950
42,8934,0.0303496176
42,8935,-0.6329667227
42,8936,-1.0161219047
42,8937,0.0080242934
42,8938,-0.0970682479
42,8939,0.3316678319
42,8940,0.1622698463
42,8941,-0.8823328751
42,8942,-0.2097713964
42,8943,-0.3763936516
42,8944,-0.4668710537
42,8945,0.5732607863
42,8946,1.1184324888
42,8947,-0.3471418307
42,8948,0.4940908333
42,8949,0.1379567778
42,8950,0.3358459783
42,8951,-0.1577757617
42,8952,-0.9973183462
42,8953,0.4234160651
42,8954,0.4003426294
42,8955,0.3740635449
42,8956,-0.4934938750
42,8957,0.7440933665
42,8958,-0.2127574074
42,8959,0.3831842505
42,8960,0.0423133547
42,8961,-0.6380079955
42,8962,0.3776205831
42,8963,-0.5067121914
42,8964,0.4609379262
42,8965,0.0208080367
42,8966,-0.3969170001
42,8967,-0.1838334317
42,8968,-0.8052863774
42,8969,-0.3926087210
42,8970,-0.1440994578
42,8971,-0.5507287252
42,8972,-0.4029062161
42,8973,-0.2628425176
42,8974,0.0715227486
42,8975,-0.1280147971
42,8976,-0.5711423848
42,8977,0.0899148516
42,8978,-0.4063013851
42,8979,0.0705462146
42,8980,-0.3548387586
42,8981,-0.2871616669
42,8982,0.2550598698
42,8983,-0.5276331645
42,8984,0.1000529194
42,8985,-0.4588974255
42,8986,0.0683673353
42,8987,0.9046928031
42,8988,0.9170677592
42,8989,-0.1784231281
42,8990,0.6293597665
42,8991,-0.2824722427
42,8992,-0.9336469843
42,8993,-0.4638403555
42,8994,0.5281684638
42,8995,0.8569606598
42,8996,0.7635396527
42,8997,1.0432146632
42,8998,0.7608641402
42,8999,-0.2593572740
42,9000,0.3672093594
42,9001,-0.1324548795
42,9002,-0.2995833777
42,9003,-0.0790418015
42,9004,0.0386893732
42,9005,0.0851061501
42,9006,0.2861964311
42,9007,0.1240067949
42,9008,0.0410121024
42,9009,0.1612347554
42,9010,0.2050969142
42,9011,0.9045754453
42,9012,0.5302748687
42,9013,0.1008531805
42,9014,-0.0649409504
42,9015,-0.1270848166
42,9016,0.6363969873
42,9017,-0.1228231683
42,9018,-0.9142037339
42,9019,-0.1271212095
42,9020,0.3900244732
42,9021,-0.0010409848
42,9022,-0.0834411561
42,9023,0.4100194942
42,9024,0.0349412916
42,9025,0.3741321618
42,9026,0.6807329974
42,9027,-0.3627720729
42,9028,0.0474522458
42,9029,0.7664671061
42,9030,-0.1754735922
42,9031,0.1297741214
42,9032,-0.1776512245
42,9033,-0.0919521642
42,9034,0.6265894480
42,9035,0.4470095260
42,9036,0.4545929431
42,9037,0.4677044295
42,9038,-0.5697884924
42,9039,-0.2485628939
42,9040,0.2115403311
42,9041,-0.0118717046
42,9042,0.3865525012
42,9043,0.7358912661
42,9044,0.1602517697
42,9045,0.6763318629
42,9046,-0.4281013135
42,9047,-0.1616842738
42,9048,0.3810035501
42,9049,0.4403742639
42,9050,0.9651902425
42,9051,0.5442444767
42,9052,0.4765089721
42,9053,-0.3147039499
42,9054,-0.1539765815
42,9055,-1.3108348525
42,9056,0.0666041191
42,9057,-1.0455875307
42,9058,-0.7680082584
42,9059,-0.1123783329
42,9060,-1.0310566960
42,9061,-0.7048103726
42,9062,0.2373240713
42,9063,1.0699692868
42,9064,0.3289515018
42,9065,-0.9213531122
42,9066,0.1198401995
42,9067,0.0082108779
42,9068,0.0001570802
42,9069,0.4248593011
42,9070,-0.6787237983
42,9071,0.4557039675
42,9072,0.2822021549
42,9073,-0.2262287771
42,9074,0.1580575296
42,9075,-0.2492748757
42,9076,0.2968665104
42,9077,0.3793936654
42,9078,-0.0216308251
42,9079,-0.4932807768
42,9080,0.0367311192
42,9081,-0.9666764648
42,9082,0.9212725202
42,9083,-0.1423318880
42,9084,0.3651683081
42,9085,0.1655899744
42,9086,1.0199648437
42,9087,-0.5038373808
42,9088,-0.0083569018
42,9089,-0.1844057140
42,9090,-0.0800546779
42,9091,0.4927143687
42,9092,0.4461843260
42,9093,0.1605654078
42,9094,-0.4876344876
42,9095,0.0214648486
42,9096,-0.7036551650
42,9097,-0.1130519724
42,9098,0.1344606361
42,9099,0.0496986687
42,9100,-0.4605682490
42,9101,0.8887574286
42,9102,1.0591297820
42,9103,0.7077924413
42,9104,-0.0036718811
42,9105,0.3463645457
42,9106,-0.1905950072
42,9107,0.0224723287
42,9108,-0.2165565720
42,9109,0.3452531462
42,9110,0.5345226838
42,9111,-0.7805539305
42,9112,-0.7855650452
42,9113,0.2329624545
42,9114,0.4724485320
42,9115,0.5994309508
42,9116,0.4236874032
42,9117,0.3038861814
42,9118,0.0923516378
42,9119,0.2948328116
42,9120,0.0804596244
42,9121,-0.5157478787
42,9122,0.6597929671
42,9123,-0.6202541146
42,9124,0.5976597035
42,9125,-0.2917323869
42,9126,-0.0675604300
42,9127,-0.1253504311
42,9128,0.8812742148
42,9129,0.2494688117
42,9130,-0.9151092465
42,9131,0.0285759825
42,9132,0.3844835475
42,9133,0.7343757559
42,9134,0.0947983991
42,9135,-0.3668945171
42,9136,0.6985085413
42,9137,0.6197848267
42,9138,-0.9394296290
42,9139,-0.6678629669
42,9140,-1.1774136547
42,9141,0.2405980931
42,9142,-0.0710044457
42,9143,0.3887395203
42,9144,-1.2490666772
42,9145,-1.2795556561
42,9146,0.0058911774
42,9147,0.0131723254
42,9148,0.3292471768
42,9149,-0.0542474377
42,9150,0.1521967536
42,9151,0.4221833089
42,9152,0.1018046998
42,9153,0.0958835961
42,9154,-0.4864776546
42,9155,0.4666082188
42,9156,0.3954958372
42,9157,0.1699193489
42,9158,-0.8204294693
42,9159,-0.0399922851
42,9160,-0.4327192464
42,9161,-0.4004807265
42,9162,0.4499078110
42,9163,0.0247443217
42,9164,0.4966041833
42,9165,-0.5792172428
42,9166,0.0159586648
42,9167,0.0737464464
42,9168,-0.2609225341
42,9169,-1.0806113930
42,9170,-0.5523637154
42,9171,0.1061513407
42,9172,-0.1871290084
42,9173,-0.4718321404
42,9174,1.3921077796
42,9175,0.1582862852
42,9176,-0.0213420490
42,9177,0.0321413959
42,9178,0.2080392683
42,9179,0.0318375470
42,9180,-0.3308718633
42,9181,0.5970774811
42,9182,-0.2624794923
42,9183,0.6202476527
42,9184,0.7815176903
42,9185,-0.4399853890
42,9186,0.2158466329
42,9187,0.1128984423
42,9188,-0.6435842756
42,9189,-0.1362210054
42,9190,-0.8146850027
42,9191,0.0848429071
42,9192,0.0099453493
42,9193,0.7085234811
42,9194,0.2750950890
42,9195,-0.0259478976
42,9196,-0.6053371409
42,9197,-0.3133298250
42,9198,0.3383999029
42,9199,-0.1685536021
42,9200,-0.1096817116
42,9201,0.2247010427
42,9202,0.2975768794
42,9203,0.8253486239
42,9204,0.1029779309
42,9205,0.5829617978
42,9206,-0.1676693899
42,9207,-0.5950023906
42,9208,-0.3352064688
42,9209,-0.6230458858
42,9210,0.4229060750
42,9211,-0.1617675635
42,9212,-0.4555442753
42,9213,0.0556835447
42,9214,-0.1144762858
42,9215,0.2400827133
42,9216,0.5777779244
42,9217,-0.3282526171
42,9218,-0.0146176744
42,9219,-0.1232596675
42,9220,0.8744299843
42,9221,0.3870885619
42,9222,0.5538392476
42,9223,-0.0879700829
42,9224,-0.5328245563
42,9225,-0.1990804864
42,9226,0.4985803361
42,9227,0.9707147290
42,9228,-0.1515062375
42,9229,0.3463669266
42,9230,0.3386555846
42,9231,0.1383876740
42,9232,0.1052343115
42,9233,0.2485022342
42,9234,0.1918620079
42,9235,-0.5185199259
42,9236,0.3237089932
42,9237,0.0776555862
42,9238,-0.0169717352
42,9239,-0.2317424914
42,9240,0.0996169945
42,9241,0.4446481221
42,9242,0.1112673614
42,9243,0.1565873022
42,9244,0.0426150890
42,9245,0.3548087690
42,9246,-0.5703594396
42,9247,-0.0198199849
42,9248,-0.0714406714
42,9249,-0.6568026663
42,9250,0.5380927507
42,9251,-0.9471900008
42,9252,-0.4454520563
42,9253,-0.4015853028
42,9254,-0.1528763361
42,9255,-0.5178464752
42,9256,-0.7094757606
42,9257,-0.2459304294
42,9258,0.6102776918
42,9259,0.3206472340
42,9260,0.2264779769
42,9261,0.0608020037
42,9262,0.2089094667
42,9263,0.6007081372
42,9264,0.0661016885
42,9265,0.5956532330
42,9266,-0.5398701758
42,9267,0.2623499822
42,9268,0.6266277561
42,9269,-0.0491947103
42,9270,-0.3334060865
42,9271,0.5433365277
42,9272,0.3948125055
42,9273,0.3121999914
42,9274,-0.0941271478
42,9275,-0.7946974938
42,9276,1.2998195288
42,9277,-0.4471434267
42,9278,-0.3772865231
42,9279,0.3359888902
42,9280,0.2508254074
42,9281,-0.9321872598
42,9282,0.4640950649
42,9283,-0.8836902049
42,9284,-0.5945951265
42,9285,-0.3824521140
42,9286,-0.2233360194
42,9287,0.0926656361
42,9288,0.6350168071
42,9289,-0.5456015865
42,9290,0.6136419491
42,9291,0.0202570294
42,9292,0.5735067883
42,9293,0.0020084757
42,9294,0.3680432349
42,9295,0.5531746265
42,9296,0.0440223955
42,9297,0.2447500009
42,9298,-0.7340038796
42,9299,-0.8830601767
42,9300,1.3494657357
42,9301,1.0645057228
42,9302,0.6362207584
42,9303,-0.2696341852
42,9304,0.4386841608
42,9305,0.0070909361
42,9306,0.6029999810
42,9307,0.7949553598
42,9308,0.0287389101
42,9309,0.5090785713
42,9310,0.9028257238
42,9311,-0.4777673799
42,9312,-0.1243994494
42,9313,-0.2556054790
42,9314,-0.8241563502
42,9315,0.1709041472
42,9316,-0.4719485936
42,9317,-0.7322455226
42,9318,-0.3863747424
42,9319,-0.0870758254
42,9320,1.6089315042
42,9321,-0.1988348550
42,9322,1.4535136397
42,9323,0.5597768632
42,9324,0.2206678074
42,9325,0.7784780414
42,9326,0.8937616999
42,9327,1.0547794783
42,9328,0.5178518975
42,9329,0.2437846295
42,9330,-0.4539753010
42,9331,0.5232238240
42,9332,0.3904703741
42,9333,-0.0160194860
42,9334,0.8681522036
42,9335,-0.4317649410
42,9336,0.4597402161
42,9337,-0.0826731295
42,9338,-1.1068906217
42,9339,0.3385383378
42,9340,-0.1679799177
42,9341,0.1940766147
42,9342,0.3116051953
42,9343,0.2512721387
42,9344,0.2005816827
42,9345,0.4788283911
42,9346,0.0025615134
42,9347,-0.0382312697
42,9348,-0.8751498564
42,9349,-0.8582958153
42,9350,0.3390133420
42,9351,0.9987234087
42,9352,-0.7152334128
42,9353,0.6559954547
42,9354,0.7553810482
42,9355,-0.7190557113
42,9356,-0.0485457204
42,9357,-0.3240960778
42,9358,-0.6988489288
42,9359,-0.1906450535
42,9360,-0.0994204794
42,9361,-0.0593811968
42,9362,0.4157043851
42,9363,0.4296202505
42,9364,0.0043529943
42,9365,0.2392603315
42,9366,-0.3615635324
42,9367,0.5058679413
42,9368,0.0740564648
42,9369,0.0195947957
42,9370,-0.6402914080
42,9371,0.4034589169
42,9372,0.5139786393
42,9373,-0.0033091098
42,9374,-0.1625540259
42,9375,-0.3926696798
42,9376,0.1324899954
42,9377,0.3489243655
42,9378,0.7929979715
42,9379,0.3758343077
42,9380,-1.2720351215
42,9381,-0.6734728656
42,9382,-0.6794350137
42,9383,-0.6478920974
42,9384,0.0757258605
42,9385,0.5023669290
42,9386,0.3500171249
42,9387,0.2986213476
42,9388,-0.5727187769
42,9389,0.4660827740
42,9390,0.4989380337
42,9391,0.7315387309
42,9392,0.1192722390
42,9393,0.0934999666
42,9394,-0.0687007787
42,9395,0.2873288487
42,9396,-0.2492138820
42,9397,0.4216296959
42,9398,0.0482105601
42,9399,-0.0760707530
42,9400,0.2968834058
42,9401,0.1624562540
42,9402,-0.4045046171
42,9403,0.4360272248
42,9404,-0.0704314640
42,9405,-1.1932350767
42,9406,-0.8195639205
42,9407,0.0715530907
42,9408,0.4028892385
42,9409,0.6653059436
42,9410,0.7890766750
42,9411,0.1339646288
42,9412,0.4384361173
42,9413,-0.4747148165
42,9414,-0.5132526919
42,9415,0.8174525005
42,9416,0.2181572283
42,9417,0.3645114807
42,9418,-0.4390565865
42,9419,0.0819643660
42,9420,-0.2218771099
42,9421,-0.2626215992
42,9422,-0.8230738030
42,9423,-0.0141850844
42,9424,0.2188219255
42,9425,-0.2614311357
42,9426,0.0952634692
42,9427,-0.3321150663
42,9428,0.1171678862
42,9429,0.6325866233
42,9430,0.2600087031
42,9431,-1.0103996947
42,9432,0.2678156415
42,9433,0.4173005171
42,9434,0.2043199045
42,9435,1.0633599715
42,9436,0.2623240461
42,9437,0.0608358491
42,9438,0.9438174305
42,9439,-0.1637127150
42,9440,-0.1315139528
42,9441,0.2044431419
42,9442,-0.0424937314
42,9443,-0.0725884565
42,9444,-0.2909164341
42,9445,0.1948049384
42,9446,-0.2947077949
42,9447,0.8067100415
42,9448,-0.2363791086
42,9449,-0.2039675859
42,9450,0.3994049693
42,9451,-0.3890177050
42,9452,-0.3980935106
42,9453,-0.2655598054
42,9454,0.5819479418
42,9455,0.3480068108
42,9456,0.3347186380
42,9457,-0.1970400853
42,9458,-0.5549471989
42,9459,0.4599039512
42,9460,0.3153957460
42,9461,0.4943934371
42,9462,0.6949947365
42,9463,-1.0006985074
42,9464,-0.8973385062
42,9465,0.5041619282
42,9466,0.6389221998
42,9467,0.6699609001
42,9468,0.2587762427
42,9469,0.2238917752
42,9470,-0.5492416893
42,9471,0.6860728709
42,9472,-1.0809134689
42,9473,-0.1873056129
42,9474,0.0442383268
42,9475,0.1955339623
42,9476,0.4267103893
42,9477,-0.2082670595
42,9478,0.5731345412
42,9479,0.2667619281
42,9480,0.3368647590
42,9481,-0.6924741695
42,9482,-0.2211599588
42,9483,-0.2959650369
42,9484,-0.4195996903
42,9485,0.3092201966
42,9486,-0.1029502149
42,9487,-1.5914590224
42,9488,0.1827707337
42,9489,0.4732394929
42,9490,-0.8044966742
42,9491,0.2323799533
42,9492,0.2948091631
42,9493,0.4992658781
42,9494,0.1021056284
42,9495,-0.5059899481
42,9496,-0.0943504666
42,9497,-0.1719902587
42,9498,0.1905532333
42,9499,-0.6830057056
42,9500,-0.0003701648
42,9501,-0.0487858458
42,9502,-0.3495781343
42,9503,-0.6064929122
42,9504,-0.1462385302
42,9505,-0.4541615231
42,9506,0.5827502265
42,9507,0.1220938185
42,9508,0.1014897400
42,9509,-0.2756070206
42,9510,-0.7239253692
42,9511,-0.2847304195
42,9512,-0.6771177531
42,9513,-0.2879095143
42,9514,0.7139949262
42,9515,0.1218883788
42,9516,0.1257281574
42,9517,0.9580799369
42,9518,0.0992123788
42,9519,-0.0336764098
42,9520,0.5201218905
42,9521,0.2694262569
42,9522,-1.1790476595
42,9523,-0.1124915116
42,9524,0.9914988725
42,9525,-0.3998507970
42,9526,-0.7132555474
42,9527,-0.3665570939
42,9528,-0.6991449326
42,9529,0.0022756251
42,9530,0.0387912434
42,9531,1.4131663499
42,9532,-0.4835763134
42,9533,-0.1273012330
42,9534,-0.0854147119
42,9535,0.7950089688
42,9536,0.7306825289
42,9537,-1.1863084116
42,9538,0.6692041641
42,9539,-0.3530104759
42,9540,-0.1579633502
42,9541,-0.8532142883
42,9542,0.9183898800
42,9543,-0.3299395563
42,9544,-1.3549761368
42,9545,-0.5287508600
42,9546,0.2122745303
42,9547,0.5630034703
42,9548,-0.5140459945
42,9549,-0.4326007782
42,9550,-0.5624081992
42,9551,1.1278769246
42,9552,0.5758036732
42,9553,-0.1587926127
42,9554,0.9965120572
42,9555,0.0215419483
42,9556,0.3710750869
42,9557,-0.3212787309
42,9558,-0.6223285858
42,9559,0.9099761131
42,9560,-0.1491940787
42,9561,0.0348677481
42,9562,-0.3938120378
42,9563,0.3311052019
42,9564,-1.2357447717
42,9565,0.4887358602
42,9566,0.7438192702
42,9567,0.4137894380
42,9568,0.6448389331
42,9569,-0.3648985588
42,9570,-0.0304607258
42,9571,0.2147545828
42,9572,0.3362217569
42,9573,-0.1588394891
42,9574,-0.5473738695
42,9575,0.2077017253
42,9576,-0.0244129792
42,9577,-0.2941609473
42,9578,-0.0724816788
42,9579,-0.3308123953
42,9580,-0.3520616207
42,9581,-0.7690371053
42,9582,-0.8361428005
42,9583,1.1378185064
42,9584,-0.1731779762
42,9585,-0.4046455381
42,9586,0.0166504261
42,9587,0.2443472747
42,9588,0.3665117597
42,9589,0.6915272623
42,9590,0.6333100231
42,9591,-0.3833775567
42,9592,-0.2527370429
42,9593,0.3776188369
42,9594,-0.0142489771
42,9595,0.1078148740
42,9596,-0.3108182998
42,9597,0.3867427800
42,9598,0.3583265872
42,9599,0.3683265352
42,9600,0.2683596125
42,9601,-0.1426138715
42,9602,0.0299223361
42,9603,0.5688649402
42,9604,-0.8002231895
42,9605,0.3361496967
42,9606,-0.9499854589
42,9607,-0.1409248846
42,9608,0.4473003257
42,9609,0.2952428205
42,9610,0.6270443489
42,9611,0.6619213706
42,9612,0.1740898886
42,9613,-0.2733497961
42,9614,0.0664901131
42,9615,0.0927051020
42,9616,0.4640928283
42,9617,-0.3116817696
42,9618,-0.0578486420
42,9619,0.6460515561
42,9620,-0.1474228647
42,9621,0.3225523678
42,9622,-0.3797934446
42,9623,-0.0025463842
42,9624,-0.5616495162
42,9625,0.1866074954
42,9626,0.3473781028
42,9627,0.2334786507
42,9628,0.0002215239
42,9629,0.1448805368
42,9630,0.8961904782
42,9631,0.7289948677
42,9632,0.3084891946
42,9633,0.6274698306
42,9634,0.0148038489
42,9635,-0.0131403488
42,9636,-0.5267189811
42,9637,-0.1325138084
42,9638,-0.8547577242
42,9639,-0.0915523210
42,9640,-0.4083204844
42,9641,-0.5682150167
42,9642,-0.0853089905
42,9643,-1.0332692275
42,9644,-0.3877491621
42,9645,-0.0306715341
42,9646,-0.6149719184
42,9647,-0.0399885160
42,9648,1.0126956595
42,9649,0.7915751601
42,9650,0.0307512800
42,9651,-0.0804086970
42,9652,-0.4013267366
42,9653,0.9464047150
42,9654,-0.3376584085
42,9655,0.2135617701
42,9656,0.3122759065
42,9657,0.0858157110
42,9658,0.3287914746
42,9659,0.7790052336
42,9660,-0.1678210809
42,9661,0.2100322895
42,9662,-0.1422168647
42,9663,0.9283294071
42,9664,0.3869661871
42,9665,0.4251603913
42,9666,-0.0091401831
42,9667,0.3820067694
42,9668,0.3161013604
42,9669,-0.2183477720
42,9670,0.4870341106
42,9671,0.3082977415
42,9672,-0.9590745642
42,9673,-0.8555079635
42,9674,-0.5951308637
42,9675,0.3091664597
42,9676,-0.4879456383
42,9677,0.0216522172
42,9678,-0.2760407127
42,9679,1.3460130651
42,9680,-0.2221256431
42,9681,0.3298803767
42,9682,-0.1152278065
42,9683,0.4929740965
42,9684,0.3748454722
42,9685,0.0294640547
42,9686,-0.1956479817
42,9687,0.4725925361
42,9688,-0.4078906828
42,9689,0.2325448083
42,9690,-0.1486231794
42,9691,0.3179058080
42,9692,0.0285735556
42,9693,-0.3166940161
42,9694,0.0239343267
42,9695,0.4936353773
42,9696,-0.2305580507
42,9697,-0.6200808025
42,9698,0.3541938153
42,9699,-0.6837260402
42,9700,0.5311482442
42,9701,0.7577558851
42,9702,0.9240156628
42,9703,0.3431236470
42,9704,-0.4575428058
42,9705,0.6432797580
42,9706,-0.2694519387
42,9707,-0.2913795872
42,9708,-0.6863747562
42,9709,1.0749390175
42,9710,0.4394585663
42,9711,-0.7727632485
42,9712,-0.3239458323
42,9713,0.2398706056
42,9714,0.6579678920
42,9715,-0.3183047274
42,9716,-0.3949611273
42,9717,-0.2117053912
42,9718,0.3332821056
42,9719,0.5201072251
42,9720,-0.7147137433
42,9721,0.0708791619
42,9722,-0.1810486237
42,9723,0.5359391611
42,9724,1.0010011641
42,9725,0.6326638318
42,9726,0.9182366208
42,9727,0.8420073778
42,9728,-0.3513158306
42,9729,-0.0536372669
42,9730,0.2061708863
42,9731,-0.9675139592
42,9732,-0.4250327093
42,9733,0.9573528575
42,9734,-0.9802427081
42,9735,0.3848813290
42,9736,-0.6907377826
42,9737,-0.2602754398
42,9738,-0.7156571411
42,9739,-0.6250942483
42,9740,0.0496939290
42,9741,0.1389922252
42,9742,-0.5988953980
42,9743,-0.8178585121
42,9744,-0.5063396975
42,9745,0.6282069049
42,9746,0.9033607686
42,9747,0.9850227136
42,9748,0.6311270478
42,9749,0.5885850174
42,9750,-0.5037262728
42,9751,0.0078498273
42,9752,0.2286210902
42,9753,-0.8234983894
42,9754,-0.5860467689
42,9755,0.0387848517
42,9756,-0.0264977873
42,9757,0.5175237526
42,9758,-0.3365023454
42,9759,0.8086432637
42,9760,0.8985551778
42,9761,0.8005821487
42,9762,0.0938426922
42,9763,0.6229719991
42,9764,-0.7696914087
42,9765,-0.2934004428
42,9766,-0.3048617788
42,9767,0.2886648782
42,9768,0.6261543884
42,9769,-0.4111051287
42,9770,0.1510061406
42,9771,0.7076085033
42,9772,0.3481930879
42,9773,0.6337971939
42,9774,0.6294823699
42,9775,-0.5740622408
42,9776,0.8684478345
42,9777,0.0402616600
42,9778,0.4813896019
42,9779,-0.0655286338
42,9780,-0.5274458043
42,9781,0.7061896122
42,9782,0.4052777988
42,9783,-0.4242981627
42,9784,0.6305465248
42,9785,0.0487806887
42,9786,0.7699689052
42,9787,0.4088328246
42,9788,0.7595539631
42,9789,-0.5129870775
42,9790,-0.1748894038
42,9791,0.1577011305
42,9792,-0.3477768282
42,9793,0.0283382382
42,9794,0.2391988523
42,9795,-0.2524491636
42,9796,0.2630463669
42,9797,-0.4039666228
42,9798,0.7036558565
42,9799,0.4773900733
42,9800,0.4689369269
42,9801,-0.3662542895
42,9802,-0.7276003160
42,9803,0.2246387282
42,9804,0.4837306948
42,9805,0.6890287211
42,9806,0.0920151525
42,9807,0.0939747984
42,9808,0.2252218903
42,9809,0.0991484365
42,9810,-0.5696855795
42,9811,0.1346606056
42,9812,-0.4117798295
42,9813,0.9267103415
42,9814,0.1547795752
42,9815,-0.6549630779
42,9816,-0.2645347702
42,9817,-0.1298481277
42,9818,-0.8812324717
42,9819,0.2170081914
42,9820,0.1275330057
42,9821,-0.1551583073
42,9822,-0.4209554862
42,9823,-0.7143254802
42,9824,0.4117925555
42,9825,-0.2768183957
42,9826,0.0433940793
42,9827,0.6463519088
42,9828,0.5988347160
42,9829,-0.3649326071
42,9830,0.6471500546
42,9831,0.1594625170
42,9832,0.3217003872
42,9833,0.2582655710
42,9834,1.0162523603
42,9835,-0.5154223959
42,9836,-0.6995886344
42,9837,-0.4432899597
42,9838,-0.5139528590
42,9839,-0.5808754637
42,9840,-0.3265623768
42,9841,0.2115557620
42,9842,0.4887153776
42,9843,-0.2382369575
42,9844,-0.0895161169
42,9845,-0.2227363554
42,9846,0.1138163193
42,9847,-0.7101587945
42,9848,0.1810993763
42,9849,-0.0844966398
42,9850,1.2363844136
42,9851,0.5594502810
42,9852,-0.4943435758
42,9853,-0.9393944454
42,9854,-0.5313936713
42,9855,-0.0643466688
42,9856,-0.1753489994
42,9857,-0.4598144204
42,9858,0.6302797242
42,9859,-0.1457687097
42,9860,0.8927240529
42,9861,0.2639793683
42,9862,-0.1155007224
42,9863,-0.5247729234
42,9864,-0.1762012490
42,9865,0.0288878007
42,9866,0.3088391014
42,9867,0.0675732107
42,9868,-0.4028005620
42,9869,-0.0367651836
42,9870,0.9249583219
42,9871,-0.3355680234
42,9872,-0.2969270231
42,9873,-0.5470434912
42,9874,-0.6559286323
42,9875,-0.0805933412
42,9876,0.6677518792
42,9877,-0.7156845846
42,9878,-0.0537660671
42,9879,1.3337178013
42,9880,-0.2499041839
42,9881,-0.5715425439
42,9882,0.0542735249
42,9883,-1.1603194016
42,9884,0.5864465518
42,9885,0.3355274120
42,9886,0.1216811236
42,9887,-0.3814664157
42,9888,0.1786544277
42,9889,0.0704771355
42,9890,-0.6033715927
42,9891,-0.5733837236
42,9892,-0.4110524619
42,9893,0.3434608036
42,9894,0.0460252704
42,9895,0.6186227716
42,9896,-0.6821320123
42,9897,-0.1480790383
42,9898,0.5131055557
42,9899,-0.0024977720
42,9900,-0.2671145909
42,9901,0.6023966628
42,9902,0.3470817125
42,9903,0.5649028944
42,9904,0.2110902312
42,9905,0.0310312955
42,9906,-0.7979677736
42,9907,0.3742242426
42,9908,-0.2161527101
42,9909,-0.0357670237
42,9910,-0.4246254077
42,9911,0.6557978171
42,9912,-0.3117338710
42,9913,-0.4861303347
42,9914,0.2882606743
42,9915,-0.1871634384
42,9916,-0.2723710205
42,9917,-0.0118107582
42,9918,-0.5825073450
42,9919,-0.2086652130
42,9920,-0.7463903785
42,9921,-0.0654352321
42,9922,-0.6797492009
42,9923,-0.0227162871
42,9924,-0.3769976424
42,9925,-0.2299560771
42,9926,-0.7331086357
42,9927,-0.1683879401
42,9928,-0.0311047903
42,9929,-0.6683610131
42,9930,0.3797952028
42,9931,-0.4338346023
42,9932,0.5883723420
42,9933,-0.0088626489
42,9934,-0.0207788269
42,9935,0.3625151913
42,9936,0.2460622328
42,9937,-0.7888658090
42,9938,0.6097582113
42,9939,0.2532208068
42,9940,-0.0988272596
42,9941,-0.4581716021
42,9942,-0.4309521205
42,9943,-0.1606924440
42,9944,0.7770933615
42,9945,1.0089284675
42,9946,-0.0164408503
42,9947,-0.5398928397
42,9948,0.5553319985
42,9949,1.6389085497
42,9950,-0.6078851901
42,9951,-0.0545943365
42,9952,-0.2843593287
42,9953,-0.4707784775
42,9954,0.1915878778
42,9955,0.5358996944
42,9956,0.4827425742
42,9957,0.6584193228
42,9958,0.8214937694
42,9959,-0.9576518347
42,9960,0.0043318157
42,9961,-0.5749467113
42,9962,-0.4891988166
42,9963,0.6436240139
42,9964,0.1928243277
42,9965,-0.8508435182
42,9966,0.1689298633
42,9967,0.3568961930
42,9968,-0.2444822634
42,9969,1.1305347905
42,9970,-0.1065173808
42,9971,-0.0675763524
42,9972,0.1740847015
42,9973,-0.1319468443
42,9974,-0.4567911371
42,9975,0.0006009759
42,9976,-0.5315532739
42,9977,0.2490800561
42,9978,-0.2596143892
42,9979,0.3062082724
42,9980,-0.4303161583
42,9981,0.7692216848
42,9982,0.2651830698
42,9983,-0.2268971897
42,9984,0.3347518948
42,9985,0.1779441311
42,9986,-0.2738968388
42,9987,0.5500212425
42,9988,-0.7242295548
42,9989,0.1985568591
42,9990,0.4045715097
42,9991,-0.4059075598
42,9992,-1.0195788262
42,9993,0.1312529205
42,9994,-0.7300424289
42,9995,0.6568728872
42,9996,-0.2367242864
42,9997,0.5032865293
42,9998,-0.5402804925
42,9999,0.2526424314
42,10000,0.0155257214
123,1,-0.0861808449
123,2,-1.8054063029
123,3,-0.1402977659
123,4,0.3130010318
123,5,0.6993162868
123,6,-0.8315006926
123,7,-1.2372169260
123,8,-1.1872348129
123,9,0.0332636884
123,10,0.6887777620
123,11,0.1660642497
123,12,0.5078145855
123,13,-0.7930894437
123,14,0.6293445702
123,15,0.0008936491
123,16,-0.3807818006
123,17,-0.5665104342
123,18,-0.1993420288
123,19,-0.5645783804
123,20,0.1551177965
123,21,-0.7562746809
123,22,1.2085659831
123,23,-0.1326787558
123,24,0.3216021701
123,25,0.8880872639
123,26,0.8165354012
123,27,0.0765074007
123,28,-0.3589887135
123,29,-0.0718552616
123,30,0.8033216131
123,31,-0.3282452596
123,32,0.0322031696
123,33,0.3196196084
123,34,-0.4257322955
123,35,-1.1528643458
123,36,-0.1133243431
123,37,-0.3134410893
123,38,-0.7427992075
123,39,0.8947217152
123,40,0.8153747098
123,41,-0.0052900420
123,42,0.6594735025
123,43,0.3737093716
123,44,-0.2909257145
123,45,-0.2434163014
123,46,0.4990138979
123,47,0.2728110492
123,48,-0.3749952077
123,49,0.7415275756
123,50,0.7348704655
123,51,0.3544029304
123,52,-0.6626677383
123,53,0.5181662794
123,54,-0.0834440985
123,55,0.1044883718
123,56,-0.4891658112
123,57,0.2202962251
123,58,-1.0349599444
123,59,0.2210760029
123,60,1.3002268333
123,61,-0.8513158222
123,62,-0.9643797930
123,63,0.8711120611
123,64,0.2634509256
123,65,-0.2358011744
123,66,-1.0151962081
123,67,-0.2878492227
123,68,-0.7010126357
123,69,0.5194454243
123,70,-0.3485590276
123,71,0.3296276408
123,72,-0.9123693034
123,73,-0.0648884901
123,74,-0.3365859334
123,75,0.0946763550
123,76,0.2310608738
123,77,0.4073410586
123,78,-0.8303854335
123,79,1.1424161441
123,80,0.0618585454
123,81,-0.6590412135
123,82,0.4672399642
123,83,-0.3944414942
123,84,-0.9079418936
123,85,0.6442860648
123,86,-0.8768195738
123,87,0.7898916547
123,88,-0.9840142438
123,89,0.8382209217
123,90,0.1135851154
123,91,0.0528995655
123,92,0.6752965992
123,93,0.0792131902
123,94,0.3096396217
123,95,-0.3232845562
123,96,0.5417941587
123,97,0.0764280353
123,98,-0.3203324099
123,99,0.2282639737
123,100,-0.0474338074
123,101,0.4730765478
123,102,-0.6181803335
123,103,-0.7450072617
123,104,0.2539801407
123,105,-1.0862093616
123,106,0.2073428192
123,107,0.1230392088
123,108,0.0973780328
123,109,0.7025742411
123,110,0.6659027141
123,111,0.8191122255
123,112,-0.1252280474
123,113,0.6620737665
123,114,-0.7253590811
123,115,-0.2397007374
123,116,0.1182513476
123,117,-0.0386681603
123,118,-0.1212816821
123,119,0.2978693561
123,120,-0.3484185523
123,121,0.4585900698
123,122,0.4879805537
123,123,0.1886122106
123,124,0.1505825613
123,125,-0.1190603152
123,126,-0.0835526417
123,127,-0.0663559042
123,128,-0.2132087381
123,129,-0.0178542282
123,130,1.2096390101
123,131,-0.9477609529
123,132,0.4734501089
123,133,0.9675102069
123,134,0.5434132916
123,135,0.1719436472
123,136,0.4017980082
123,137,0.0320760297
123,138,-0.8201138972
123,139,0.5126366887
123,140,-0.6682575124
123,141,-0.1570490016
123,142,0.1560524156
123,143,-0.2295517215
123,144,-0.1474471850
123,145,-0.0034597798
123,146,0.0867093632
123,147,-0.8199364297
123,148,0.7515586895
123,149,-0.5020567670
123,150,0.2608944183
123,151,0.6354516045
123,152,-0.4491014815
123,153,-0.4143530707
123,154,0.1456624199
123,155,-0.4883010217
123,156,0.1964256302
123,157,-0.0735353772
123,158,0.5799941413
123,159,-0.3750952265
123,160,-0.1337552933
123,161,0.6674992477
123,162,0.1566222515
123,163,0.2894412247
123,164,0.2652514996
123,165,0.3658474643
123,166,0.5642168816
123,167,-1.1642201225
123,168,-0.5311690038
123,169,0.5415156496
123,170,0.0107724092
123,171,0.5351381919
123,172,0.3885781171
123,173,0.5934970366
123,174,0.1038894806
123,175,0.6281461573
123,176,0.0414098867
123,177,-0.2556851951
123,178,0.1896643364
123,179,-0.3049212369
123,180,-0.6529048941
123,181,-0.8217774426
123,182,-0.4003247291
123,183,-0.2619098746
123,184,-0.5665900495
123,185,-0.1003147205
123,186,-0.8702434817
123,187,0.1104188269
123,188,0.2536093263
123,189,0.4883948249
123,190,-0.4363936546
123,191,1.1270114662
123,192,-0.3800624718
123,193,-0.0129522968
123,194,-0.4302882073
123,195,0.7618091872
123,196,-0.3823263919
123,197,0.4303612068
123,198,0.3881475602
123,199,0.6285088901
123,200,0.2035533696
123,201,-0.5250247226
123,202,0.5195516602
123,203,0.7902961560
123,204,0.7900890339
123,205,0.5236096763
123,206,-0.0851441947
123,207,-0.1282295506
123,208,1.1402018522
123,209,-1.1054540366
123,210,0.8982981545
123,211,0.5113070516
123,212,-0.7916032280
123,213,0.1204392557
123,214,0.1920731192
123,215,0.6319309677
123,216,-0.3704276636
123,217,-0.3461785863
123,218,0.0682987422
123,219,-1.1521618896
123,220,-0.1471085572
123,221,-0.3445907371
123,222,0.6560271470
123,223,0.9982650898
123,224,-0.2985930561
123,225,-0.5187984901
123,226,1.0158959884
123,227,-0.0333333295
123,228,-0.7588706203
123,229,-0.5819629140
123,230,-0.1934848727
123,231,-0.8789137514
123,232,0.1758657665
123,233,1.0079341096
123,234,-0.5198146293
123,235,0.1736121823
123,236,0.1300083687
123,237,-0.5759016983
123,238,0.0075530431
123,239,1.1909344491
123,240,-1.1205281320
123,241,1.4671295195
123,242,-0.5006094621
123,243,1.3429801028
123,244,-0.2587748974
123,245,-0.0067077579
123,246,0.0871735188
123,247,0.7032464981
123,248,0.0081915184
123,249,-0.0684343554
123,250,-0.1228994966
123,251,-0.5113079475
123,252,-0.2315130869
123,253,0.7383632136
123,254,-0.5361243619
123,255,-0.0274314788
123,256,0.3088874392
123,257,0.5882756341
123,258,-0.6924429572
123,259,-0.1609623519
123,260,0.2332059820
123,261,0.5519374591
123,262,0.0815584305
123,263,0.2314066623
123,264,0.0610648847
123,265,0.4726660915
123,266,-0.2983388440
123,267,0.9914757101
123,268,-0.7413322855
123,269,-0.1998016539
123,270,-0.9339279474
123,271,-1.1981839420
123,272,0.0746788033
123,273,0.2773066066
123,274,-0.1258193182
123,275,0.5316330486
123,276,-0.5817223204
123,277,0.3670847348
123,278,-0.5439658573
123,279,0.2453883983
123,280,0.3353278274
123,281,1.0132032027
123,282,0.6313246832
123,283,1.3364478013
123,284,0.0963533258
123,285,0.6516978304
123,286,0.7510213734
123,287,0.6432142298
123,288,-0.2576202020
123,289,0.3545537145
123,290,0.2195495446
123,291,-0.8447109561
123,292,0.8237393618
123,293,0.0603810341
123,294,0.2930162362
123,295,0.9219897405
123,296,-0.1003691800
123,297,0.2113466174
123,298,0.2671371386
123,299,-0.0192425658
123,300,-0.6479020324
123,301,0.6551896278
123,302,0.6320947407
123,303,0.9988163824
123,304,0.2749645889
123,305,-0.0935989811
123,306,-0.1897891460
123,307,0.7045410421
123,308,-0.0848678252
123,309,-0.1482282698
123,310,0.1280829988
123,311,0.3882790518
123,312,-0.5530690909
123,313,0.2489638757
123,314,0.3039267040
123,315,0.4377615638
123,316,0.3828445893
123,317,0.7666455727
123,318,0.3897238119
123,319,0.6756771213
123,320,0.3388750739
123,321,-0.2429357363
123,322,-0.5936928523
123,323,-0.1209499902
123,324,0.3906740987
123,325,0.1984206541
123,326,-0.0458945864
123,327,-0.6760597449
123,328,-0.5786697901
123,329,0.7581852800
123,330,0.8171274252
123,331,0.6884718227
123,332,0.3735586450
123,333,0.0592190889
123,334,-0.7963553187
123,335,0.0648539065
123,336,0.0616415793
123,337,0.1263942260
123,338,0.2312251511
123,339,-0.0519101274
123,340,-0.8845343060
123,341,0.0550250908
123,342,1.0845456222
123,343,0.0564796363
123,344,1.5126176934
123,345,-0.7397986006
123,346,-0.6245162048
123,347,0.0513673894
123,348,-0.4489312248
123,349,0.0116106912
123,350,0.1439374301
123,351,0.4709397985
123,352,-0.0009818647
123,353,-0.2886084431
123,354,-0.1464198671
123,355,0.1287257962
123,356,-0.0040583933
123,357,-0.4359977176
123,358,-0.3937212277
123,359,-0.7864020080
123,360,-0.0466210384
123,361,0.2232590917
123,362,-0.8657494265
123,363,0.0858565031
123,364,0.7661471307
123,365,0.5962535172
123,366,-0.8011955135
123,367,0.0955433454
123,368,-0.2423499527
123,369,0.9700335981
123,370,-0.3297365918
123,371,0.6575621291
123,372,-0.4747925575
123,373,-0.9142434094
123,374,-0.3449754722
123,375,-0.8958926921
123,376,1.5841100227
123,377,0.1775735807
123,378,-0.0959968838
123,379,0.2156271362
123,380,0.4754733722
123,381,-0.0507118997
123,382,-0.1476580063
123,383,1.0438206843
123,384,-0.8652695031
123,385,-0.0179430856
123,386,0.4816455327
123,387,-0.2705862593
123,388,-0.2873856991
123,389,-0.4950962049
123,390,0.3913366762
123,391,-0.0728722157
123,392,0.4697426127
123,393,0.5590088344
123,394,-0.3324743619
123,395,-0.4949878777
123,396,-0.5631598343
123,397,-1.0347289087
123,398,0.0268943142
123,399,0.2212094447
123,400,-0.8472918627
123,401,0.6558915493
123,402,0.3330916386
123,403,0.1812117569
123,404,0.7273021191
123,405,-0.3920763151
123,406,0.8579022957
123,407,0.0102097014
123,408,0.1240953242
123,409,0.8328418293
123,410,0.9761252629
123,411,-1.1350136607
123,412,-0.1857837703
123,413,0.0595432997
123,414,0.2370441232
123,415,1.3172221413
123,416,-0.4871371563
123,417,0.4010000507
123,418,0.0979572445
123,419,-0.0545170982
123,420,0.2811031277
123,421,0.5171797368
123,422,-0.2161919880
123,423,-1.1499076193
123,424,0.6464772777
123,425,-0.4052887147
123,426,-0.6553597283
123,427,0.5776979990
123,428,0.5030534282
123,429,0.8561137479
123,430,0.2520571243
123,431,0.5638873576
123,432,0.4480354814
123,433,0.8648394725
123,434,0.0415805213
123,435,-0.2754891597
123,436,-0.5419549404
123,437,-0.7649182764
123,438,-0.5051252545
123,439,0.0174643233
123,440,0.0974014748
123,441,0.7766934859
123,442,0.4360694814
123,443,-0.6296349360
123,444,-0.6668959365
123,445,0.3249669194
123,446,0.0576310796
123,447,0.2363720789
123,448,0.1509899117
123,449,0.0079233566
123,450,-0.3238988668
123,451,-0.2965111107
123,452,0.3753928026
123,453,0.0974766861
123,454,0.9827632535
123,455,1.1988185958
123,456,0.5445921218
123,457,-0.1708404905
123,458,0.2832611819
123,459,0.8594832160
123,460,-0.0002342122
123,461,0.2714352902
123,462,0.0810600657
123,463,-0.1779204795
123,464,0.7181207041
123,465,0.5565574789
123,466,0.3676635184
123,467,-0.9216648593
123,468,-0.4540163328
123,469,0.7718182409
123,470,0.8033003102
123,471,-0.2924527076
123,472,-0.0007147564
123,473,0.5839815459
123,474,-0.2737596174
123,475,0.2619396554
123,476,0.1559984127
123,477,-0.0334380058
123,478,0.2499265986
123,479,-0.8882436683
123,480,-0.3312930251
123,481,0.3543896142
123,482,0.5178969052
123,483,-0.0277827777
123,484,0.8418879631
123,485,-0.2501057325
123,486,-0.5596729941
123,487,0.8790061980
123,488,0.1835169979
123,489,-0.3888555024
123,490,0.0318447972
123,491,-0.6120089205
123,492,-0.2973084230
123,493,-0.2116337644
123,494,-0.6617333196
123,495,-0.7132091426
123,496,-0.1278453071
123,497,0.4503339226
123,498,-0.0675818282
123,499,0.1166075740
123,500,0.0023475330
123,501,0.9282634250
123,502,0.3911102598
123,503,-0.2967392031
123,504,-0.5450332348
123,505,-0.3465471343
123,506,0.1077971505
123,507,-0.2584104926
123,508,0.1084447041
123,509,-0.6734752096
123,510,0.4754265887
123,511,0.5460287990
123,512,-0.0869284346
123,513,-0.4307783105
123,514,-1.0507024155
123,515,-0.3469527713
123,516,0.3911555696
123,517,-0.2445134019
123,518,0.4555457601
123,519,-0.7861115258
123,520,0.1056060400
123,521,0.0063151321
123,522,0.3491223457
123,523,-0.9603532998
123,524,-0.1733071484
123,525,0.1582581503
123,526,-0.5892860187
123,527,0.4011284387
123,528,0.0821829005
123,529,0.8452980115
123,530,-0.3051909090
123,531,-0.3969270473
123,532,1.2776433220
123,533,0.5073349531
123,534,-0.3180333871
123,535,0.7593975655
123,536,0.2546337843
123,537,-0.1305701173
123,538,-0.0820008298
123,539,0.7959908840
123,540,0.3780251069
123,541,0.2781540949
123,542,-0.9892277012
123,543,-0.9437417594
123,544,-0.1371565378
123,545,0.3787318434
123,546,0.0763227332
123,547,0.3599051865
123,548,0.6047843315
123,549,-0.8210681731
123,550,-0.7292252956
123,551,-0.3160356560
123,552,0.9867515675
123,553,0.1215948965
123,554,-0.7617749586
123,555,0.5578562458
123,556,0.6049837871
123,557,0.5818199257
123,558,0.6888003576
123,559,0.0594446004
123,560,0.7931126673
123,561,0.0721700134
123,562,-0.6460143703
123,563,0.7184890065
123,564,0.5158876908
123,565,0.4392246737
123,566,0.0583009071
123,567,-1.2754986562
123,568,-0.6117612693
123,569,0.9357716885
123,570,0.0931942737
123,571,0.3150536726
123,572,0.3349029834
123,573,-0.9572084794
123,574,-0.4511591943
123,575,0.2113822878
123,576,-0.6987004880
123,577,-0.6793492197
123,578,-0.6820536562
123,579,1.1005344027
123,580,0.2271922768
123,581,-0.7314270443
123,582,-1.2934752666
123,583,0.5359359725
123,584,-0.0818603857
123,585,1.0594868725
123,586,-1.1473072595
123,587,-1.0707037946
123,588,0.8975090644
123,589,-0.5559233240
123,590,1.0650958452
123,591,0.3466157152
123,592,0.9655079870
123,593,-0.3999526338
123,594,-0.6507944144
123,595,1.2516440702
123,596,-0.1491969607
123,597,-0.8231661750
123,598,0.7437346138
123,599,-0.6811866922
123,600,-1.2863503059
123,601,-0.4790791373
123,602,-0.8309430073
123,603,-0.6970769031
123,604,0.3249319726
123,605,-0.7144710070
123,606,-0.0762647910
123,607,0.9970107050
123,608,1.0828667337
123,609,0.5770270728
123,610,-0.6580625589
123,611,0.5527355691
123,612,-0.6483235198
123,613,-0.3967149111
123,614,0.1081905192
123,615,0.2443651834
123,616,0.0823340002
123,617,0.3950463044
123,618,0.0613655057
123,619,0.1534585945
123,620,0.0618130137
123,621,0.7366441847
123,622,0.4777331660
123,623,0.4772960173
123,624,-0.2671106875
123,625,0.2973274392
123,626,-0.3208668029
123,627,0.1892873414
123,628,-0.1261119993
123,629,-0.1008454790
123,630,-0.7385132735
123,631,-0.0143997034
123,632,-0.3030106056
123,633,-0.2289537629
123,634,-0.1830003673
123,635,-0.4363682423
123,636,-0.6269561498
123,637,0.6728062038
123,638,-0.4548425011
123,639,0.5627491219
123,640,-0.2811739812
123,641,-0.4271256477
123,642,0.5121269494
123,643,-0.2293741720
123,644,-0.6076352935
123,645,-0.8092731547
123,646,-0.4539238253
123,647,0.9415298411
123,648,-0.9053588107
123,649,-0.3460143014
123,650,0.7138626378
123,651,0.0220620858
123,652,-0.5176641014
123,653,0.3415989264
123,654,0.8461662120
123,655,0.0495983948
123,656,0.8070181920
123,657,0.0067931497
123,658,0.5227958122
123,659,-0.2414041260
123,660,-0.0428264513
123,661,0.4855195003
123,662,-0.4235290314
123,663,0.7197066868
123,664,1.0606752310
123,665,-0.2570579724
123,666,0.1957588522
123,667,-0.3164719109
123,668,0.8981181329
123,669,1.3534362105
123,670,-0.6882082737
123,671,0.1982583411
123,672,0.1602309382
123,673,-0.2518833307
123,674,-0.5139136157
123,675,0.4903827866
123,676,0.0097212858
123,677,0.2256649687
123,678,0.3811009749
123,679,-1.1590514893
123,680,0.0146556102
123,681,0.4622629450
123,682,-1.2863068460
123,683,0.2065349890
123,684,0.2422666973
123,685,-0.5162349802
123,686,0.0620630009
123,687,-0.6617866719
123,688,0.5028326619
123,689,-0.6698231922
123,690,0.2090275162
123,691,0.3258536419
123,692,-0.6776529860
123,693,1.2222605306
123,694,-0.3959933811
123,695,0.0719636420
123,696,-1.3282783023
123,697,0.2014364620
123,698,-0.7862099438
123,699,-0.0815544719
123,700,0.0920042673
123,701,0.3996556476
123,702,0.4420729996
123,703,-0.9907245720
123,704,-0.5856300165
123,705,-1.1896904436
123,706,1.0398214887
123,707,-0.0349104069
123,708,0.5133749595
123,709,-0.5795065528
123,710,-1.1997969313
123,711,0.6784049607
123,712,0.0680623918
123,713,0.1817256512
123,714,0.6867163193
123,715,0.8505611126
123,716,-0.2184532090
123,717,-0.3613104402
123,718,-0.2361802169
123,719,0.4756685862
123,720,0.3381788628
123,721,0.0001588985
123,722,0.1584183409
123,723,0.7582783278
123,724,0.2121836182
123,725,0.5241124347
123,726,-0.0090430951
123,727,0.2264538835
123,728,0.5949561029
123,729,1.0039515107
123,730,-0.1713616883
123,731,0.4044843239
123,732,-0.5999464000
123,733,-0.3543424272
123,734,0.8620656867
123,735,0.0374016895
123,736,0.7257367081
123,737,0.4851091400
123,738,0.3630617501
123,739,0.1236159669
123,740,-0.3006209242
123,741,-0.5599505542
123,742,0.0291845214
123,743,0.8868379293
123,744,0.1505372428
123,745,0.1082292656
123,746,0.1508811866
123,747,0.5305674999
123,748,-0.5273895627
123,749,0.3574093912
123,750,0.4758742424
123,751,-0.7647686733
123,752,-0.2277987291
123,753,0.9595405323
123,754,0.0886368587
123,755,0.7854352373
123,756,-0.9286141585
123,757,-0.5105458022
123,758,-0.5680652479
123,759,-0.5356595277
123,760,-0.2145016077
123,761,-0.1698852930
123,762,-0.1294017967
123,763,-0.9956229965
123,764,0.2884421086
123,765,-0.0210160502
123,766,0.4011004533
123,767,-0.0362778756
123,768,-0.5332542479
123,769,-0.3599133256
123,770,-0.7455594280
123,771,0.0059092017
123,772,0.0151162007
123,773,-0.0176263412
123,774,-0.7237778586
123,775,-0.0153012125
123,776,-0.9051441078
123,777,-0.2336649458
123,778,-0.6367443652
123,779,-0.6481192518
123,780,0.0804346795
123,781,0.2829393315
123,782,-0.5882409924
123,783,0.0881431304
123,784,-1.0078295827
123,785,-0.2075856343
123,786,-0.2222661767
123,787,0.3294342445
123,788,-0.1752652939
123,789,0.1435884622
123,790,-0.8712392591
123,791,-0.3627283132
123,792,0.3723685514
123,793,1.0908697727
123,794,1.1326366658
123,795,0.4762861066
123,796,-0.6412317808
123,797,-0.8960336215
123,798,-0.4827908480
123,799,0.5837737811
123,800,0.0678702267
123,801,-0.9337174636
123,802,0.1025019520
123,803,-0.4590721240
123,804,0.3410765279
123,805,1.1597337379
123,806,-0.3617507039
123,807,-0.7134447015
123,808,-0.2036540433
123,809,-0.1967169783
123,810,-0.0603064162
123,811,0.5625912309
123,812,-0.7294867659
123,813,0.6438306628
123,814,0.7639892404
123,815,-0.3538316106
123,816,0.1584043404
123,817,-0.3790510935
123,818,0.1271123346
123,819,0.7378102304
123,820,1.3201272791
123,821,-0.2873357229
123,822,-0.7114867329
123,823,0.7150233706
123,824,-0.7523591779
123,825,1.1686264256
123,826,-0.5830369740
123,827,0.2206187150
123,828,1.0902217165
123,829,0.3014778241
123,830,-0.5251769359
123,831,-0.1419628997
123,832,0.5828450394
123,833,0.2386070645
123,834,-1.2305393773
123,835,-0.2404514511
123,836,0.4853852289
123,837,-0.4040788674
123,838,-0.7896254556
123,839,0.2196242004
123,840,0.6703256978
123,841,-0.4323460550
123,842,0.3272800182
123,843,-0.6035846712
123,844,-0.7477280858
123,845,0.1528709247
123,846,0.2431444567
123,847,0.8262819484
123,848,0.0330575717
123,849,0.4095618143
123,850,-0.4826868602
123,851,0.1257049924
123,852,-1.1022667988
123,853,-0.2623109208
123,854,-0.3236307361
123,855,-0.7379714335
123,856,0.5939569405
123,857,-1.0164338031
123,858,-0.7147665225
123,859,0.2267103707
123,860,-0.1890109327
123,861,0.4567325170
123,862,-0.4554911776
123,863,0.3097016631
123,864,-0.3329874460
123,865,0.3486814965
123,866,-1.2317316476
123,867,0.3363733782
123,868,-0.4850483695
123,869,0.2801258585
123,870,0.5445005374
123,871,-0.3199453087
123,872,0.4060385515
123,873,0.2174246910
123,874,-1.1874700430
123,875,0.3811895250
123,876,1.3744235682
123,877,0.3910802271
123,878,-0.6927764503
123,879,-0.1586193142
123,880,0.0086117579
123,881,-0.0515574616
123,882,0.3734702137
123,883,0.0099817092
123,884,-0.0724548644
123,885,-0.1982427501
123,886,-0.7164758610
123,887,-0.5268065732
123,888,0.6217172794
123,889,0.5289937618
123,890,-0.3578702059
123,891,-0.1171115009
123,892,-0.3124482861
123,893,-0.7669146096
123,894,-0.2149371251
123,895,1.1192278237
123,896,0.2216576932
123,897,0.8751705482
123,898,0.2814811275
123,899,-0.0137434294
123,900,0.0788547195
123,901,-0.1147480977
123,902,-0.0718001539
123,903,0.2293416754
123,904,-0.3938162380
123,905,-0.2119975173
123,906,0.5635149943
123,907,0.0380524220
123,908,-0.6992982110
123,909,-0.7537342050
123,910,0.2527496502
123,911,0.3115779350
123,912,0.0469336766
123,913,-0.3444263515
123,914,0.1674525761
123,915,0.6360400514
123,916,1.1865123335
123,917,-0.1289121196
123,918,-0.3453496639
123,919,-0.0745909756
123,920,0.5569846895
123,921,0.3386388742
123,922,-0.0449650052
123,923,0.0994710428
123,924,-0.1128275801
123,925,-0.5803213903
123,926,0.2566119407
123,927,0.2384795158
123,928,-1.1569799928
123,929,0.5292321265
123,930,0.4015195307
123,931,-0.4085173036
123,932,0.2617303483
123,933,0.0819531124
123,934,-0.3134299296
123,935,0.1657323786
123,936,0.0930882560
123,937,-0.8129710156
123,938,-1.0768530800
123,939,0.4367169046
123,940,-0.3208644645
123,941,-0.6206907053
123,942,0.4144423484
123,943,0.7983293337
123,944,-0.0153898318
123,945,0.0802198758
123,946,0.9825438982
123,947,0.4586587830
123,948,-0.3269781018
123,949,0.0851943088
123,950,0.0837575692
123,951,0.2980137828
123,952,0.1495827598
123,953,-0.0302132713
123,954,-0.4673334005
123,955,0.4860151236
123,956,0.1861089870
123,957,-0.6399500327
123,958,-0.5381613647
123,959,0.4963193268
123,960,-0.3821505287
123,961,0.1566081590
123,962,-0.2308135052
123,963,0.2425861050
123,964,1.2229942470
123,965,-0.9196428192
123,966,0.8279885178
123,967,0.0315123019
123,968,0.2094706586
123,969,-0.3912519742
123,970,-0.5220760513
123,971,-0.3427194487
123,972,0.7683492952
123,973,0.2259306600
123,974,-0.5708890306
123,975,-0.7535469567
123,976,0.2129368672
123,977,-0.4551722411
123,978,0.2857766082
123,979,-0.3281357915
123,980,0.6510655366
123,981,-0.8584855142
123,982,0.5013499590
123,983,-0.3617945173
123,984,0.2522400090
123,985,0.7950611895
123,986,0.9685386865
123,987,0.0486117521
123,988,0.3954849894
123,989,-0.1332835859
123,990,0.6068667548
123,991,-0.5719578345
123,992,-0.5237405495
123,993,0.1887083537
123,994,-0.5458345746
123,995,0.1587389817
123,996,0.1893530160
123,997,0.2986867135
123,998,-0.5287103062
123,999,-0.8027673331
123,1000,0.6227658409
123,1001,0.3160539706
123,1002,0.3412894968
123,1003,0.1951861377
123,1004,-0.3906414504
123,1005,-0.1662528566
123,1006,0.1697032188
123,1007,0.2177133319
123,1008,-0.4010466539
123,1009,-0.8870305627
123,1010,0.4255029557
123,1011,-0.7737981230
123,1012,-0.1183653322
123,1013,-1.0594648341
123,1014,-0.2732791751
123,1015,-1.1360123560
123,1016,1.1705887073
123,1017,-0.4958098316
123,1018,-0.3641216825
123,1019,0.0290145530
123,1020,-0.3206701992
123,1021,-0.9282364554
123,1022,0.2459255310
123,1023,0.1026661365
123,1024,-0.1929528713
123,1025,0.3979745320
123,1026,-0.4424155811
123,1027,-0.3196406395
123,1028,0.0276409630
123,1029,-0.1446829677
123,1030,-0.1747330853
123,1031,-0.0159404871
123,1032,-0.5061720764
123,1033,-0.3043697021
123,1034,-0.9660636253
123,1035,-0.7814266646
123,1036,-0.8428309809
123,1037,-0.3334342553
123,1038,0.1470246974
123,1039,-0.3230767108
123,1040,-0.1904223565
123,1041,0.1820228701
123,1042,-0.3506246364
123,1043,0.3826480471
123,1044,-0.2445531392
123,1045,-1.1069459365
123,1046,0.8747992307
123,1047,-0.0737186715
123,1048,-0.0760085386
123,1049,-0.6797122033
123,1050,-0.0295923331
123,1051,-0.8804714534
123,1052,0.3586323435
123,1053,-0.5095539948
123,1054,-0.6711385736
123,1055,-0.1449309670
123,1056,-1.2853147178
123,1057,-0.8212684800
123,1058,0.4271107179
123,1059,-0.1357983827
123,1060,-0.7407599581
123,1061,0.1261852826
123,1062,-0.7577867803
123,1063,0.3567448224
123,1064,0.3737300144
123,1065,-0.9545039609
123,1066,0.1992450632
123,1067,0.5508181537
123,1068,-1.5728010626
123,1069,-0.3957628800
123,1070,-0.1706455820
123,1071,0.3513546884
123,1072,0.3701349224
123,1073,1.0780967754
123,1074,-0.0403525622
123,1075,0.0400360235
123,1076,-0.3292428942
123,1077,-0.4590210371
123,1078,0.2972302854
123,1079,-0.1929784265
123,1080,-0.5288737743
123,1081,0.2201289381
123,1082,0.0279675923
123,1083,0.1102763198
123,1084,-0.4575145245
123,1085,-0.9350938235
123,1086,-0.3890998987
123,1087,-0.6700218284
123,1088,0.3478474921
123,1089,-0.5501953869
123,1090,0.4738904684
123,1091,-0.2796053837
123,1092,0.3191502001
123,1093,0.4642469612
123,1094,0.5219875198
123,1095,0.4967742435
123,1096,-0.5912165140
123,1097,-0.3566605553
123,1098,0.0509222696
123,1099,-0.6323841846
123,1100,-0.4703806462
123,1101,-0.4447662958
123,1102,-0.3511980586
123,1103,-0.4765368441
123,1104,0.2118197756
123,1105,0.8406931566
123,1106,0.6849454178
123,1107,-0.3080079079
123,1108,-0.0377208201
123,1109,0.7498249265
123,1110,0.1682066888
123,1111,-0.0835898392
123,1112,0.0439096714
123,1113,-0.8111424157
123,1114,0.1668344775
123,1115,-0.3102684226
123,1116,0.0965477660
123,1117,0.8227290080
123,1118,0.1330069039
123,1119,0.0527350311
123,1120,1.1110683536
123,1121,0.7022151268
123,1122,-0.6021030895
123,1123,0.0063658418
123,1124,-0.5820247024
123,1125,0.2954984235
123,1126,-0.1715338780
123,1127,-0.7072084717
123,1128,-0.4946792798
123,1129,0.2047058993
123,1130,-1.1101584768
123,1131,0.5829737266
123,1132,-0.1026397008
123,1133,0.0291176891
123,1134,0.8872696600
123,1135,0.4740026952
123,1136,0.5675185474
123,1137,0.2526224182
123,1138,-0.1985363803
123,1139,0.3614597465
123,1140,-0.5460922735
123,1141,-0.1825023963
123,1142,0.0657616217
123,1143,-0.6598849177
123,1144,-0.9878572536
123,1145,0.6457101551
123,1146,0.3676269859
123,1147,-0.5037914715
123,1148,-0.2810171512
123,1149,-0.7041077264
123,1150,-0.3169330281
123,1151,0.6787490057
123,1152,0.7529453191
123,1153,0.1936730712
123,1154,-0.3151974539
123,1155,-0.3401228124
123,1156,0.0355514020
123,1157,-0.9263804947
123,1158,0.2455787670
123,1159,0.8694069959
123,1160,0.0356841541
123,1161,-0.4214143157
123,1162,-0.9125877098
123,1163,-0.8743795766
123,1164,-0.3567051810
123,1165,-0.7489465586
123,1166,0.7886193471
123,1167,0.3400993528
123,1168,0.7098621884
123,1169,-0.2990250292
123,1170,0.6014793440
123,1171,-0.0587232501
123,1172,0.3873058766
123,1173,0.1765934729
123,1174,0.6470376564
123,1175,0.1789169056
123,1176,-0.7568550709
123,1177,-1.1899425986
123,1178,-0.2677297829
123,1179,-0.1883453556
123,1180,0.6157573041
123,1181,0.3564464799
123,1182,-0.6842350358
123,1183,-0.6722078135
123,1184,-0.4364401525
123,1185,0.3911074397
123,1186,0.0602988122
123,1187,0.3335523364
123,1188,-0.1941515683
123,1189,-0.2090256829
123,1190,0.0591903382
123,1191,0.4003536698
123,1192,-0.9079738804
123,1193,-0.5084618801
123,1194,-0.0387785422
123,1195,0.4103721461
123,1196,-0.6732178941
123,1197,-0.2778265083
123,1198,0.7849975853
123,1199,-0.5525534164
123,1200,-1.5163043406
123,1201,-0.1909912655
123,1202,-0.1281068142
123,1203,-0.3809329668
123,1204,0.0174308364
123,1205,0.5602679714
123,1206,-1.0387512102
123,1207,-0.8874736602
123,1208,0.0928444812
123,1209,0.8185301796
123,1210,-1.0926416135
123,1211,0.4385015126
123,1212,0.2125982031
123,1213,-0.5089814918
123,1214,0.2341630601
123,1215,-0.1880564581
123,1216,0.7720066776
123,1217,1.1076847814
123,1218,-0.0645722445
123,1219,-0.3152170975
123,1220,0.0373223116
123,1221,-1.0529869703
123,1222,0.7531488044
123,1223,-0.6372049611
123,1224,-0.7128997075
123,1225,1.0075045824
123,1226,-1.2303879441
123,1227,-0.3260076492
123,1228,0.3349139690
123,1229,-0.7936409615
123,1230,-0.3803409226
123,1231,0.2826335026
123,1232,0.3290657566
123,1233,0.4547500690
123,1234,0.3260148421
123,1235,-0.0692321202
123,1236,-0.1556766470
123,1237,-0.3809849801
123,1238,0.1309793274
123,1239,-0.7639757805
123,1240,-0.1672981279
123,1241,-0.0501912201
123,1242,-0.2084212197
123,1243,0.4270584638
123,1244,0.7327765145
123,1245,-0.0632600649
123,1246,-0.3933543611
123,1247,-0.6499671964
123,1248,-0.5673701770
123,1249,0.6739632542
123,1250,-0.0370927638
123,1251,0.1976817110
123,1252,-0.9967690601
123,1253,0.4809433375
123,1254,-0.8893828893
123,1255,0.2447998081
123,1256,-0.1170216963
123,1257,-0.7592291296
123,1258,-0.2162661221
123,1259,0.3729180757
123,1260,-0.3287034252
123,1261,-0.1820013030
123,1262,-0.8845363091
123,1263,-0.9095112698
123,1264,0.6877664330
123,1265,0.9777683623
123,1266,0.1653413677
123,1267,-0.3145816582
123,1268,-0.0099076936
123,1269,0.1461686900
123,1270,0.5797370588
123,1271,-0.7846686286
123,1272,-0.3555142005
123,1273,0.3864938530
123,1274,-0.1395631011
123,1275,-0.6810357758
123,1276,-0.1498085902
123,1277,0.6219667656
123,1278,-0.2365212593
123,1279,-0.1872753375
123,1280,0.3824565335
123,1281,0.1590559969
123,1282,0.2682801768
123,1283,0.4510996004
123,1284,-0.4665002877
123,1285,-1.1582907635
123,1286,1.2332032424
123,1287,1.1124897503
123,1288,-0.4237215020
123,1289,0.3699166568
123,1290,0.1085557718
123,1291,0.1653403329
123,1292,-0.5602907657
123,1293,-0.6675742700
123,1294,-0.4429789135
123,1295,-0.3514022860
123,1296,-0.8286645527
123,1297,-0.0396386087
123,1298,-0.4207233855
123,1299,-0.0216604869
123,1300,0.6506603682
123,1301,-0.0814550206
123,1302,1.0663484158
123,1303,-1.2187046763
123,1304,0.1770539458
123,1305,-0.0191750136
123,1306,0.1530985219
123,1307,0.0436355017
123,1308,0.7801170424
123,1309,-1.0578810907
123,1310,0.2761869322
123,1311,0.6700247739
123,1312,-0.4485222962
123,1313,0.4164843674
123,1314,0.0366881636
123,1315,-0.5355327934
123,1316,0.6679575975
123,1317,0.2718363770
123,1318,-0.1278991432
123,1319,-0.4981394099
123,1320,0.0625652271
123,1321,-0.5924092000
123,1322,-0.4064976958
123,1323,0.0587543090
123,1324,-0.0491689350
123,1325,0.2967352584
123,1326,0.4218644603
123,1327,-0.2599242180
123,1328,-0.0533616769
123,1329,0.8658518706
123,1330,-0.0927962368
123,1331,-0.4866896560
123,1332,-0.0836884225
123,1333,-0.1426791412
123,1334,1.1791407394
123,1335,0.9167979354
123,1336,-0.5585051290
123,1337,-0.4046009034
123,1338,0.9142863567
123,1339,0.2183131014
123,1340,-0.1599172749
123,1341,0.3715414225
123,1342,-0.7762540013
123,1343,-1.0546245941
123,1344,-0.5282660700
123,1345,0.3904846934
123,1346,-0.8628865225
123,1347,-0.2189515716
123,1348,-0.1301490657
123,1349,0.2009277493
123,1350,0.1994399303
123,1351,-0.1077079120
123,1352,-0.8961366167
123,1353,0.7233107861
123,1354,0.7362816251
123,1355,-0.0203874848
123,1356,0.9041514606
123,1357,-0.6013042719
123,1358,-0.6805326567
123,1359,0.4690878462
123,1360,-0.5362460588
123,1361,0.4943329718
123,1362,-0.0430444423
123,1363,0.2307366658
123,1364,0.6304493562
123,1365,-0.5236339834
123,1366,0.5098271364
123,1367,0.6689447473
123,1368,-0.3890842263
123,1369,-0.8793712418
123,1370,-0.1110131062
123,1371,-0.4291559120
123,1372,-0.1310973491
123,1373,0.2904166627
123,1374,0.8154226268
123,1375,-0.6336417953
123,1376,0.0528348710
123,1377,-0.9447930750
123,1378,-0.9470111476
123,1379,-0.1526858925
123,1380,-0.3745563714
123,1381,-0.2340555171
123,1382,0.0440004386
123,1383,0.3016737535
123,1384,-0.2329431949
123,1385,0.2243927221
123,1386,0.4187110811
123,1387,-1.1387295948
123,1388,0.5064876157
123,1389,-0.0202370141
123,1390,0.1966754246
123,1391,-0.2397930671
123,1392,0.4990320581
123,1393,-0.0735881389
123,1394,-0.7299416123
123,1395,1.0284902027
123,1396,-0.1877775993
123,1397,-0.0383953077
123,1398,-0.0464930168
123,1399,0.1810510445
123,1400,0.6392619314
123,1401,-0.8181635320
123,1402,0.9608094772
123,1403,0.1770529606
123,1404,0.1366957817
123,1405,-0.8330099840
123,1406,0.0529029033
123,1407,0.5879541608
123,1408,-0.5294631306
123,1409,-0.0398884304
123,1410,0.5337426795
123,1411,0.3395469055
123,1412,-0.1434107452
123,1413,1.0324665602
123,1414,0.1562247474
123,1415,-0.3215267214
123,1416,-0.0804011530
123,1417,-0.7853650778
123,1418,0.8033383848
123,1419,0.6547715474
123,1420,-0.5950876715
123,1421,-0.4927395547
123,1422,0.3858073082
123,1423,-0.6320148357
123,1424,0.6289406242
123,1425,-0.1345709163
123,1426,0.3058628743
123,1427,-0.3551488826
123,1428,-1.2235310398
123,1429,-1.1304611902
123,1430,0.3632847239
123,1431,-0.0834668661
123,1432,0.7147914221
123,1433,-0.5752193465
123,1434,0.1961093192
123,1435,-0.2942716344
123,1436,-1.0183824740
123,1437,-0.3441498779
123,1438,0.2709826047
123,1439,-0.1895710782
123,1440,-0.5954634239
123,1441,-0.4142537380
123,1442,-0.2588970647
123,1443,-0.4035044568
123,1444,0.2590413056
123,1445,-0.1211755018
123,1446,-1.2759480304
123,1447,0.6162486851
123,1448,-0.3309485620
123,1449,-0.3809698185
123,1450,0.6514782068
123,1451,-0.1236853235
123,1452,-0.4216206436
123,1453,0.6551149953
123,1454,0.4208924251
123,1455,0.3433614320
123,1456,0.2210736903
123,1457,0.5425075939
123,1458,-0.1859716868
123,1459,0.0218435698
123,1460,-0.0679768185
123,1461,-0.5231035106
123,1462,0.4886878416
123,1463,-0.4625478835
123,1464,0.0318070131
123,1465,-0.0376152991
123,1466,-0.1543277313
123,1467,1.0815322154
123,1468,-0.1296486779
123,1469,-0.2022740337
123,1470,-0.2624954516
123,1471,0.5277797557
123,1472,0.2078280949
123,1473,0.2307788869
123,1474,0.1243033256
123,1475,0.2910406061
123,1476,0.3741042278
123,1477,-0.1689860600
123,1478,0.9798316951
123,1479,-0.1077180580
123,1480,-1.0361866282
123,1481,0.1352547595
123,1482,-0.0538697414
123,1483,-0.6740500181
123,1484,-0.7780116625
123,1485,-1.2792208192
123,1486,-0.3133588483
123,1487,0.2560104652
123,1488,-0.2180036079
123,1489,-0.4612606272
123,1490,-0.6127859338
123,1491,-0.4740998471
123,1492,0.1063607886
123,1493,0.1556472448
123,1494,0.0231992079
123,1495,-0.1144763615
123,1496,0.3287426517
123,1497,0.5448926037
123,1498,0.6691605728
123,1499,0.4057996019
123,1500,0.7101792143
123,1501,-0.0056870777
123,1502,-0.3187450566
123,1503,-0.1352190100
123,1504,0.2596633399
123,1505,0.0544816123
123,1506,0.9398230138
123,1507,-0.1168760643
123,1508,-0.6998764899
123,1509,-0.6658174087
123,1510,0.0129676956
123,1511,-0.7320925861
123,1512,-0.0929489687
123,1513,-0.7929015258
123,1514,0.3772118315
123,1515,0.2239353607
123,1516,-0.5567360234
123,1517,-0.8786487531
123,1518,-0.1735625713
123,1519,-0.1150729578
123,1520,-0.0205407781
123,1521,-0.8489187951
123,1522,0.7715146288
123,1523,-0.4156427061
123,1524,0.6996252607
123,1525,-0.7555022532
123,1526,-0.3998708814
123,1527,-0.2818450942
123,1528,-0.7451158271
123,1529,0.9690846721
123,1530,0.3315663552
123,1531,0.8815805753
123,1532,-0.1751840461
123,1533,0.0874727861
123,1534,0.4327185435
123,1535,-0.0209102169
123,1536,0.5900139196
123,1537,0.6832381802
123,1538,-0.6134657042
123,1539,-0.2296757586
123,1540,-0.4383576288
123,1541,0.8400569501
123,1542,0.1078380192
123,1543,-0.7731111911
123,1544,-0.6557940933
123,1545,-0.8434020551
123,1546,-0.6380281380
123,1547,-0.1882401485
123,1548,0.7328010221
123,1549,0.1617319130
123,1550,0.1229429520
123,1551,0.1766546212
123,1552,1.0739538274
123,1553,-0.5660874224
123,1554,0.1921981722
123,1555,0.3741942080
123,1556,-0.1020487871
123,1557,0.6598647288
123,1558,0.7394758359
123,1559,-0.4595223159
123,1560,-0.9585830750
123,1561,-0.4942892749
123,1562,-0.7366228080
123,1563,0.3661977704
123,1564,-0.7623554100
123,1565,-0.4646687926
123,1566,-0.2858340308
123,1567,0.4006249691
123,1568,-0.4234368268
123,1569,0.2437125527
123,1570,0.4772029496
123,1571,0.3671821835
123,1572,0.2277061755
123,1573,0.7774963658
123,1574,-0.1538520673
123,1575,-0.0376470959
123,1576,-0.1033267679
123,1577,0.4745004491
123,1578,0.7371449670
123,1579,0.0492218547
123,1580,-0.7032343738
123,1581,-0.8215343831
123,1582,0.7151873466
123,1583,-0.0061250909
123,1584,-0.5529242976
123,1585,-0.2817209600
123,1586,-1.0338125537
123,1587,0.5931384649
123,1588,0.5230404813
123,1589,-0.5770106749
123,1590,-0.3116985290
123,1591,0.0396360970
123,1592,0.5363796508
123,1593,0.8304498416
123,1594,0.6362356082
123,1595,0.6026614809
123,1596,-0.0556201239
123,1597,0.0563232185
123,1598,-0.5456337877
123,1599,-0.2406865330
123,1600,-0.1177901027
123,1601,0.1951689768
123,1602,-0.4593583742
123,1603,0.6542224728
123,1604,0.1655436830
123,1605,-0.3534893635
123,1606,0.2796166030
123,1607,-1.3697839874
123,1608,0.6630680470
123,1609,-0.5754267778
123,1610,0.4107815611
123,1611,0.1090555159
123,1612,0.1795637130
123,1613,0.3561879495
123,1614,-0.1892344867
123,1615,-1.3307202299
123,1616,-0.2694492301
123,1617,0.6574546859
123,1618,0.5500870805
123,1619,-0.7508898321
123,1620,-0.2860011253
123,1621,0.5205455692
123,1622,-0.2341601590
123,1623,0.5527483099
123,1624,0.1858652285
123,1625,-0.0775916035
123,1626,0.1659007615
123,1627,-0.6738972022
123,1628,0.9536753627
123,1629,1.5745659217
123,1630,0.0250469235
123,1631,-1.1081946874
123,1632,-0.0643032166
123,1633,-0.2189840863
123,1634,0.0584761929
123,1635,-0.1275704142
123,1636,-0.1775789162
123,1637,1.0973199613
123,1638,0.0738563120
123,1639,-0.4013870756
123,1640,-0.0695216444
123,1641,0.4405657402
123,1642,-0.1055480558
123,1643,-0.2785387452
123,1644,0.5624889854
123,1645,-0.0213449776
123,1646,-0.5070463368
123,1647,-0.4982368699
123,1648,-0.0182219433
123,1649,-0.3232238390
123,1650,0.1466028429
123,1651,0.0151632737
123,1652,0.3028865681
123,1653,-0.3370883458
123,1654,-0.2208696840
123,1655,-0.1715893747
123,1656,0.0143422006
123,1657,-0.5887329988
123,1658,0.1950457873
123,1659,-0.4914106912
123,1660,-0.0840422162
123,1661,0.5114532772
123,1662,0.5963595259
123,1663,-0.4804076898
123,1664,0.5071112137
123,1665,0.0684351816
123,1666,0.0994227250
123,1667,-0.1990333391
123,1668,-0.1108051357
123,1669,-0.3210669237
123,1670,-0.3839864152
123,1671,-0.4028888204
123,1672,-0.1091965581
123,1673,0.7673586503
123,1674,0.3055289964
123,1675,0.4400304397
123,1676,-1.1238284918
123,1677,0.0312695294
123,1678,-0.1423868035
123,1679,0.0279775962
123,1680,0.3824577758
123,1681,-0.3136598573
123,1682,1.1086779746
123,1683,-0.7337292543
123,1684,-0.5174954289
123,1685,0.4709479434
123,1686,0.2727756948
123,1687,-0.4985107760
123,1688,-0.2164558171
123,1689,-0.6186859968
123,1690,-0.0042379147
123,1691,-0.3030211966
123,1692,-0.4358532624
123,1693,-0.2447987358
123,1694,0.3294776650
123,1695,0.2141839179
123,1696,0.0896617297
123,1697,0.5902474665
123,1698,0.2517537707
123,1699,-0.5641057835
123,1700,0.6010857810
123,1701,0.7292866944
123,1702,-0.5479783750
123,1703,0.0994468084
123,1704,-0.1364274373
123,1705,0.0735043779
123,1706,-0.5280476592
123,1707,-0.5000813589
123,1708,-0.4957481651
123,1709,-0.0508926851
123,1710,0.8090246820
123,1711,0.1643496120
123,1712,0.7677266577
123,1713,0.2166875175
123,1714,1.1019896347
123,1715,0.0820252978
123,1716,-0.5623211263
123,1717,0.2083181563
123,1718,0.3216262732
123,1719,0.4780527000
123,1720,0.6614947562
123,1721,-0.3881247038
123,1722,0.3067178873
123,1723,-0.5509743898
123,1724,0.5856456088
123,1725,0.3214435299
123,1726,0.7290674933
123,1727,0.7152009927
123,1728,0.1508107648
123,1729,0.6397695016
123,1730,-0.3509550455
123,1731,0.4000792876
123,1732,0.5855820584
123,1733,-0.5101716867
123,1734,-0.9708723072
123,1735,0.5237480563
123,1736,0.5233928225
123,1737,0.1694276957
123,1738,0.1740977389
123,1739,-0.4681583341
123,1740,-0.0619928387
123,1741,-0.1689878447
123,1742,-0.6553169816
123,1743,-0.0977703077
123,1744,-0.6065773766
123,1745,0.3202417152
123,1746,0.4640248719
123,1747,0.2701403087
123,1748,-0.4453262078
123,1749,-0.8747348562
123,1750,-0.2006932814
123,1751,0.5471018747
123,1752,-0.2566401528
123,1753,0.4500152122
123,1754,-0.5210035756
123,1755,-0.9422181279
123,1756,0.1077839112
123,1757,0.6816735261
123,1758,0.6534620631
123,1759,-0.3753317778
123,1760,0.6486497119
123,1761,-0.4251532650
123,1762,-0.1604065553
123,1763,-0.7769704994
123,1764,-0.0255760558
123,1765,-0.1618673396
123,1766,0.6013169236
123,1767,1.3391737923
123,1768,-0.1704088154
123,1769,1.0640493435
123,1770,-0.9798427223
123,1771,-0.0262180742
123,1772,0.2102718344
123,1773,-0.3893635978
123,1774,-0.0411640009
123,1775,-0.7393011664
123,1776,0.9203544184
123,1777,-1.1459464055
123,1778,0.8284866072
123,1779,-0.2700248591
123,1780,0.5940606660
123,1781,0.3569200919
123,1782,0.5278866604
123,1783,-0.1034041170
123,1784,-0.8142406296
123,1785,0.2241164216
123,1786,0.1387664896
123,1787,-0.0283629377
123,1788,0.3396144346
123,1789,-0.5335074058
123,1790,-0.2152081820
123,1791,0.2163849534
123,1792,0.8805047834
123,1793,-0.3806089514
123,1794,-0.2640578253
123,1795,0.3311964064
123,1796,-0.1300514577
123,1797,0.0160241714
123,1798,0.9788753087
123,1799,0.8598481665
123,1800,-1.0386474856
123,1801,-0.3835022586
123,1802,0.5722444840
123,1803,0.0593709821
123,1804,1.4784750986
123,1805,-0.3296724692
123,1806,0.1601506470
123,1807,0.1762259665
123,1808,-0.5289113362
123,1809,0.3553376845
123,1810,0.6913726417
123,1811,-0.3281668212
123,1812,0.1775813142
123,1813,-0.3235778083
123,1814,0.5589771745
123,1815,-0.3559853730
123,1816,0.2489876487
123,1817,0.0560074636
123,1818,0.4869107254
123,1819,0.1904182201
123,1820,-0.1986811295
123,1821,0.5542884343
123,1822,0.1687435319
123,1823,-0.5632446963
123,1824,0.0573261205
123,1825,-0.2064921988
123,1826,0.2383890938
123,1827,0.6615451802
123,1828,-0.3451923477
123,1829,0.7346265509
123,1830,-0.6327201421
123,1831,-0.3282583684
123,1832,-0.7071259643
123,1833,1.0645758771
123,1834,-0.3457131303
123,1835,0.7182884988
123,1836,0.4956433642
123,1837,-0.0886816681
123,1838,0.3200783881
123,1839,0.1147246295
123,1840,-0.1917003679
123,1841,0.8670661213
123,1842,-0.3034018489
123,1843,0.0578118772
123,1844,-0.3206220258
123,1845,0.5213016561
123,1846,0.0331670213
123,1847,-0.5187889481
123,1848,0.0157263735
123,1849,0.4203528083
123,1850,0.1028994060
123,1851,0.9278998402
123,1852,-0.4236430443
123,1853,0.1906930251
123,1854,-0.0792402952
123,1855,0.2787977597
123,1856,-0.8460884161
123,1857,-0.4316917329
123,1858,-0.8642507212
123,1859,-0.1552006479
123,1860,-0.0392622071
123,1861,-0.2676154200
123,1862,-0.1835527023
123,1863,0.3697544576
123,1864,0.0267341786
123,1865,-0.9197638389
123,1866,-0.7276632570
123,1867,0.4964147793
123,1868,1.3228778859
123,1869,-0.1897803087
123,1870,0.9751917183
123,1871,-0.3083552451
123,1872,-0.0942607029
123,1873,0.1604405039
123,1874,-0.1424521787
123,1875,0.7638389381
123,1876,0.5897193711
123,1877,-0.2525696687
123,1878,0.2491124204
123,1879,0.2765422617
123,1880,-0.6872887920
123,1881,-0.5966455500
123,1882,-0.3224518680
123,1883,-0.9704236872
123,1884,0.1849509681
123,1885,0.6982575743
123,1886,0.1269819758
123,1887,-0.8802912776
123,1888,-0.1110804462
123,1889,0.2059731360
123,1890,-0.8096939226
123,1891,-0.2601658136
123,1892,-0.1960039268
123,1893,-0.3172992015
123,1894,0.0225788817
123,1895,-0.4757347808
123,1896,-0.1818345617
123,1897,-0.3472960914
123,1898,1.0737156803
123,1899,-1.1887961614
123,1900,0.0235603852
123,1901,-0.1785037811
123,1902,-0.5949797582
123,1903,-0.2384393767
123,1904,0.3457093320
123,1905,0.3912657394
123,1906,-0.3562195112
123,1907,0.1781395254
123,1908,-0.0565303275
123,1909,0.8803722623
123,1910,-0.1647838878
123,1911,0.1294764813
123,1912,-0.3977991639
123,1913,-0.0944417137
123,1914,-0.0260592480
123,1915,1.6169543053
123,1916,1.0539842990
123,1917,-0.0137833444
123,1918,-0.2439327368
123,1919,-0.2475048709
123,1920,0.0399803484
123,1921,-0.2031496155
123,1922,0.0313955011
123,1923,-0.1754782118
123,1924,-0.1391565072
123,1925,-0.2387439059
123,1926,0.5015316245
123,1927,0.4729718275
123,1928,-0.7895861594
123,1929,-1.2932455962
123,1930,1.2085433972
123,1931,-0.9255170885
123,1932,-0.5252776190
123,1933,0.2673122186
123,1934,0.0881716294
123,1935,-0.1498761662
123,1936,-0.9382909682
123,1937,-0.3683655449
123,1938,0.2543083538
123,1939,1.0472886579
123,1940,-0.6423381529
123,1941,0.0608313775
123,1942,-0.1319884105
123,1943,-0.7407536950
123,1944,0.3509918588
123,1945,0.0875989353
123,1946,-0.7932120299
123,1947,0.2030104773
123,1948,-1.1219549697
123,1949,0.4271598297
123,1950,-0.0849178654
123,1951,0.0066546028
123,1952,0.0690071159
123,1953,0.7461381946
123,1954,-0.7867086557
123,1955,-0.1931771942
123,1956,-0.4453747375
123,1957,-0.3344785340
123,1958,-0.2956377032
123,1959,-0.5601025221
123,1960,0.5128992349
123,1961,0.0045396501
123,1962,0.4422029159
123,1963,0.2609558986
123,1964,1.2798404833
123,1965,-0.2440551195
123,1966,-0.6316258250
123,1967,0.2071427735
123,1968,-0.6297577739
123,1969,-0.0877716324
123,1970,0.2537379813
123,1971,0.3616468270
123,1972,0.3981423033
123,1973,-0.3941461913
123,1974,0.4877036212
123,1975,-0.4973525958
123,1976,0.2438474981
123,1977,0.5051319241
123,1978,0.2638792607
123,1979,0.1882907757
123,1980,0.0197779478
123,1981,-0.0429150336
123,1982,-0.0939818810
123,1983,-0.3087442192
123,1984,-0.2330016072
123,1985,-0.1905704450
123,1986,0.3958217440
123,1987,0.3457443369
123,1988,0.2592445771
123,1989,-0.1056100274
123,1990,-0.2686129696
123,1991,-0.0679339162
123,1992,-0.6849577068
123,1993,0.0966479687
123,1994,0.7264040419
123,1995,-0.5183482572
123,1996,0.5534234468
123,1997,-0.0959298200
123,1998,-1.2210042817
123,1999,0.4103917520
123,2000,-0.4640808279
123,2001,-0.0581657976
123,2002,0.9622444666
123,2003,-0.7912353999
123,2004,-0.3027262670
123,2005,-0.5062881775
123,2006,-0.2893796567
123,2007,-0.0579963953
123,2008,0.7656645427
123,2009,0.3444727625
123,2010,-0.4760234356
123,2011,-0.1951217341
123,2012,-0.2166336600
123,2013,0.1681825522
123,2014,-0.2269377384
123,2015,0.1944460950
123,2016,-0.6309688571
123,2017,-0.0251439608
123,2018,-0.6798131266
123,2019,0.0566869780
123,2020,1.0010020341
123,2021,0.1143300484
123,2022,-0.5996069426
123,2023,-0.0203388764
123,2024,1.0391185396
123,2025,-0.6253521198
123,2026,0.3328299299
123,2027,-0.6490630502
123,2028,1.0437228852
123,2029,-0.4919682767
123,2030,-0.6764238293
123,2031,0.3698202134
123,2032,-0.4327501708
123,2033,-0.3434251669
123,2034,-0.5525606410
123,2035,0.3582710158
123,2036,0.1042792187
123,2037,-0.7527955512
123,2038,-0.9852125961
123,2039,0.4767492930
123,2040,0.0813513449
123,2041,-0.1927528962
123,2042,0.0023204585
123,2043,0.1125857191
123,2044,0.3432508587
123,2045,1.0524612409
123,2046,-1.5159556963
123,2047,-0.5228410941
123,2048,0.1222293869
123,2049,-0.8517654304
123,2050,-0.1730927116
123,2051,-1.1581601031
123,2052,-0.3309167834
123,2053,0.5196826845
123,2054,-0.7384432680
123,2055,-0.3187937247
123,2056,-0.3078704181
123,2057,-0.3032373846
123,2058,-0.2124209648
123,2059,0.0532496146
123,2060,0.4075092173
123,2061,0.8948525296
123,2062,0.3203911945
123,2063,0.8379433861
123,2064,-0.4629778325
123,2065,-1.1362293083
123,2066,-0.0412780353
123,2067,0.5171467899
123,2068,-0.9579912961
123,2069,-0.1165911338
123,2070,0.3042684463
123,2071,-1.1945638768
123,2072,-0.2778832496
123,2073,-0.6904637397
123,2074,0.2565660477
123,2075,0.5990350626
123,2076,0.7923942625
123,2077,1.2978768771
123,2078,-0.5396375459
123,2079,-0.3857008284
123,2080,0.2909063480
123,2081,0.8950329165
123,2082,-0.5216608060
123,2083,0.7143673713
123,2084,-1.1453449971
123,2085,0.2392204543
123,2086,-1.2525204811
123,2087,0.1399356264
123,2088,0.6401159682
123,2089,-1.1070122531
123,2090,-0.4076582306
123,2091,0.9224816110
123,2092,0.6633210543
123,2093,0.3631142555
123,2094,-0.5783313611
123,2095,-0.2901123111
123,2096,0.1285648957
123,2097,0.4496299632
123,2098,1.0309895457
123,2099,0.2357296753
123,2100,1.0018061284
123,2101,-0.6810299152
123,2102,-0.2986857746
123,2103,0.5320343068
123,2104,-0.7356640740
123,2105,-0.0497140811
123,2106,-0.1192956362
123,2107,-0.1307898129
123,2108,0.1900662377
123,2109,-0.6592644651
123,2110,0.4830518547
123,2111,0.1760887448
123,2112,-0.0154405932
123,2113,0.4468081856
123,2114,0.4152134524
123,2115,-0.4835696452
123,2116,0.1808123172
123,2117,-0.3599824739
123,2118,0.1315785007
123,2119,-0.0105312826
123,2120,-0.6266334468
123,2121,-0.6111128685
123,2122,-0.0082894747
123,2123,1.2125925926
123,2124,0.4024765664
123,2125,0.2411424377
123,2126,-0.1755512107
123,2127,-0.2677658038
123,2128,0.7889859757
123,2129,0.4296175760
123,2130,1.4501278608
123,2131,-0.2717777609
123,2132,0.6774893287
123,2133,-0.5617668244
123,2134,-0.0395108907
123,2135,0.1889554997
123,2136,0.4526542721
123,2137,0.9449957885
123,2138,-0.1956027948
123,2139,0.1646683046
123,2140,-0.1069196369
123,2141,0.8089673052
123,2142,-0.0396977070
123,2143,-0.1209680150
123,2144,0.2270418177
123,2145,0.1870656142
123,2146,-0.6964848343
123,2147,-0.0483891227
123,2148,-0.3123818114
123,2149,0.1321318382
123,2150,-0.5900734349
123,2151,-0.8354289541
123,2152,0.1438975418
123,2153,-0.1775352611
123,2154,-1.0115688037
123,2155,-0.0141247167
123,2156,0.6263599485
123,2157,-0.1139847058
123,2158,-0.3541942473
123,2159,0.0520426462
123,2160,-1.0066020544
123,2161,0.8005208180
123,2162,-1.2797650711
123,2163,-0.2720876020
123,2164,-0.5527960936
123,2165,0.3021039575
123,2166,0.5694120059
123,2167,0.4406091775
123,2168,-0.0455606352
123,2169,0.4246510113
123,2170,-0.0950786282
123,2171,0.7741995081
123,2172,0.8134740067
123,2173,-0.2288344312
123,2174,-0.0265447844
123,2175,-0.1918242418
123,2176,0.3286441601
123,2177,-0.3446746533
123,2178,0.1745143470
123,2179,0.6749829537
123,2180,0.5090995112
123,2181,0.2371386976
123,2182,-0.7780081230
123,2183,-0.0636856076
123,2184,-0.8921040760
123,2185,-0.1773298249
123,2186,0.9617157214
123,2187,-0.1296927492
123,2188,-0.2401216483
123,2189,0.2994988464
123,2190,-0.3651420065
123,2191,-0.5693355411
123,2192,0.5386464904
123,2193,0.0082039633
123,2194,0.0484942501
123,2195,-0.5483323490
123,2196,-0.6312317350
123,2197,-0.8077523529
123,2198,-0.0221517192
123,2199,-0.1141600339
123,2200,0.2567408153
123,2201,0.7901328925
123,2202,0.0109495399
123,2203,-0.4876408937
123,2204,-0.5294760704
123,2205,0.5144288948
123,2206,-0.8757396606
123,2207,-0.4793048555
123,2208,-0.9915173144
123,2209,0.3033990954
123,2210,0.6792745832
123,2211,-0.6327040129
123,2212,0.4265431728
123,2213,-0.5953663194
123,2214,1.0899654923
123,2215,-0.2614135962
123,2216,0.4755694888
123,2217,0.7025901314
123,2218,-0.5907476793
123,2219,-0.8116396231
123,2220,0.5099737811
123,2221,-0.3367634468
123,2222,0.0353691215
123,2223,0.3749379112
123,2224,-0.1033889519
123,2225,-0.2636229939
123,2226,-0.8271882103
123,2227,0.0611497940
123,2228,1.1146582081
123,2229,-0.0521497515
123,2230,0.3844625240
123,2231,0.1129508246
123,2232,-0.0452207195
123,2233,0.6631095646
123,2234,0.7221700287
123,2235,0.6959834637
123,2236,-0.3111412537
123,2237,0.3294769836
123,2238,-0.5842309747
123,2239,0.1087941426
123,2240,-0.5391863986
123,2241,0.1978851463
123,2242,-0.0353338436
123,2243,-0.3468724250
123,2244,0.4296984646
123,2245,-0.2939038447
123,2246,-0.0120455405
123,2247,0.5976241468
123,2248,0.1658143453
123,2249,-0.3584184028
123,2250,-0.6969593529
123,2251,-0.1801083724
123,2252,0.9208251924
123,2253,0.7526100614
123,2254,-0.3831289915
123,2255,0.0966868823
123,2256,-0.4592954170
123,2257,0.8504468879
123,2258,-0.8429157413
123,2259,-0.4364091679
123,2260,-0.0631355377
123,2261,0.1147569311
123,2262,-0.3961404133
123,2263,-0.9140977538
123,2264,-1.4402862097
123,2265,-0.2968966075
123,2266,-0.5552533898
123,2267,0.1183708202
123,2268,0.4557766865
123,2269,0.2694457991
123,2270,0.6089045253
123,2271,-0.0115999520
123,2272,0.2968419639
123,2273,-0.3967404474
123,2274,1.2761490462
123,2275,0.3246176352
123,2276,-0.2993809536
123,2277,0.1881503490
123,2278,-0.1519187571
123,2279,-0.5508036599
123,2280,-0.7925330775
123,2281,0.8050014857
123,2282,0.7392100646
123,2283,0.8693135736
123,2284,0.0315612582
123,2285,-0.6408690785
123,2286,-0.1265708016
123,2287,0.4130971532
123,2288,0.1032901850
123,2289,-0.9164434822
123,2290,-0.3454700830
123,2291,-0.4910771787
123,2292,0.8022091428
123,2293,0.0889641625
123,2294,0.5396981093
123,2295,0.5878949247
123,2296,0.0408136747
123,2297,-0.0226011106
123,2298,1.3150827659
123,2299,0.3621559934
123,2300,-0.7000566023
123,2301,-0.7418639137
123,2302,0.0827553716
123,2303,-0.2063170865
123,2304,-0.0651139035
123,2305,-0.9490080278
123,2306,0.6256835539
123,2307,0.3424395949
123,2308,0.2400637481
123,2309,0.4065658674
123,2310,0.4629134912
123,2311,-0.2681778472
123,2312,0.2289379118
123,2313,1.2332527141
123,2314,-0.2754129888
123,2315,0.1863633807
123,2316,0.3064399202
123,2317,0.4469194237
123,2318,0.2329123764
123,2319,0.6215839479
123,2320,-0.5083200430
123,2321,0.1418885059
123,2322,-0.0690741996
123,2323,-0.1050558624
123,2324,0.0699108146
123,2325,-0.2874827757
123,2326,0.1233384055
123,2327,0.8874639016
123,2328,-1.0457613421
123,2329,-1.0989528948
123,2330,1.3768880721
123,2331,0.5259359546
123,2332,0.0131107638
123,2333,-0.1130434262
123,2334,-0.4474905989
123,2335,0.4716512599
123,2336,-0.7483377954
123,2337,0.4406527416
123,2338,-0.5784802332
123,2339,1.0186875475
123,2340,-0.0519227659
123,2341,-0.6767251905
123,2342,-0.5199655656
123,2343,-0.1566720500
123,2344,-0.4104151166
123,2345,0.8974028621
123,2346,-0.0077935873
123,2347,-1.1563787420
123,2348,-0.3333395410
123,2349,0.0559760594
123,2350,0.6024856908
123,2351,0.8660746776
123,2352,0.3324561093
123,2353,0.1388275527
123,2354,-0.2048799161
123,2355,0.5828600047
123,2356,0.3246796599
123,2357,0.3146839248
123,2358,-0.2567315270
123,2359,-0.0947347010
123,2360,-0.3053760267
123,2361,0.1964171941
123,2362,0.4767079786
123,2363,-0.7678963375
123,2364,0.2638082055
123,2365,0.3090913167
123,2366,-0.5342230873
123,2367,0.2126733955
123,2368,-0.3834098617
123,2369,-0.3747698132
123,2370,0.2989501091
123,2371,-0.2114837868
123,2372,0.6897931423
123,2373,-0.4476860809
123,2374,-0.0279104935
123,2375,0.1740976432
123,2376,-1.1458409570
123,2377,-0.4287172044
123,2378,0.7772360125
123,2379,0.0519146894
123,2380,-0.5671895188
123,2381,0.2877509858
123,2382,-0.1834523822
123,2383,-0.7621839193
123,2384,-0.4746362329
123,2385,0.5134160964
123,2386,-0.4232724233
123,2387,0.0159998696
123,2388,-0.9485264252
123,2389,0.9799961763
123,2390,-0.8582486170
123,2391,-0.2350204537
123,2392,0.0565974791
123,2393,-0.2833237058
123,2394,-0.8793507032
123,2395,0.0748902892
123,2396,0.6608223034
123,2397,0.8180622131
123,2398,0.4535493755
123,2399,-0.0398608961
123,2400,0.3503419113
123,2401,-0.1646662292
123,2402,0.6742110971
123,2403,0.9647576865
123,2404,-0.1167318331
123,2405,0.0419991363
123,2406,0.6704929659
123,2407,-0.0870134670
123,2408,0.9910026786
123,2409,-0.2507458390
123,2410,-0.1394433031
123,2411,0.0003820552
123,2412,0.4067913353
123,2413,0.1151001025
123,2414,-0.2361480256
123,2415,-1.1355341520
123,2416,0.0280448955
123,2417,0.1133724029
123,2418,0.0995855478
123,2419,-0.5695575614
123,2420,-0.2249645674
123,2421,-0.8444898958
123,2422,0.1661394616
123,2423,-0.3429804411
123,2424,0.0547426327
123,2425,-0.2435449772
123,2426,-0.2813014473
123,2427,-0.7682790495
123,2428,-0.4791553612
123,2429,-0.2051264609
123,2430,-0.0973014265
123,2431,0.5479648127
123,2432,-0.3668021248
123,2433,-0.3129133182
123,2434,0.1661752106
123,2435,0.9974817794
123,2436,-0.6119145371
123,2437,0.3089368934
123,2438,-0.4251366408
123,2439,0.1400246519
123,2440,-0.1745301908
123,2441,-0.4729777370
123,2442,-0.5414853055
123,2443,0.2374139670
123,2444,0.4061375288
123,2445,-0.2068182706
123,2446,0.2526806275
123,2447,0.8111679838
123,2448,0.2010682964
123,2449,-0.6949403235
123,2450,-0.4316556326
123,2451,0.2224104839
123,2452,-0.3332434274
123,2453,0.2046441417
123,2454,0.5523336824
123,2455,-0.2477969729
123,2456,-0.5587703618
123,2457,0.1815455250
123,2458,-0.1435024028
123,2459,-0.2798898234
123,2460,0.2790973022
123,2461,-0.5982675240
123,2462,-0.0893263738
123,2463,-0.6516296040
123,2464,0.4509092074
123,2465,0.3125563893
123,2466,0.2370099143
123,2467,-0.5049281258
123,2468,0.4406117914
123,2469,-0.3410861164
123,2470,-0.7188631555
123,2471,0.7452229069
123,2472,-0.0671451902
123,2473,-0.4867385121
123,2474,-0.1664112309
123,2475,-0.0921339914
123,2476,-0.5374491415
123,2477,-0.5528987196
123,2478,0.6591829214
123,2479,-0.3198518291
123,2480,-0.3966381771
123,2481,0.2297660610
123,2482,-0.2748949479
123,2483,-0.3421058780
123,2484,-1.2825135167
123,2485,0.3714057317
123,2486,-0.3150394942
123,2487,0.5967101916
123,2488,-0.5480432082
123,2489,0.3892474255
123,2490,-0.0412293473
123,2491,0.0453827214
123,2492,0.2090402067
123,2493,0.1789461878
123,2494,-0.3109078234
123,2495,0.2021282786
123,2496,-1.3890119781
123,2497,0.8873887819
123,2498,-0.8498327834
123,2499,-1.1085491248
123,2500,0.5432369638
123,2501,0.4509393476
123,2502,1.6853508728
123,2503,0.4556851893
123,2504,0.6524262491
123,2505,-0.6960237837
123,2506,0.5434643585
123,2507,-0.2553057635
123,2508,0.2543534797
123,2509,1.1572896977
123,2510,0.0614433987
123,2511,0.8308536906
123,2512,0.4961707184
123,2513,1.5324677501
123,2514,-0.3989041280
123,2515,0.4388803600
123,2516,0.2774352975
123,2517,0.5649625961
123,2518,0.2090519472
123,2519,-0.6389859933
123,2520,0.2150229974
123,2521,-0.0844964921
123,2522,-0.3470679948
123,2523,0.5295256606
123,2524,-0.3837325056
123,2525,-0.8894393995
123,2526,-0.4738546615
123,2527,-0.2745482485
123,2528,1.2319695569
123,2529,-0.1647250628
123,2530,-0.0255228272
123,2531,1.2280279739
123,2532,-0.2971581380
123,2533,0.5615187013
123,2534,1.0169862199
123,2535,0.1347175325
123,2536,-0.7046634559
123,2537,-0.2215310189
123,2538,0.2868892217
123,2539,-0.1483298670
123,2540,0.4637071617
123,2541,-0.1717125503
123,2542,0.7888153330
123,2543,0.2236759125
123,2544,-0.3170274868
123,2545,0.3562279224
123,2546,0.2519173654
123,2547,-0.2010845845
123,2548,0.1894697343
123,2549,1.5666380121
123,2550,-0.0226047217
123,2551,0.0878282810
123,2552,0.5483041189
123,2553,0.8022604828
123,2554,-0.2579916550
123,2555,-0.0393470079
123,2556,-0.4382880272
123,2557,0.9668440348
123,2558,0.5534547503
123,2559,-0.1461347754
123,2560,-0.1525319733
123,2561,0.4343698465
123,2562,0.3606364210
123,2563,-0.4155285114
123,2564,-0.1718128801
123,2565,0.3728066797
123,2566,-0.5185622463
123,2567,0.0550315731
123,2568,0.0056673258
123,2569,-0.7632052213
123,2570,-0.2632841513
123,2571,0.2194956207
123,2572,-0.2989384365
123,2573,0.0633534769
123,2574,0.4981894845
123,2575,-0.6423484712
123,2576,-0.5076987330
123,2577,0.1477885401
123,2578,0.5894655484
123,2579,0.0805029350
123,2580,-0.1753530705
123,2581,-0.3797980163
123,2582,0.6139131535
123,2583,0.1798162370
123,2584,-0.1355342070
123,2585,-0.1396364556
123,2586,-0.2963520649
123,2587,-0.3483669283
123,2588,-1.1147062374
123,2589,0.0270406286
123,2590,-0.7971018350
123,2591,0.2689703615
123,2592,-0.5492053236
123,2593,0.5237412792
123,2594,0.5511205083
123,2595,0.2652597790
123,2596,-0.7174357127
123,2597,-0.8366907109
123,2598,0.1342892461
123,2599,-0.1436706031
123,2600,0.1276570257
123,2601,0.0870574200
123,2602,0.2616248013
123,2603,0.0272157975
123,2604,0.2648870038
123,2605,-0.0074921407
123,2606,-0.2160796056
123,2607,-0.1773405041
123,2608,0.1101880092
123,2609,-1.2119823083
123,2610,0.0897714468
123,2611,0.0360561955
123,2612,0.4362731045
123,2613,-0.3131331336
123,2614,0.2507923389
123,2615,-0.0618329028
123,2616,-0.0986772134
123,2617,-0.2553439426
123,2618,0.4029343652
123,2619,0.7219747811
123,2620,0.4456413456
123,2621,0.1179891693
123,2622,-0.9470606223
123,2623,0.2717834452
123,2624,-0.2955118121
123,2625,0.8815921496
123,2626,0.0406217368
123,2627,-0.2295964347
123,2628,0.5832313876
123,2629,-0.1859349788
123,2630,-0.5106212740
123,2631,-0.5746263912
123,2632,-0.3260602903
123,2633,-0.5521906895
123,2634,0.9769065306
123,2635,-0.4165898355
123,2636,0.2988193802
123,2637,-0.2899335946
123,2638,0.4582264359
123,2639,-1.2711577291
123,2640,-0.2062358792
123,2641,0.1363323354
123,2642,0.3817979004
123,2643,-0.5698164683
123,2644,-1.0380836901
123,2645,0.3976961546
123,2646,0.0437759003
123,2647,-0.0998281511
123,2648,-0.5529064011
123,2649,-0.7796430746
123,2650,1.3287342651
123,2651,0.3029960566
123,2652,0.4792585364
123,2653,0.4100766840
123,2654,-0.7115117105
123,2655,0.7181700295
123,2656,-0.5585107090
123,2657,-0.5727316699
123,2658,0.7433231303
123,2659,0.7801007937
123,2660,0.2516160764
123,2661,-1.1835361900
123,2662,0.0597535700
123,2663,-0.4639185813
123,2664,-0.1755504913
123,2665,0.1937293039
123,2666,0.6325385952
123,2667,-0.0609571866
123,2668,0.3788031793
123,2669,-0.4582725209
123,2670,0.2969909316
123,2671,-1.1352380659
123,2672,0.5745039522
123,2673,0.6105061937
123,2674,0.5486674533
123,2675,-0.2658978280
123,2676,0.3051762112
123,2677,0.7740069481
123,2678,-0.2379203986
123,2679,0.3589990437
123,2680,0.2579412204
123,2681,0.2951218499
123,2682,-0.8607310049
123,2683,0.3514287251
123,2684,-0.2091331079
123,2685,0.1596207091
123,2686,0.3314306376
123,2687,0.7139149987
123,2688,1.0702799319
123,2689,-0.7015882782
123,2690,0.1362849668
123,2691,-0.0528110126
123,2692,-0.1452064702
123,2693,-0.5110233874
123,2694,-0.4913706520
123,2695,-0.4063002306
123,2696,0.2017956126
123,2697,-0.8102101364
123,2698,0.2234804154
123,2699,-0.8561209839
123,2700,-0.6523179312
123,2701,-0.5284842127
123,2702,-0.5114221276
123,2703,-0.3036956510
123,2704,0.5056591419
123,2705,0.1383157170
123,2706,-0.1955812414
123,2707,-0.3248703731
123,2708,0.0168779777
123,2709,0.0751452058
123,2710,-0.2130386263
123,2711,0.0537277120
123,2712,0.0794094995
123,2713,-0.0217836714
123,2714,-0.4193196261
123,2715,0.2536037178
123,2716,0.3681175261
123,2717,-0.2839038693
123,2718,0.7745786775
123,2719,-0.4444628200
123,2720,-0.3974743749
123,2721,0.1118323632
123,2722,-0.0554178369
123,2723,-0.6667735926
123,2724,0.0275544770
123,2725,0.3343616439
123,2726,-0.7800383341
123,2727,-0.5677190565
123,2728,-0.3063595689
123,2729,-0.2693569305
123,2730,0.0255111703
123,2731,-0.6857039469
123,2732,-0.1410060595
123,2733,-0.0230931731
123,2734,-0.4174493698
123,2735,0.6365911010
123,2736,-0.9580196400
123,2737,-0.2874976573
123,2738,1.2730575408
123,2739,-0.6147740032
123,2740,0.0711085824
123,2741,-0.3656354384
123,2742,-0.5420722613
123,2743,-0.2050046452
123,2744,-0.2201143315
123,2745,-0.4509506741
123,2746,-0.2717395302
123,2747,0.5152526325
123,2748,0.0403677737
123,2749,-0.4491101050
123,2750,-0.1423308279
123,2751,-0.1528522775
123,2752,-0.2479682181
123,2753,0.2435720394
123,2754,0.5464102135
123,2755,0.8221416676
123,2756,0.2643315274
123,2757,0.2378659661
123,2758,0.3876506241
123,2759,0.2879082434
123,2760,-0.8124169195
123,2761,-0.6125320158
123,2762,-0.0794692509
123,2763,-0.9031562225
123,2764,0.7092672870
123,2765,-0.4766445612
123,2766,-0.3314628353
123,2767,0.6192991785
123,2768,-0.4272637490
123,2769,-0.8078066569
123,2770,0.7259879868
123,2771,0.8793049921
123,2772,-0.0983885824
123,2773,-0.4717066303
123,2774,0.5743275379
123,2775,0.0311411846
123,2776,0.1033726050
123,2777,-0.0651884413
123,2778,0.0427592302
123,2779,-0.1656161240
123,2780,-0.9452913494
123,2781,-0.0369769270
123,2782,-0.1861915634
123,2783,0.1296248883
123,2784,-0.6510656946
123,2785,-0.4700373069
123,2786,0.1232960760
123,2787,-0.1999476668
123,2788,-0.9176466406
123,2789,-0.3960784204
123,2790,0.2426878777
123,2791,-1.0904375650
123,2792,0.8490337733
123,2793,0.4065782493
123,2794,-0.2084444917
123,2795,0.0749193613
123,2796,0.7360746027
123,2797,-0.4325326850
123,2798,-0.5075785167
123,2799,-0.7442205609
123,2800,-0.1925804033
123,2801,-0.1214424504
123,2802,-1.1079305964
123,2803,-0.4681115404
123,2804,0.0452327016
123,2805,-0.3901125674
123,2806,-0.3305787434
123,2807,0.2617830835
123,2808,-0.1210026132
123,2809,-0.1712750828
123,2810,0.3276436660
123,2811,-0.1951915021
123,2812,0.7676331833
123,2813,-0.3465034614
123,2814,0.3585626957
123,2815,-0.2250341019
123,2816,-0.7797579224
123,2817,0.6679093350
123,2818,-0.0375055576
123,2819,-0.6970441710
123,2820,0.6471825436
123,2821,-0.4144091445
123,2822,-0.4358301786
123,2823,-0.5155234435
123,2824,-0.7257889860
123,2825,0.2994586927
123,2826,-0.3714245901
123,2827,-0.3396451377
123,2828,0.3319567507
123,2829,0.6548149924
123,2830,0.3915811166
123,2831,-0.8277793928
123,2832,0.2035283045
123,2833,-0.1142039524
123,2834,-0.1016717066
123,2835,0.1601208714
123,2836,0.5554894361
123,2837,-1.0619211377
123,2838,0.4917754392
123,2839,0.5966854746
123,2840,-1.2888805888
123,2841,-0.0497877487
123,2842,0.8279755712
123,2843,0.2587582383
123,2844,0.1721140327
123,2845,-0.6796551882
123,2846,0.3878142388
123,2847,-0.0787160617
123,2848,0.0897874997
123,2849,-0.5865185231
123,2850,0.5092649092
123,2851,0.5047492172
123,2852,0.0297467435
123,2853,-0.6740461026
123,2854,-0.0292793814
123,2855,0.2477404973
123,2856,0.1231063996
123,2857,-0.9202710798
123,2858,-0.0330573726
123,2859,0.2227432942
123,2860,0.5055596108
123,2861,-0.1692327600
123,2862,-0.0596865574
123,2863,-0.3103665841
123,2864,-0.2458163113
123,2865,-0.0320025106
123,2866,0.4129870464
123,2867,-0.1107721649
123,2868,0.5504631696
123,2869,-0.1259800717
123,2870,0.9164857300
123,2871,0.9094779745
123,2872,-0.6902721386
123,2873,0.2310513122
123,2874,0.1623619959
123,2875,0.8762743186
123,2876,-0.8255913886
123,2877,-0.9633906375
123,2878,-1.1844869579
123,2879,0.2254174780
123,2880,0.7013813522
123,2881,0.0190830721
123,2882,-0.3598015628
123,2883,0.6747560397
123,2884,0.0655272986
123,2885,-0.3256356297
123,2886,0.4548613478
123,2887,0.3397159155
123,2888,-0.4216821991
123,2889,0.3866423266
123,2890,-1.3198752927
123,2891,0.2762493472
123,2892,-0.0234906556
123,2893,-0.1258936586
123,2894,-0.1848845953
123,2895,-0.2482120878
123,2896,-0.5166153227
123,2897,0.4659772322
123,2898,0.8711571782
123,2899,-0.5267661643
123,2900,-0.5001342249
123,2901,-0.8963112666
123,2902,1.2108909741
123,2903,0.2571156433
123,2904,-0.0170479046
123,2905,0.0585572359
123,2906,0.2534411753
123,2907,0.1979111660
123,2908,-0.3751012585
123,2909,-0.3115889826
123,2910,-0.9708409026
123,2911,1.2251185607
123,2912,0.0960661817
123,2913,0.3374255511
123,2914,1.0728588306
123,2915,-0.9736741110
123,2916,-0.1810166224
123,2917,0.5273247503
123,2918,-0.3640509491
123,2919,0.1867426173
123,2920,0.8440360323
123,2921,-0.1095335964
123,2922,0.9563093739
123,2923,0.6829451637
123,2924,1.2268846046
123,2925,-0.2468189196
123,2926,-0.0736201007
123,2927,0.6800355786
123,2928,-0.5995971607
123,2929,0.1900130173
123,2930,-0.5711707349
123,2931,-0.4268797886
123,2932,-0.7378291228
123,2933,0.7768758611
123,2934,-0.2405824771
123,2935,0.8174890785
123,2936,-0.0682154169
123,2937,-0.4240825389
123,2938,0.0884830786
123,2939,-0.4418756126
123,2940,0.5879980361
123,2941,-0.7968989156
123,2942,0.7078230437
123,2943,0.5573791161
123,2944,0.1021587425
123,2945,0.6974894114
123,2946,-0.1439198022
123,2947,-0.8411145715
123,2948,-0.6466891113
123,2949,0.4305712747
123,2950,-0.0966204349
123,2951,0.2966585099
123,2952,0.9914337975
123,2953,0.3243642234
123,2954,0.3701005882
123,2955,0.3267293927
123,2956,0.5260156539
123,2957,0.0228579299
123,2958,0.7587610494
123,2959,-0.3076646550
123,2960,0.9800996866
123,2961,-0.1832563161
123,2962,0.7162517381
123,2963,-0.6302800865
123,2964,-0.3309613148
123,2965,-0.0843139241
123,2966,0.7520674600
123,2967,0.1691624222
123,2968,0.1935688984
123,2969,-0.9791042075
123,2970,-0.4884344774
123,2971,0.3564426919
123,2972,0.0974333707
123,2973,-0.0615483849
123,2974,-0.8868362267
123,2975,0.8054846130
123,2976,0.0587867642
123,2977,-1.2044732907
123,2978,-0.8876392949
123,2979,0.4025258189
123,2980,-0.0694534855
123,2981,0.1208994691
123,2982,0.2372897345
123,2983,0.2137631786
123,2984,-0.5730990679
123,2985,-0.7672379024
123,2986,-0.4100702645
123,2987,0.5105756667
123,2988,-0.0404175483
123,2989,-0.6498686848
123,2990,0.3704357660
123,2991,-0.9644997704
123,2992,0.7482726321
123,2993,-0.2541423016
123,2994,-0.0752857752
123,2995,0.1420616695
123,2996,-0.5168207984
123,2997,0.3701714266
123,2998,0.5457334600
123,2999,0.5983311279
123,3000,0.7569856917
123,3001,-0.4078991292
123,3002,0.3500675161
123,3003,0.5762684243
123,3004,0.1040844811
123,3005,-0.2176915961
123,3006,0.0163521343
123,3007,0.1178947908
123,3008,-0.0146831435
123,3009,0.3661757555
123,3010,-0.2664969880
123,3011,1.4178914634
123,3012,-0.0377815286
123,3013,0.1258548697
123,3014,-0.1028291793
123,3015,0.2747630926
123,3016,-0.7255578654
123,3017,-0.3074857640
123,3018,-0.5682823700
123,3019,-0.0628754206
123,3020,-0.4573847816
123,3021,-0.9009442506
123,3022,-0.3164006095
123,3023,0.5804230710
123,3024,0.6076121587
123,3025,-0.2459295183
123,3026,-0.5272290804
123,3027,-0.0948367237
123,3028,0.7666190889
123,3029,1.2529602955
123,3030,0.4130856136
123,3031,0.2045508567
123,3032,0.7184189453
123,3033,-1.0321209164
123,3034,-0.3473026442
123,3035,-0.0795955250
123,3036,0.1317476905
123,3037,0.6087122096
123,3038,0.6495392471
123,3039,0.3038313844
123,3040,-0.7245226995
123,3041,-0.4460647069
123,3042,-0.2053812081
123,3043,0.3563141704
123,3044,0.2571758807
123,3045,0.7879193892
123,3046,0.0359312205
123,3047,0.2419614829
123,3048,0.5630818698
123,3049,0.1066176654
123,3050,-0.6127156388
123,3051,0.0742068988
123,3052,-0.7507488465
123,3053,-0.6905052971
123,3054,-0.4074957387
123,3055,-0.5601069025
123,3056,-0.4937588817
123,3057,-0.9852513209
123,3058,-0.4455983854
123,3059,0.1433071627
123,3060,-0.2006833705
123,3061,0.5147777223
123,3062,1.2745737557
123,3063,0.3572798187
123,3064,-0.3485897887
123,3065,-0.4490350215
123,3066,-0.5497373420
123,3067,0.2026799774
123,3068,0.2945188203
123,3069,0.3141815262
123,3070,0.6073819216
123,3071,-0.6144395070
123,3072,0.3576679565
123,3073,0.8216218697
123,3074,-0.2196133123
123,3075,0.8149572144
123,3076,-0.1227088575
123,3077,0.2728399824
123,3078,0.0400510016
123,3079,0.1947127762
123,3080,0.2070322835
123,3081,0.3606331447
123,3082,-0.4471573695
123,3083,-0.5791514970
123,3084,-0.3100959225
123,3085,0.1161457491
123,3086,-0.5512899679
123,3087,-0.1104341557
123,3088,-0.0944236304
123,3089,-0.8879227611
123,3090,-0.5222185597
123,3091,-0.0413719982
123,3092,-0.4562544726
123,3093,-0.0060533111
123,3094,-0.5475711478
123,3095,-0.3486420835
123,3096,-0.5569786287
123,3097,1.4414153351
123,3098,-0.3790383808
123,3099,0.0917151494
123,3100,0.9935516415
123,3101,0.0730423276
123,3102,-0.5433373748
123,3103,-0.5219924918
123,3104,-1.0271768930
123,3105,0.9590183683
123,3106,0.0096603476
123,3107,-0.0930422149
123,3108,-0.5507629000
123,3109,0.7625408884
123,3110,0.2383616990
123,3111,0.1236607787
123,3112,0.0167013160
123,3113,0.9097123044
123,3114,0.1082068023
123,3115,0.7548681743
123,3116,-0.8024768576
123,3117,-0.1438190588
123,3118,-1.5955513009
123,3119,-0.4265466814
123,3120,0.7251739524
123,3121,-0.2942694679
123,3122,0.0643525151
123,3123,-0.0007536805
123,3124,-1.0030560032
123,3125,-0.2226101194
123,3126,-0.2133194506
123,3127,-1.0820303622
123,3128,0.1215314173
123,3129,0.0426186979
123,3130,0.1867185649
123,3131,-0.6306140347
123,3132,-0.7390347266
123,3133,0.0904154291
123,3134,-0.6709685075
123,3135,-0.4339653177
123,3136,-0.2397050477
123,3137,0.4347840708
123,3138,-0.3986369810
123,3139,-0.0722294165
123,3140,0.4323058625
123,3141,0.6345675043
123,3142,-0.2882249976
123,3143,0.4890658075
123,3144,1.1333199703
123,3145,0.1337886379
123,3146,0.7390094300
123,3147,-1.2994956928
123,3148,0.0147204082
123,3149,-0.0882920339
123,3150,-0.9582527191
123,3151,-0.4076219067
123,3152,-0.1240133732
123,3153,-1.3761801846
123,3154,-0.3211952449
123,3155,0.6044862195
123,3156,0.1934912030
123,3157,-0.7322421984
123,3158,0.2136210072
123,3159,0.0486011452
123,3160,0.2878708673
123,3161,0.3655271111
123,3162,0.0212900014
123,3163,0.6346611262
123,3164,0.4916008738
123,3165,0.3711062994
123,3166,0.2548155704
123,3167,-0.6140705801
123,3168,-0.9043668903
123,3169,-0.3716455645
123,3170,-0.1220876738
123,3171,0.2029494898
123,3172,0.5639021659
123,3173,-0.0831088622
123,3174,-0.4301013926
123,3175,0.5346108532
123,3176,-0.8170493102
123,3177,-0.6527598093
123,3178,-0.0834239920
123,3179,-0.0686780190
123,3180,-0.0015665304
123,3181,-0.4130663830
123,3182,0.6508639554
123,3183,0.8012574386
123,3184,0.6720657007
123,3185,-0.1892524146
123,3186,-0.1028740745
123,3187,-0.1429035926
123,3188,0.5073991017
123,3189,-0.4162813146
123,3190,-0.6696110976
123,3191,-0.2649542276
123,3192,-1.0075390638
123,3193,0.4648180388
123,3194,0.5256186963
123,3195,0.0141773397
123,3196,0.1709378005
123,3197,-0.1832269232
123,3198,0.4154140484
123,3199,1.1118409790
123,3200,0.2197998009
123,3201,0.3462162603
123,3202,-0.6512631684
123,3203,0.0600396302
123,3204,-0.6288423574
123,3205,0.5654659736
123,3206,0.0339770918
123,3207,0.4303704870
123,3208,-0.4905948329
123,3209,1.0381582599
123,3210,-0.8787163717
123,3211,-0.3968201001
123,3212,-0.1159047561
123,3213,-0.4134578878
123,3214,0.5356213615
123,3215,0.9596659825
123,3216,-0.0304953866
123,3217,-0.3779921284
123,3218,-0.3708227274
123,3219,-0.0109218497
123,3220,0.2040941136
123,3221,0.6639866650
123,3222,-0.4293146239
123,3223,0.3282035786
123,3224,0.1661496094
123,3225,0.1543331502
123,3226,0.0194513648
123,3227,1.0709961275
123,3228,-0.7089608805
123,3229,0.0484189657
123,3230,1.0761810089
123,3231,0.6915912462
123,3232,0.2693896491
123,3233,-0.3988524916
123,3234,-0.1783015495
123,3235,-0.2112563622
123,3236,-0.2577053560
123,3237,-0.3278224028
123,3238,-0.2764413326
123,3239,0.4195551318
123,3240,0.0967812670
123,3241,0.1391108415
123,3242,-0.4146501767
123,3243,0.1102364565
123,3244,-0.7636464577
123,3245,-0.0609490840
123,3246,0.2080220692
123,3247,0.3844282460
123,3248,-0.4074819603
123,3249,-0.3209082544
123,3250,0.5022290206
123,3251,0.1671499347
123,3252,-0.9873233894
123,3253,-0.2463827704
123,3254,0.2991806306
123,3255,-0.3104414097
123,3256,0.0635742704
123,3257,-0.2055991351
123,3258,0.9563548293
123,3259,-0.8367788476
123,3260,0.0228306420
123,3261,0.7893233244
123,3262,-0.6453918438
123,3263,0.4176662665
123,3264,0.0424955837
123,3265,-0.4399637660
123,3266,-0.2202455799
123,3267,-0.1629428347
123,3268,0.9044408295
123,3269,-0.1992089258
123,3270,-0.3647535773
123,3271,0.0645774878
123,3272,0.7860380580
123,3273,-0.8949122474
123,3274,0.4807358478
123,3275,0.3231677256
123,3276,-0.0121855707
123,3277,0.4253029437
123,3278,0.0583562281
123,3279,-0.0796262510
123,3280,-0.5076005178
123,3281,0.1344428331
123,3282,-0.1315586843
123,3283,-0.3776707585
123,3284,0.5911359356
123,3285,-0.2563981366
123,3286,-0.3970433210
123,3287,-0.3954283168
123,3288,0.4228477740
123,3289,-0.3557714344
123,3290,-0.2106415160
123,3291,-0.5915465688
123,3292,-0.4580993823
123,3293,0.1769415070
123,3294,-0.9670056880
123,3295,0.4567229849
123,3296,0.2689161750
123,3297,0.3713277316
123,3298,0.4435800805
123,3299,0.1808652656
123,3300,0.1519165530
123,3301,-0.2590551304
123,3302,-0.5156063052
123,3303,0.4063972466
123,3304,0.5776474517
123,3305,0.2781147435
123,3306,-0.4152042098
123,3307,0.6398420493
123,3308,0.1374643714
123,3309,-0.4789703699
123,3310,-0.1896832038
123,3311,-0.5257261245
123,3312,0.0064784204
123,3313,-0.6034925584
123,3314,0.2499819934
123,3315,0.4073333625
123,3316,-0.4860002474
123,3317,-0.1604806782
123,3318,-0.0196133972
123,3319,0.0318145946
123,3320,0.3226119803
123,3321,0.6694385942
123,3322,0.3308209301
123,3323,0.4986554879
123,3324,-0.7141805961
123,3325,0.2009595095
123,3326,-0.3912785993
123,3327,0.0793066758
123,3328,-0.4980975390
123,3329,-0.4559527349
123,3330,0.5027546798
123,3331,-0.5966301903
123,3332,-0.0528360698
123,3333,-0.2491766621
123,3334,-0.5952342396
123,3335,-0.1125836216
123,3336,-0.0188858716
123,3337,0.1480173886
123,3338,-0.3673058035
123,3339,-0.1984513556
123,3340,0.3174735405
123,3341,0.3339565578
123,3342,-0.2232455199
123,3343,0.3304192614
123,3344,0.7568405114
123,3345,0.3991855110
123,3346,-0.3878670781
123,3347,0.6485163146
123,3348,0.2161873790
123,3349,1.0200166625
123,3350,-0.6575629368
123,3351,0.0674912391
123,3352,-0.4366980219
123,3353,0.1925902748
123,3354,0.7633990116
123,3355,-0.6169803283
123,3356,0.1621336025
123,3357,-0.6642123186
123,3358,-0.5022828820
123,3359,0.0216038504
123,3360,0.2874023791
123,3361,0.2950855696
123,3362,-0.4781944451
123,3363,-0.5311593462
123,3364,-1.1022708292
123,3365,0.6466472243
123,3366,-0.4862202228
123,3367,-0.1104146508
123,3368,-0.5110396231
123,3369,-0.5856874689
123,3370,0.0434630992
123,3371,0.1882603287
123,3372,0.2817975405
123,3373,-0.3257499311
123,3374,0.0073800514
123,3375,1.0836863730
123,3376,0.8301526081
123,3377,-0.9810204814
123,3378,0.5810319106
123,3379,0.5323637932
123,3380,-0.7712512441
123,3381,-0.9483891896
123,3382,0.4266117412
123,3383,0.0778077388
123,3384,0.1547385919
123,3385,-1.2479353918
123,3386,-0.4125607869
123,3387,-0.8932245609
123,3388,0.8236082074
123,3389,0.7042136684
123,3390,-1.4448295612
123,3391,0.4257076734
123,3392,1.3265048077
123,3393,-0.4009983006
123,3394,0.1044211631
123,3395,0.4690467502
123,3396,0.2021000846
123,3397,0.3209793007
123,3398,0.9897245637
123,3399,0.5742535692
123,3400,-1.2588239183
123,3401,0.2028880035
123,3402,0.1676050519
123,3403,0.2227736853
123,3404,0.3583565022
123,3405,0.4423719538
123,3406,-0.8885121647
123,3407,0.4524098958
123,3408,0.1510807339
123,3409,0.4230780666
123,3410,-0.6668751443
123,3411,-0.1161508478
123,3412,0.5558058311
123,3413,-0.8401897359
123,3414,-0.2404030890
123,3415,-0.3498973146
123,3416,-0.9250808851
123,3417,0.2426234484
123,3418,-0.7880013598
123,3419,-0.7501759476
123,3420,-0.8075139212
123,3421,-0.1740643694
123,3422,-0.2871877221
123,3423,0.2337105564
123,3424,-0.1661396190
123,3425,-0.2302196184
123,3426,-0.2005188863
123,3427,-0.4337162369
123,3428,-0.0404096696
123,3429,-1.1101927569
123,3430,-0.4581403790
123,3431,0.1418989639
123,3432,-0.0742052209
123,3433,0.5490897947
123,3434,0.1452215693
123,3435,-0.1912397567
123,3436,0.9279546938
123,3437,-0.2612466692
123,3438,0.1560962760
123,3439,0.5189602008
123,3440,-0.2089970549
123,3441,0.2144888876
123,3442,-0.4805662329
123,3443,-0.3474095661
123,3444,0.5280780370
123,3445,1.1562782723
123,3446,0.8005504163
123,3447,-0.5637536231
123,3448,0.6184925903
123,3449,-0.2613356640
123,3450,0.1160980498
123,3451,0.6835687112
123,3452,-0.1035173865
123,3453,-0.7899686211
123,3454,0.8135893324
123,3455,-0.6162757290
123,3456,-0.9922488910
123,3457,0.4222602101
123,3458,-0.3075287911
123,3459,0.1724084888
123,3460,-0.4042640212
123,3461,-0.6176298012
123,3462,0.0634522692
123,3463,-0.5366167063
123,3464,0.9422740806
123,3465,-1.2503351004
123,3466,0.5056464797
123,3467,-0.3058827068
123,3468,-0.7704324112
123,3469,-0.6077774567
123,3470,-0.0177712719
123,3471,0.0395024904
123,3472,0.7825299152
123,3473,0.2485066910
123,3474,-0.5814367879
123,3475,-0.7586521219
123,3476,0.6161077105
123,3477,0.5173467754
123,3478,-0.7641721772
123,3479,0.1971724206
123,3480,0.4822131974
123,3481,0.4519107150
123,3482,0.3109068543
123,3483,-0.8719677181
123,3484,0.0807786379
123,3485,0.2854645640
123,3486,0.2451882318
123,3487,0.4623540841
123,3488,0.6018622641
123,3489,0.7178777754
123,3490,0.2214242474
123,3491,0.5150636870
123,3492,-0.4755953822
123,3493,-0.7963580075
123,3494,0.0434703558
123,3495,0.8916103633
123,3496,-0.2536938396
123,3497,0.9339731665
123,3498,-0.2864109034
123,3499,1.0120502834
123,3500,0.5718496430
123,3501,0.2646625116
123,3502,0.4416350941
123,3503,0.5781227884
123,3504,-0.0822098836
123,3505,-0.4872263588
123,3506,-0.1994131671
123,3507,-0.1008231603
123,3508,-0.5514716284
123,3509,0.0083691584
123,3510,-0.4328942704
123,3511,-0.1875276046
123,3512,-0.4172232286
123,3513,-0.5844553857
123,3514,-0.1759722845
123,3515,0.1350364082
123,3516,0.2285978951
123,3517,0.1382539605
123,3518,0.2140590701
123,3519,0.0695668500
123,3520,-0.3553012850
123,3521,0.3940931534
123,3522,-0.3021162803
123,3523,-1.0452905966
123,3524,-0.2326782346
123,3525,-0.1704636012
123,3526,0.2228348205
123,3527,-0.2261816352
123,3528,0.3290416632
123,3529,-1.2305749469
123,3530,-0.5620240224
123,3531,-0.5426098306
123,3532,-1.5373506942
123,3533,-0.0772616134
123,3534,0.9505014953
123,3535,0.1433938495
123,3536,-0.0201006601
123,3537,-0.2991218685
123,3538,0.4074949361
123,3539,-0.9151516838
123,3540,0.1910845908
123,3541,0.1545991654
123,3542,0.3815583796
123,3543,-0.5760498052
123,3544,0.5653672582
123,3545,0.2575929266
123,3546,-0.1787670367
123,3547,-0.2804186141
123,3548,-0.3492659689
123,3549,-0.3489116649
123,3550,-0.2712567036
123,3551,0.3205045728
123,3552,-0.0453833464
123,3553,-0.0660354344
123,3554,-0.8177567062
123,3555,-0.4843924170
123,3556,0.0237797202
123,3557,0.1904590165
123,3558,-0.0775646552
123,3559,-0.2803356815
123,3560,-0.3219832419
123,3561,0.2695776670
123,3562,-0.2305051736
123,3563,0.2729659283
123,3564,0.3899295324
123,3565,0.2153342900
123,3566,-0.2142721909
123,3567,0.5622452087
123,3568,-0.2636303304
123,3569,-1.0661957421
123,3570,0.0219055688
123,3571,-0.5702851339
123,3572,-0.1030136680
123,3573,-0.0273572830
123,3574,-0.5871558980
123,3575,-0.0745916407
123,3576,0.1824431239
123,3577,1.2275593062
123,3578,0.1844743811
123,3579,-1.2471492285
123,3580,0.0644739745
123,3581,-0.3325832514
123,3582,-0.8185141734
123,3583,-0.3466941014
123,3584,-0.6866150903
123,3585,0.4212621205
123,3586,0.4659714613
123,3587,0.1385758551
123,3588,0.5770518133
123,3589,-0.0187503167
123,3590,0.1858235692
123,3591,0.7746236891
123,3592,0.5662956324
123,3593,0.3756703917
123,3594,0.9302599005
123,3595,0.4753856798
123,3596,-0.4703750198
123,3597,-0.4776777168
123,3598,0.3759995862
123,3599,0.0588363808
123,3600,0.2230797745
123,3601,1.1503884047
123,3602,-0.2903206923
123,3603,0.2481844234
123,3604,0.5711335518
123,3605,0.3193869647
123,3606,0.0831862413
123,3607,0.5272906436
123,3608,-0.2098373903
123,3609,0.5392940210
123,3610,-0.2868358584
123,3611,0.1098699650
123,3612,-0.8493500676
123,3613,-0.4913542151
123,3614,0.7213755242
123,3615,-0.0973353970
123,3616,-0.1823235165
123,3617,-0.1725025625
123,3618,0.2562544581
123,3619,0.6460557334
123,3620,0.0172990043
123,3621,-0.3518788030
123,3622,-0.2986266540
123,3623,0.1098999759
123,3624,-0.1648311784
123,3625,-1.7241879400
123,3626,-0.2292080630
123,3627,-0.3257270858
123,3628,0.4047226417
123,3629,-1.6177575894
123,3630,-0.2217369745
123,3631,-0.0615859436
123,3632,0.3593894614
123,3633,-0.4775330611
123,3634,0.7649990142
123,3635,-0.8424847635
123,3636,0.3888288118
123,3637,-1.0209478056
123,3638,0.7342473208
123,3639,0.8605157504
123,3640,0.4359094218
123,3641,-0.1328845789
123,3642,0.0461178853
123,3643,0.0916921248
123,3644,-0.5014276576
123,3645,-0.9282213694
123,3646,1.0240042100
123,3647,-0.0758571491
123,3648,1.2431042415
123,3649,-0.1000014942
123,3650,0.9181449918
123,3651,-0.6500694114
123,3652,-0.2181947789
123,3653,0.3064420285
123,3654,0.1943053701
123,3655,-0.2070145666
123,3656,0.2265269299
123,3657,0.0253187657
123,3658,1.1229914662
123,3659,-1.0217168354
123,3660,-0.0347256169
123,3661,-1.1061681642
123,3662,0.1925553187
123,3663,-0.7414935030
123,3664,-0.8056496949
123,3665,-0.5793580338
123,3666,-0.1157747132
123,3667,0.3129425852
123,3668,0.3704616746
123,3669,0.4004771986
123,3670,-0.3935756208
123,3671,-0.4730312721
123,3672,-0.6029300685
123,3673,0.1238853945
123,3674,0.8243353724
123,3675,0.4149576952
123,3676,-0.9472402333
123,3677,-0.6056013623
123,3678,-0.4203951726
123,3679,0.6585290711
123,3680,0.2562992254
123,3681,-0.5588612920
123,3682,0.0753855152
123,3683,-0.1997884143
123,3684,0.4606266929
123,3685,-0.2373382397
123,3686,-0.4690080005
123,3687,-0.6588499393
123,3688,0.6600114168
123,3689,0.2578391521
123,3690,0.0921191379
123,3691,-0.2587104286
123,3692,-0.9380945766
123,3693,-0.6724381586
123,3694,-0.2879300414
123,3695,0.1712157989
123,3696,-0.4574142179
123,3697,0.1606720469
123,3698,0.8435249661
123,3699,-0.1225011992
123,3700,0.4483488380
123,3701,-0.7669060458
123,3702,0.5023901806
123,3703,0.5264733746
123,3704,-0.4026721460
123,3705,0.5186464563
123,3706,-0.2195488092
123,3707,-0.4767756183
123,3708,0.5001710124
123,3709,-0.6856656960
123,3710,-0.1899036135
123,3711,-0.2119447943
123,3712,-0.5252084421
123,3713,0.5297775651
123,3714,-0.3506772945
123,3715,-0.5579238707
123,3716,-0.5965598065
123,3717,1.0804025365
123,3718,0.5404395120
123,3719,0.4914433187
123,3720,0.1304880333
123,3721,0.5570674845
123,3722,0.1528317344
123,3723,-0.5336387523
123,3724,0.0529300796
123,3725,0.2278251910
123,3726,0.0558457339
123,3727,0.4673432453
123,3728,0.0978213159
123,3729,-0.7958958511
123,3730,-0.2593033165
123,3731,-0.7676065377
123,3732,-0.8749588071
123,3733,0.1497536426
123,3734,0.1736734970
123,3735,-0.5753262038
123,3736,-0.4526104888
123,3737,0.4036570139
123,3738,0.0308192297
123,3739,0.8436171584
123,3740,0.7165419500
123,3741,0.6457196048
123,3742,-0.8087865244
123,3743,1.4331294303
123,3744,0.0151716748
123,3745,0.5002062866
123,3746,0.1537435768
123,3747,-0.1038610300
123,3748,-0.5152817913
123,3749,-0.0683721374
123,3750,1.2394274127
123,3751,0.2898348105
123,3752,0.1060933318
123,3753,0.0016596865
123,3754,-0.0099158641
123,3755,-0.0117545294
123,3756,0.9219215355
123,3757,-0.0704491158
123,3758,0.6643923715
123,3759,0.1080398479
123,3760,0.0318226670
123,3761,-0.2900524613
123,3762,0.3692777758
123,3763,-0.3787729292
123,3764,0.1983994455
123,3765,-0.3333160251
123,3766,0.2413163522
123,3767,-0.1763131080
123,3768,0.0986593750
123,3769,0.5819200901
123,3770,-0.8036547829
123,3771,-0.6689132357
123,3772,1.9693011874
123,3773,0.6319312907
123,3774,-0.0288024350
123,3775,-0.1388273265
123,3776,0.6021701408
123,3777,-0.4053443210
123,3778,-0.3014887406
123,3779,0.1862481580
123,3780,-0.2148312673
123,3781,0.2254204205
123,3782,-0.5129954289
123,3783,-0.2036695381
123,3784,0.5881648312
123,3785,-1.1885787601
123,3786,0.5771340435
123,3787,-0.0181824106
123,3788,0.2861073156
123,3789,-0.0152524472
123,3790,-0.2651483990
123,3791,0.0759830985
123,3792,-0.3288307511
123,3793,0.4224645904
123,3794,-0.3219721248
123,3795,-0.7121774444
123,3796,-0.8527756965
123,3797,-0.1994883950
123,3798,-0.8127835322
123,3799,-0.0120864314
123,3800,0.4495628255
123,3801,-0.7577947472
123,3802,0.6736913576
123,3803,-0.0243885163
123,3804,0.2659762911
123,3805,-0.4300917375
123,3806,0.2565466985
123,3807,-0.2971354959
123,3808,-0.8374945515
123,3809,-0.4106086973
123,3810,0.0939709799
123,3811,-0.6464550439
123,3812,-0.1662282362
123,3813,-0.5455814707
123,3814,0.1892870229
123,3815,0.1947644727
123,3816,-0.1037819599
123,3817,-0.1163683852
123,3818,-0.0937334725
123,3819,0.0958866184
123,3820,-0.6599001189
123,3821,-0.6713228693
123,3822,-0.7224207152
123,3823,-0.0064402856
123,3824,1.1407149953
123,3825,-0.1378155865
123,3826,-0.7130216063
123,3827,-0.1998566907
123,3828,-0.0648637283
123,3829,0.7856814370
123,3830,-0.5646769312
123,3831,0.7397148609
123,3832,0.3193018246
123,3833,0.7924085886
123,3834,0.0481467169
123,3835,0.8382417667
123,3836,0.2306008243
123,3837,0.3970516691
123,3838,0.0033964450
123,3839,0.7978994572
123,3840,-0.6538665175
123,3841,0.2222665924
123,3842,-0.3440806851
123,3843,-0.6372011083
123,3844,-0.6954076222
123,3845,0.1964098571
123,3846,0.0417448070
123,3847,-0.8359367672
123,3848,-0.3867139520
123,3849,-0.2671019863
123,3850,0.6017592714
123,3851,0.5414540116
123,3852,0.6714599890
123,3853,-0.1513319311
123,3854,0.9917583840
123,3855,-0.8980043282
123,3856,0.0559159488
123,3857,-0.2327102984
123,3858,0.0694307678
123,3859,-0.2962027825
123,3860,-0.6364050574
123,3861,-0.7042487394
123,3862,-0.3704770610
123,3863,-0.3544059267
123,3864,0.2696194018
123,3865,0.1070933488
123,3866,-0.4118144249
123,3867,-0.1610665322
123,3868,0.2713060693
123,3869,-0.5983041972
123,3870,0.1888314131
123,3871,0.5221795777
123,3872,-0.0510165981
123,3873,-0.1726934012
123,3874,0.7606491007
123,3875,0.1424620686
123,3876,-0.7493940047
123,3877,0.3169181418
123,3878,-0.6582355003
123,3879,-0.2987482400
123,3880,0.1531588640
123,3881,0.2328084240
123,3882,0.5312021355
123,3883,-0.2708009957
123,3884,-0.6412270254
123,3885,-0.2047088216
123,3886,-0.8976422252
123,3887,0.1373833719
123,3888,0.0034380119
123,3889,0.5429522608
123,3890,0.4438578865
123,3891,0.0891926601
123,3892,0.0221457548
123,3893,0.6408740571
123,3894,-0.0427268625
123,3895,-0.4674760868
123,3896,-0.0980916677
123,3897,0.4308117771
123,3898,-0.4829525375
123,3899,0.5832303742
123,3900,-1.4735790426
123,3901,-0.3906601428
123,3902,-0.4298146285
123,3903,0.8796773642
123,3904,0.0853819313
123,3905,0.7238038313
123,3906,-0.4894356567
123,3907,-0.4878418068
123,3908,-0.4986664546
123,3909,0.1786618574
123,3910,0.4654398991
123,3911,-0.3397440359
123,3912,0.6589943716
123,3913,-0.1230584878
123,3914,-0.2985742759
123,3915,-0.0316551741
123,3916,0.2386901620
123,3917,-0.0447358241
123,3918,-0.0512486566
123,3919,0.6290492623
123,3920,1.1619054371
123,3921,-0.8557951604
123,3922,-0.6730591289
123,3923,0.0235397320
123,3924,0.1221504408
123,3925,-0.5874003433
123,3926,0.1210297557
123,3927,-0.2150172294
123,3928,0.5146354400
123,3929,-0.2412287768
123,3930,-0.7379152808
123,3931,0.2858117617
123,3932,0.3686178230
123,3933,0.1704346985
123,3934,-0.0899661447
123,3935,-0.7065378307
123,3936,0.3828696384
123,3937,0.2618385703
123,3938,0.3903162294
123,3939,0.5417696990
123,3940,0.6567142234
123,3941,0.7040257341
123,3942,0.0397831271
123,3943,0.3039804899
123,3944,-0.3769613637
123,3945,-0.0306849718
123,3946,-0.1978861351
123,3947,-0.4208007620
123,3948,0.0755238335
123,3949,-0.8291206147
123,3950,-0.0515051097
123,3951,-0.3712333559
123,3952,0.4619230195
123,3953,-0.0530836808
123,3954,-0.5635428056
123,3955,0.0571160763
123,3956,0.9469856933
123,3957,0.2660399217
123,3958,0.0829960336
123,3959,-0.5384151025
123,3960,-0.1347857425
123,3961,-0.5232402521
123,3962,0.1473401684
123,3963,0.7262854785
123,3964,0.1846712607
123,3965,-0.2465617242
123,3966,-0.1367585983
123,3967,-0.6926892201
123,3968,1.0666252783
123,3969,-0.8558129277
123,3970,0.0376226175
123,3971,-0.6825118886
123,3972,-0.7290119500
123,3973,-0.5091229137
123,3974,0.1222334806
123,3975,0.4977633339
123,3976,0.3847704357
123,3977,0.1350663252
123,3978,-0.4211304987
123,3979,-0.2402360411
123,3980,0.3112567242
123,3981,-0.5191729261
123,3982,0.3794194022
123,3983,0.1669354352
123,3984,0.9309235309
123,3985,-0.1710844698
123,3986,-0.1250348220
123,3987,-1.1831836062
123,3988,-0.1027327952
123,3989,-0.5371906357
123,3990,0.6341964453
123,3991,0.7659783897
123,3992,0.9191209458
123,3993,-0.7655193862
123,3994,-0.1740506200
123,3995,0.1030374684
123,3996,0.9356096618
123,3997,0.2025075528
123,3998,0.0596083057
123,3999,-1.3152542644
123,4000,-0.2406885947
123,4001,-0.0782854122
123,4002,0.3570063873
123,4003,-0.4510499465
123,4004,-0.0749044174
123,4005,-0.6624378045
123,4006,0.7052283737
123,4007,0.0565219851
123,4008,-0.4820072845
123,4009,-0.0240851384
123,4010,-0.4257911335
123,4011,0.0240327237
123,4012,0.1530268973
123,4013,-0.1667077983
123,4014,-0.1207928045
123,4015,-0.0667079318
123,4016,0.4334384641
123,4017,-0.1336289842
123,4018,0.4166024286
123,4019,0.1186251603
123,4020,-0.7391113176
123,4021,-0.5725375900
123,4022,-0.5602027565
123,4023,0.5029953602
123,4024,0.3210023550
123,4025,0.1215811080
123,4026,-0.5187925691
123,4027,0.7264625815
123,4028,-0.8461581942
123,4029,0.3004002525
123,4030,0.7166536333
123,4031,0.8808545203
123,4032,0.5281080335
123,4033,0.2205208210
123,4034,0.2933827546
123,4035,0.1391026364
123,4036,1.1661961938
123,4037,-0.1801829937
123,4038,-0.4273355518
123,4039,-0.4999253937
123,4040,0.7394349292
123,4041,-1.3361932939
123,4042,0.2327444160
123,4043,0.1439760713
123,4044,0.5158024616
123,4045,0.6724065956
123,4046,0.5958750371
123,4047,-0.0731425803
123,4048,-0.4090230421
123,4049,-0.7025900568
123,4050,-0.6014190875
123,4051,-0.4593265075
123,4052,-0.1463650853
123,4053,-0.3682560655
123,4054,-0.1487532923
123,4055,-0.0112771482
123,4056,0.9820504748
123,4057,-0.3098235042
123,4058,0.2205474301
123,4059,0.9554287958
123,4060,-0.0216225538
123,4061,0.6249297389
123,4062,-0.0033753327
123,4063,-0.0883082356
123,4064,0.7408308382
123,4065,-0.3255616656
123,4066,-0.7187186510
123,4067,-0.3810546714
123,4068,-0.4242838601
123,4069,-0.4348859992
123,4070,-0.7093802531
123,4071,-0.4029916028
123,4072,-0.5395489016
123,4073,0.0239798148
123,4074,1.4209194933
123,4075,-0.0872112666
123,4076,-0.2762750168
123,4077,-0.1523709346
123,4078,0.2282945817
123,4079,-0.1672648738
123,4080,0.4755713565
123,4081,0.4110050970
123,4082,-0.6539117810
123,4083,-0.1430973761
123,4084,0.3943107061
123,4085,-0.5787993181
123,4086,-0.2549849220
123,4087,-0.7573668275
123,4088,0.5394159021
123,4089,0.5369949917
123,4090,0.4527130317
123,4091,-0.2585341545
123,4092,-0.0742596603
123,4093,0.6779475842
123,4094,-0.2122018048
123,4095,0.0275727440
123,4096,-0.3855821694
123,4097,0.1411112105
123,4098,0.6469309924
123,4099,0.3749913094
123,4100,0.7180893452
123,4101,0.5077433577
123,4102,-0.0826166062
123,4103,-0.1113371957
123,4104,0.0855267377
123,4105,-0.3113622732
123,4106,-0.2660835072
123,4107,0.5577035082
123,4108,-0.2641567412
123,4109,-0.5475196196
123,4110,0.2172109884
123,4111,0.0381538488
123,4112,-0.1353204830
123,4113,-0.0067097807
123,4114,0.3049710848
123,4115,0.0611198190
123,4116,0.0599399403
123,4117,-0.3962337643
123,4118,-0.3190701781
123,4119,0.5613134040
123,4120,1.2125891980
123,4121,-0.3172390179
123,4122,-0.9550397661
123,4123,-0.0151638368
123,4124,1.5660198204
123,4125,-0.2886818209
123,4126,0.4827941838
123,4127,-0.2297053676
123,4128,-0.3498610840
123,4129,-0.5960513375
123,4130,0.9031649072
123,4131,-0.4258300464
123,4132,0.1182761727
123,4133,0.5013921965
123,4134,-0.4985949746
123,4135,-0.3066366007
123,4136,-0.1378364533
123,4137,-0.5572676362
123,4138,0.8355235174
123,4139,0.2546058125
123,4140,-0.0983465240
123,4141,-0.0708224493
123,4142,-0.4553434496
123,4143,0.6232879151
123,4144,-0.2902712670
123,4145,0.5545479157
123,4146,-0.7432425116
123,4147,-0.1046859846
123,4148,0.0502445021
123,4149,-0.4968496482
123,4150,0.6735747902
123,4151,1.1588669667
123,4152,0.3259951551
123,4153,0.5042072756
123,4154,-0.0329983948
123,4155,0.5688961868
123,4156,-0.1269114842
123,4157,-0.0671496341
123,4158,-0.4443791871
123,4159,0.4839139511
123,4160,0.5019449671
123,4161,0.0097262355
123,4162,-1.0398447225
123,4163,-0.5986046822
123,4164,0.4562709090
123,4165,0.1454223332
123,4166,-0.2566864249
123,4167,0.9647706893
123,4168,0.5766457105
123,4169,0.5578693356
123,4170,-0.7338830529
123,4171,0.6784822286
123,4172,0.2729646684
123,4173,1.2598220728
123,4174,-0.4362068539
123,4175,0.4409939954
123,4176,0.1044593578
123,4177,-1.4553937125
123,4178,-0.2463918155
123,4179,0.1667788669
123,4180,0.0727370535
123,4181,1.1962378723
123,4182,-0.1223411236
123,4183,0.0011647145
123,4184,-1.1209984113
123,4185,0.8490642925
123,4186,0.1257954946
123,4187,-0.5415462624
123,4188,-0.7199208362
123,4189,0.1949755589
123,4190,-0.5612494699
123,4191,0.1102039145
123,4192,0.6312585648
123,4193,-0.7458802847
123,4194,-0.3173011554
123,4195,0.8534302294
123,4196,-0.9134806141
123,4197,-0.0305974588
123,4198,-0.3603120909
123,4199,-1.1930308707
123,4200,0.3813251946
123,4201,0.4348921081
123,4202,-0.7761603610
123,4203,0.3405216858
123,4204,-0.2548428301
123,4205,0.6070566623
123,4206,-0.2098017689
123,4207,0.0288987271
123,4208,0.6676229248
123,4209,0.0030117150
123,4210,1.2010861870
123,4211,-0.8412488312
123,4212,-0.8590879974
123,4213,-0.7849778732
123,4214,0.5890109875
123,4215,0.4723903151
123,4216,0.3833235568
123,4217,-0.9659004843
123,4218,0.1978918693
123,4219,-0.3683675291
123,4220,-0.1470897285
123,4221,-0.9200792777
123,4222,0.3941012555
123,4223,0.6423504556
123,4224,-0.1449670736
123,4225,-0.3484597213
123,4226,-0.7371095482
123,4227,-0.2933245096
123,4228,-0.2828762223
123,4229,-0.2257537766
123,4230,0.9880202788
123,4231,-0.7836184080
123,4232,-0.1098283664
123,4233,-0.2061046558
123,4234,-0.3570923779
123,4235,0.5598632066
123,4236,0.1575028238
123,4237,0.4945890016
123,4238,0.9089159677
123,4239,-0.4973208541
123,4240,-0.6996075621
123,4241,0.4862814116
123,4242,-0.6242641585
123,4243,0.0575041601
123,4244,0.0474893528
123,4245,-0.4977110172
123,4246,-0.5639684220
123,4247,-0.7171187202
123,4248,-0.4754677825
123,4249,0.6335057434
123,4250,0.7676138992
123,4251,0.0585520932
123,4252,0.0721852785
123,4253,0.8206044004
123,4254,-0.4479534878
123,4255,-0.2346891237
123,4256,-0.2248589408
123,4257,-0.1070964474
123,4258,-0.0327832772
123,4259,0.5134364758
123,4260,0.5169584772
123,4261,-1.0330743636
123,4262,-0.1001471189
123,4263,-0.2951924381
123,4264,-0.3235861226
123,4265,0.4465521858
123,4266,-1.0145592644
123,4267,0.7361502441
123,4268,-0.0436311844
123,4269,0.2772842034
123,4270,-0.0864249145
123,4271,0.2211480374
123,4272,0.6558185585
123,4273,-0.3375983914
123,4274,-0.0860875093
123,4275,-0.1194878894
123,4276,-0.5665393220
123,4277,-0.4113199364
123,4278,0.5073427261
123,4279,-0.3701637871
123,4280,-0.1285081961
123,4281,-0.3509561107
123,4282,-0.5335960909
123,4283,0.1813181651
123,4284,0.0806728005
123,4285,-0.0304732713
123,4286,0.2707759475
123,4287,-0.2647691448
123,4288,0.5174552941
123,4289,-0.1558312659
123,4290,-0.1536296872
123,4291,0.8262989301
123,4292,-0.0493039236
123,4293,0.6221362908
123,4294,-1.4059962663
123,4295,0.0969838527
123,4296,-0.6214678082
123,4297,-0.5864687959
123,4298,0.4724323016
123,4299,-0.7408008679
123,4300,-0.4363441303
123,4301,-0.4704629763
123,4302,-0.0635224092
123,4303,0.0523981560
123,4304,0.2509222423
123,4305,0.3470213788
123,4306,-0.2314294782
123,4307,0.6668865617
123,4308,-0.8039551917
123,4309,-0.1748910534
123,4310,-0.8425348746
123,4311,0.5927847084
123,4312,-1.2594737980
123,4313,-0.5957112645
123,4314,0.0600885882
123,4315,-0.2227071004
123,4316,0.7620504379
123,4317,-0.1279341999
123,4318,0.1317777600
123,4319,0.6722576646
123,4320,-0.3427370250
123,4321,-0.1625862916
123,4322,-1.0835558824
123,4323,0.8417199734
123,4324,0.5866454774
123,4325,0.7017145918
123,4326,-0.2439854334
123,4327,0.4588041656
123,4328,0.2862807191
123,4329,-1.4856102878
123,4330,-0.4832633566
123,4331,0.6699663373
123,4332,-0.2380861494
123,4333,1.0370613053
123,4334,-0.6229206839
123,4335,0.1948954524
123,4336,0.9165179114
123,4337,0.4404940039
123,4338,-0.0586420912
123,4339,-0.7256475064
123,4340,-0.5297932338
123,4341,0.0876045002
123,4342,0.1407698963
123,4343,-0.0069664270
123,4344,0.0597193417
123,4345,-0.6023839407
123,4346,-0.0700648577
123,4347,-0.2424314864
123,4348,-0.7654298250
123,4349,0.7506810601
123,4350,0.5656205050
123,4351,0.2448984439
123,4352,0.0254925423
123,4353,-1.1515333062
123,4354,-0.6410695037
123,4355,-0.3411450557
123,4356,-0.1844685334
123,4357,-0.6001253664
123,4358,0.5705198810
123,4359,-0.7618459058
123,4360,0.4786405301
123,4361,1.0762282249
123,4362,-0.2568969859
123,4363,-0.1524878166
123,4364,0.4607113072
123,4365,-0.5217783185
123,4366,-0.7888509691
123,4367,-0.6904697559
123,4368,-0.1455266705
123,4369,0.1229709894
123,4370,-0.0445596569
123,4371,-0.3650047444
123,4372,-0.8295047705
123,4373,0.5145280825
123,4374,0.1814449703
123,4375,1.3779851239
123,4376,-0.0312444885
123,4377,0.6022842959
123,4378,-0.2324658941
123,4379,-0.3970788766
123,4380,0.7796206446
123,4381,-0.5200327283
123,4382,-0.5437004978
123,4383,0.2288463774
123,4384,0.2213058549
123,4385,0.6741854529
123,4386,0.0158567484
123,4387,-0.4181065565
123,4388,0.3501327367
123,4389,-0.4644750964
123,4390,-0.4742233639
123,4391,0.5221510170
123,4392,0.4137485663
123,4393,-0.4334898562
123,4394,0.4703038725
123,4395,-0.4019176730
123,4396,-0.2012272737
123,4397,0.1360596851
123,4398,1.1979194650
123,4399,-0.8701804155
123,4400,-0.4402990306
123,4401,0.3798693965
123,4402,0.2670687612
123,4403,0.7418486296
123,4404,0.2938697226
123,4405,-0.3006343698
123,4406,-0.1985831534
123,4407,0.3608457383
123,4408,-0.7049795153
123,4409,-0.2045790073
123,4410,0.3024161687
123,4411,0.2453552867
123,4412,-1.0524928993
123,4413,-0.4264185989
123,4414,1.1664063592
123,4415,-0.5428297380
123,4416,0.3542037912
123,4417,0.0746158369
123,4418,-0.2481282837
123,4419,-0.2994145559
123,4420,0.4178913768
123,4421,-0.5842814938
123,4422,0.7801582863
123,4423,0.8357037483
123,4424,0.0176355359
123,4425,-0.5990726463
123,4426,0.6374109160
123,4427,-0.2233049166
123,4428,-0.1283450559
123,4429,0.3385606116
123,4430,0.7301912900
123,4431,0.4476709349
123,4432,0.6889927766
123,4433,-0.6794198118
123,4434,-1.1113103114
123,4435,-0.3778370084
123,4436,-0.0606209544
123,4437,-0.2645970955
123,4438,0.9920808617
123,4439,-0.2999272288
123,4440,-0.9203871715
123,4441,0.9501102384
123,4442,0.2385692257
123,4443,-0.4210802997
123,4444,0.5368642215
123,4445,-0.6422298138
123,4446,-0.0693272738
123,4447,-0.6148056810
123,4448,-0.1631813881
123,4449,0.0235893321
123,4450,0.2088564100
123,4451,-0.1631530256
123,4452,-0.2912265090
123,4453,0.2469342741
123,4454,0.7571104970
123,4455,0.1481358060
123,4456,0.7483177421
123,4457,0.6857027992
123,4458,0.5421819370
123,4459,0.7956131707
123,4460,0.0034991655
123,4461,-0.0581987908
123,4462,1.1631983229
123,4463,0.2103989327
123,4464,0.3508751024
123,4465,0.1270665870
123,4466,0.0346666895
123,4467,0.5601390106
123,4468,0.0414219689
123,4469,-0.6509403304
123,4470,0.3581539187
123,4471,0.2317713434
123,4472,0.4180266560
123,4473,0.2175042464
123,4474,-0.4638794117
123,4475,0.0702217033
123,4476,-0.2246462024
123,4477,-0.3587307144
123,4478,-0.1930049391
123,4479,-0.4987887888
123,4480,0.4289183194
123,4481,0.3319103562
123,4482,0.7582008037
123,4483,0.1716571100
123,4484,0.0078359468
123,4485,-0.2133825526
123,4486,-0.1494079775
123,4487,0.6812071945
123,4488,-0.3815842301
123,4489,-1.3703802256
123,4490,0.1851735548
123,4491,-0.0307426712
123,4492,-0.0650859087
123,4493,0.6043112083
123,4494,0.0219417342
123,4495,0.1598365559
123,4496,0.2252301526
123,4497,-0.2911584421
123,4498,-0.2534219118
123,4499,0.6722151812
123,4500,0.6297120312
123,4501,-0.6522814749
123,4502,-0.3499392238
123,4503,-0.6106503601
123,4504,-0.0508309927
123,4505,0.3350232219
123,4506,-0.1000364387
123,4507,0.0208563564
123,4508,0.7155586801
123,4509,0.2243152896
123,4510,-0.4284221962
123,4511,0.8059568530
123,4512,-0.7529098314
123,4513,-0.6361306845
123,4514,0.3543918409
123,4515,0.0779764632
123,4516,0.1292214386
123,4517,-0.4217519434
123,4518,0.0190480267
123,4519,-0.7447567857
123,4520,0.0596178476
123,4521,0.0162000975
123,4522,-0.6949690402
123,4523,-0.3426003812
123,4524,-0.2474674676
123,4525,0.4929492146
123,4526,-0.0627578296
123,4527,-0.6225221340
123,4528,-0.8392088779
123,4529,0.6444672048
123,4530,0.1148400282
123,4531,0.0810049858
123,4532,0.2342081451
123,4533,0.1129452475
123,4534,-0.2308663178
123,4535,-0.9334667317
123,4536,0.3336561270
123,4537,-0.5547235052
123,4538,0.3053196044
123,4539,0.3320964999
123,4540,0.1020753819
123,4541,-0.4737033614
123,4542,-0.6464341724
123,4543,-0.0446226300
123,4544,-0.0891527504
123,4545,0.0702561463
123,4546,0.9291258675
123,4547,-0.3911290099
123,4548,-0.4726286261
123,4549,-0.0183677536
123,4550,0.2983015011
123,4551,-0.0217516886
123,4552,-0.1741042774
123,4553,-0.3911721472
123,4554,-0.8360575500
123,4555,-0.1965779188
123,4556,-0.3556182022
123,4557,-0.6980964473
123,4558,-0.2241301430
123,4559,-0.2639408759
123,4560,-0.5772282274
123,4561,0.2418913140
123,4562,0.4550183144
123,4563,0.3367899462
123,4564,0.2420012898
123,4565,-0.2062877099
123,4566,0.7864903495
123,4567,0.2558046665
123,4568,-0.0739880682
123,4569,-0.2087818759
123,4570,-0.1958479281
123,4571,-0.3898998051
123,4572,0.6268752897
123,4573,-0.3254806393
123,4574,-0.3538372879
123,4575,0.6378312488
123,4576,0.2357261217
123,4577,-0.8091329759
123,4578,0.2113733987
123,4579,-0.9272514261
123,4580,0.3931794283
123,4581,0.6523479081
123,4582,0.1727200444
123,4583,-0.5160953661
123,4584,0.8402953666
123,4585,-0.6482170830
123,4586,0.9358013872
123,4587,0.3967270869
123,4588,-0.1239193451
123,4589,-0.1462057373
123,4590,0.1153370946
123,4591,0.7004192138
123,4592,-0.6131351853
123,4593,-0.2130016139
123,4594,-1.0024097428
123,4595,-0.8195395412
123,4596,0.0263525043
123,4597,-0.1770249439
123,4598,-0.2278786498
123,4599,0.3164128737
123,4600,0.1294546578
123,4601,-0.2604467436
123,4602,0.1373637960
123,4603,0.0881655088
123,4604,0.5155492471
123,4605,0.0607599466
123,4606,-0.0966745101
123,4607,0.0840222734
123,4608,-0.4351649442
123,4609,-0.1993340199
123,4610,-0.5242864608
123,4611,0.9972545943
123,4612,-0.0260222542
123,4613,-0.2865373048
123,4614,0.3740178118
123,4615,0.3274577398
123,4616,0.5032930524
123,4617,0.7280815736
123,4618,-1.0222861517
123,4619,0.2786349722
123,4620,0.9005347967
123,4621,0.3498430355
123,4622,-1.1337412609
123,4623,0.5047927491
123,4624,0.3466324237
123,4625,0.8912831035
123,4626,-0.0865776967
123,4627,-0.3777016374
123,4628,0.4293104989
123,4629,0.0548016416
123,4630,0.7873293242
123,4631,0.5506843056
123,4632,0.4856167887
123,4633,-0.4456098733
123,4634,0.5553221413
123,4635,-0.4600451533
123,4636,0.4408430463
123,4637,-0.0378316180
123,4638,-0.5723038734
123,4639,-0.2891720981
123,4640,0.6077447473
123,4641,0.7648205888
123,4642,0.0631907232
123,4643,0.8324612611
123,4644,-0.4896211142
123,4645,0.0667318634
123,4646,0.2800330076
123,4647,0.1334906812
123,4648,0.5676593189
123,4649,-0.3286849566
123,4650,-1.0198427485
123,4651,-0.8525902648
123,4652,-0.4422808274
123,4653,-0.1881269967
123,4654,0.6175806387
123,4655,-0.4141095171
123,4656,0.8686471516
123,4657,-0.1531479419
123,4658,-0.1620400732
123,4659,0.5359685991
123,4660,-0.2576669106
123,4661,0.0099320129
123,4662,0.2686851758
123,4663,-0.5349338138
123,4664,0.5565928527
123,4665,-0.3239546349
123,4666,-0.5658486649
123,4667,0.7710245557
123,4668,0.6044469019
123,4669,0.2520101767
123,4670,0.4872093145
123,4671,0.5101676107
123,4672,0.7236515632
123,4673,-0.5175720006
123,4674,0.1051245003
123,4675,-0.2049931722
123,4676,0.9086286616
123,4677,0.4321639097
123,4678,0.0168481707
123,4679,0.2707419636
123,4680,-0.6003679762
123,4681,-0.4177461247
123,4682,0.5333771719
123,4683,-0.0588691327
123,4684,-0.4758119630
123,4685,0.4787478288
123,4686,-0.0402195330
123,4687,-0.7472050192
123,4688,0.8024405171
123,4689,-0.5217208359
123,4690,0.2281887830
123,4691,-0.9140604104
123,4692,-0.9934364985
123,4693,-0.4296152868
123,4694,0.5749183937
123,4695,-0.0197522078
123,4696,-0.2882126033
123,4697,-0.0971375286
123,4698,-0.6526132721
123,4699,0.4961461870
123,4700,0.4982277447
123,4701,0.3561763912
123,4702,-0.5292907765
123,4703,0.2137167887
123,4704,0.0521127639
123,4705,-0.0685354603
123,4706,0.0131797525
123,4707,-1.0591498344
123,4708,-0.1241253869
123,4709,0.2313181995
123,4710,-0.1548345939
123,4711,-0.1404952011
123,4712,0.4963222411
123,4713,0.3772997080
123,4714,-0.2760295914
123,4715,-0.2387598912
123,4716,0.2095800723
123,4717,-0.0732012470
123,4718,0.8899646884
123,4719,-0.8017997073
123,4720,-0.1484101606
123,4721,-0.0285739874
123,4722,0.3699188340
123,4723,-0.1862753165
123,4724,-1.0066927082
123,4725,-0.1046363113
123,4726,-0.5588901009
123,4727,0.9633851282
123,4728,-0.4043580969
123,4729,-0.8038763443
123,4730,0.5633616583
123,4731,-0.5391935467
123,4732,0.6312898787
123,4733,0.2420828830
123,4734,0.0304150591
123,4735,-0.2937936487
123,4736,0.3824717276
123,4737,0.1600646344
123,4738,0.6135817278
123,4739,0.3896702768
123,4740,0.2850513306
123,4741,0.0163882237
123,4742,0.8778702446
123,4743,-0.1103515886
123,4744,-0.6807900290
123,4745,0.5299735228
123,4746,-0.8441914777
123,4747,-0.1733551652
123,4748,-0.0288951428
123,4749,-0.1395796131
123,4750,0.9742410918
123,4751,0.6581584254
123,4752,0.0235462405
123,4753,-0.0233016353
123,4754,-0.4808988257
123,4755,0.8888517531
123,4756,-0.1370372605
123,4757,0.6791185539
123,4758,0.1577377842
123,4759,-0.5096931914
123,4760,-0.1197655199
123,4761,0.0299999344
123,4762,0.0964132559
123,4763,-0.8392112617
123,4764,0.1551104391
123,4765,0.1730898673
123,4766,-0.8468137666
123,4767,-0.5298865691
123,4768,0.2147309676
123,4769,0.2134897705
123,4770,0.3433232371
123,4771,0.4562036009
123,4772,0.4116441633
123,4773,0.7320787969
123,4774,-0.3920099782
123,4775,-0.7585346597
123,4776,-0.1692037525
123,4777,-1.0040564913
123,4778,0.4792258952
123,4779,0.6713099501
123,4780,-0.7054860409
123,4781,0.3410326308
123,4782,0.1291486619
123,4783,-0.4145306318
123,4784,-0.7795070603
123,4785,0.0290089275
123,4786,0.1117860710
123,4787,-0.7221425060
123,4788,0.5602607305
123,4789,-0.0853994680
123,4790,0.3846399876
123,4791,-0.2216703043
123,4792,-0.7097735739
123,4793,-0.3888087075
123,4794,-0.1822471429
123,4795,-0.5241290772
123,4796,0.4952753411
123,4797,0.5019441562
123,4798,-0.8583714112
123,4799,0.5154123333
123,4800,-0.0510902255
123,4801,0.8085411950
123,4802,0.4210609347
123,4803,0.2709843426
123,4804,-0.0936277942
123,4805,-0.8220804710
123,4806,-0.5891514251
123,4807,0.0519111120
123,4808,-1.1687914785
123,4809,0.8031828118
123,4810,-0.1246097667
123,4811,0.3848308962
123,4812,0.8202001808
123,4813,-0.6331855391
123,4814,-0.4424787238
123,4815,0.2023451965
123,4816,-0.5286412384
123,4817,0.4028985474
123,4818,-1.0339352093
123,4819,0.4550049832
123,4820,-0.4499109649
123,4821,-0.1425272518
123,4822,-0.9973475333
123,4823,-0.0211607915
123,4824,0.1046178432
123,4825,0.5490384356
123,4826,0.8416672426
123,4827,-0.5168515926
123,4828,1.0264810362
123,4829,-0.2855554179
123,4830,0.6288829330
123,4831,-0.0566238965
123,4832,-0.5650225323
123,4833,-0.5879294321
123,4834,0.4329300893
123,4835,-0.4625874800
123,4836,-0.5470370759
123,4837,0.4072446700
123,4838,0.3808059568
123,4839,-0.1024599135
123,4840,0.8317359815
123,4841,-0.0369798934
123,4842,-0.9959204742
123,4843,-0.3053426667
123,4844,-0.1378767468
123,4845,0.2753012690
123,4846,0.1017449284
123,4847,0.1505445583
123,4848,-0.2421358762
123,4849,0.2974578402
123,4850,-1.1101509689
123,4851,0.0860817893
123,4852,0.1720142646
123,4853,-0.8436615756
123,4854,-0.3007639466
123,4855,-0.8050450247
123,4856,-0.0494414885
123,4857,0.3998280861
123,4858,-0.0686580170
123,4859,-0.6398097306
123,4860,-0.1870551634
123,4861,0.0103423952
123,4862,0.4439372168
123,4863,-0.1099285523
123,4864,-0.1556588865
123,4865,0.6445705562
123,4866,1.3915399264
123,4867,-0.5301438849
123,4868,0.1423205968
123,4869,1.0250892281
123,4870,-0.0869706549
123,4871,-0.2970842585
123,4872,-0.3016801330
123,4873,-0.8874664006
123,4874,-0.0657859560
123,4875,0.2428173137
123,4876,-0.5505817472
123,4877,0.2436004578
123,4878,0.1031230634
123,4879,0.7726269734
123,4880,0.4332629162
123,4881,-0.5386983764
123,4882,-0.5087230900
123,4883,-0.1213326643
123,4884,-0.2440858149
123,4885,-0.0516142363
123,4886,-1.0114875652
123,4887,0.5999240659
123,4888,-0.3234166569
123,4889,1.3793159834
123,4890,-0.3458347461
123,4891,0.3599083605
123,4892,-0.4303516060
123,4893,-0.2302739023
123,4894,-0.5228711952
123,4895,0.7670050037
123,4896,-0.1151002654
123,4897,0.0798551932
123,4898,-0.5383945990
123,4899,1.0451959998
123,4900,0.4927032978
123,4901,0.1952735098
123,4902,0.1581765000
123,4903,0.3390991382
123,4904,-0.3164140866
123,4905,0.1247908281
123,4906,-0.6084275563
123,4907,1.0327087522
123,4908,0.2145995122
123,4909,-0.6790176692
123,4910,-0.7015512782
123,4911,0.4099404489
123,4912,0.0750041829
123,4913,-0.1062956235
123,4914,0.1099101747
123,4915,0.1287693387
123,4916,0.7510871369
123,4917,0.1896146145
123,4918,-0.6435223969
123,4919,-0.2467609432
123,4920,-0.2612917731
123,4921,0.9952482298
123,4922,0.7898706150
123,4923,-0.2525061785
123,4924,1.1078897544
123,4925,0.4316076547
123,4926,-0.9444782530
123,4927,0.2509193114
123,4928,0.0338630063
123,4929,-0.7723702796
123,4930,-0.4345107258
123,4931,0.0514044646
123,4932,0.4591927256
123,4933,0.0163242962
123,4934,-0.0005535446
123,4935,1.1415378116
123,4936,0.6734918668
123,4937,0.8766400534
123,4938,-0.7290554583
123,4939,-0.1131370386
123,4940,0.3316640247
123,4941,-0.3010098766
123,4942,-0.3450042305
123,4943,-0.7074162503
123,4944,0.3047290189
123,4945,0.0919395973
123,4946,0.4217405974
123,4947,-0.3438034508
123,4948,-0.5907199264
123,4949,-0.1910193609
123,4950,0.8693806076
123,4951,0.6111444172
123,4952,-0.7188271716
123,4953,-0.0237838589
123,4954,-0.3946924673
123,4955,-0.5775363878
123,4956,0.5453698554
123,4957,-0.4568167779
123,4958,-1.4825580070
123,4959,-0.4334344051
123,4960,-0.3021041502
123,4961,-0.0710174602
123,4962,0.4145552221
123,4963,-1.1028250176
123,4964,0.7890098414
123,4965,0.4906851004
123,4966,0.6683852608
123,4967,-0.4388147570
123,4968,0.1059729466
123,4969,0.0690711947
123,4970,0.1191085398
123,4971,-0.3793027823
123,4972,0.5764566669
123,4973,-0.2231834545
123,4974,-0.1337521694
123,4975,-0.6460048779
123,4976,-0.3207337428
123,4977,-0.6232096727
123,4978,-0.8704740593
123,4979,-0.9434189012
123,4980,-0.3524306645
123,4981,0.4566377042
123,4982,-0.6498774780
123,4983,-0.5336073171
123,4984,0.0718092355
123,4985,-0.4146169086
123,4986,-0.3027749194
123,4987,-0.4377271050
123,4988,-0.4729200092
123,4989,0.6074171704
123,4990,-0.1206957469
123,4991,0.1099635649
123,4992,-0.1110123719
123,4993,-1.0849549731
123,4994,-0.8633588351
123,4995,-0.4543944920
123,4996,0.6821997010
123,4997,0.4151633002
123,4998,-0.3936623270
123,4999,-0.2529734096
123,5000,0.1076800607
123,5001,-1.0431305042
123,5002,-0.6626488987
123,5003,0.5328114866
123,5004,0.5122943716
123,5005,-0.0428265401
123,5006,-0.3228885854
123,5007,0.3473998891
123,5008,0.4741490333
123,5009,0.2933060479
123,5010,0.4924806936
123,5011,0.3750992491
123,5012,1.2973712177
123,5013,-0.2871995834
123,5014,0.4683919572
123,5015,-0.0719690921
123,5016,-0.2434840435
123,5017,-0.4084278431
123,5018,-0.7139421581
123,5019,-0.1704020445
123,5020,0.6359253995
123,5021,0.3549177191
123,5022,0.0468204625
123,5023,-0.7580987908
123,5024,1.1847707230
123,5025,-0.0949525187
123,5026,1.1618552195
123,5027,0.3304328325
123,5028,0.3225951348
123,5029,0.4688152554
123,5030,0.1437420718
123,5031,0.2353395235
123,5032,0.3501248696
123,5033,0.5176787590
123,5034,0.7168650631
123,5035,0.7420908042
123,5036,-0.1052757867
123,5037,0.0349758888
123,5038,0.4921194795
123,5039,0.1765362663
123,5040,0.6638982606
123,5041,-0.9404456855
123,5042,0.2826502497
123,5043,-0.0745246133
123,5044,-0.2330512262
123,5045,-0.6791179790
123,5046,-0.6988660886
123,5047,-0.1757336135
123,5048,0.0407245150
123,5049,-0.0772698788
123,5050,-0.8007836217
123,5051,1.0061777199
123,5052,-0.4394904838
123,5053,-0.6306223982
123,5054,0.3790137073
123,5055,-0.0758135963
123,5056,-0.9807889578
123,5057,-0.4551447395
123,5058,0.2261754358
123,5059,-0.1995157689
123,5060,-0.2064119418
123,5061,0.5033319034
123,5062,0.4092448526
123,5063,-1.1922316957
123,5064,-0.1929517679
123,5065,0.0582739613
123,5066,0.6466392259
123,5067,0.8081528467
123,5068,-0.6585938553
123,5069,0.6618910049
123,5070,-0.0601254626
123,5071,-0.5984310762
123,5072,-0.5177213009
123,5073,-0.3693054186
123,5074,0.2280810489
123,5075,0.5202271033
123,5076,-0.5546092803
123,5077,0.4051473491
123,5078,-0.6231943683
123,5079,0.4082960253
123,5080,-0.0942775793
123,5081,0.3166213019
123,5082,0.4114831163
123,5083,-0.2288232072
123,5084,0.1071577075
123,5085,1.0745673904
123,5086,-0.3167457423
123,5087,-0.5177847481
123,5088,-0.7996772112
123,5089,0.9476249557
123,5090,0.4252704034
123,5091,0.8125459136
123,5092,-0.6279299912
123,5093,-1.0538263143
123,5094,0.5872214725
123,5095,0.0902189388
123,5096,0.1208986624
123,5097,-0.0833929877
123,5098,-0.5175729754
123,5099,0.0352284951
123,5100,-0.6635517461
123,5101,0.4961925901
123,5102,-0.2930840186
123,5103,-0.3503763911
123,5104,-0.2971528908
123,5105,0.0520688296
123,5106,-0.1056211002
123,5107,-1.1497986371
123,5108,-0.5152686795
123,5109,-0.4333185065
123,5110,-0.0398218258
123,5111,0.4958223490
123,5112,0.5062505723
123,5113,-0.1535980764
123,5114,-0.5029077005
123,5115,-0.6508579746
123,5116,0.2593248955
123,5117,1.5091960184
123,5118,-0.0551992304
123,5119,0.2518845556
123,5120,-0.1685230967
123,5121,0.0227846064
123,5122,-0.8354255373
123,5123,-0.1375836894
123,5124,0.0961584301
123,5125,0.5119459707
123,5126,-0.1431265198
123,5127,-0.3998477401
123,5128,0.1159360189
123,5129,0.3275071680
123,5130,0.3878022308
123,5131,-0.4525632353
123,5132,-0.7828841211
123,5133,-0.5484919525
123,5134,-1.2888679982
123,5135,1.0467365263
123,5136,0.2163701677
123,5137,-0.8418426669
123,5138,0.7424817431
123,5139,-0.5110790674
123,5140,0.1774735765
123,5141,0.1491743981
123,5142,0.2345088709
123,5143,0.6925309988
123,5144,-0.3020676053
123,5145,-1.1449705113
123,5146,1.0117957250
123,5147,1.0486147258
123,5148,-0.0396643066
123,5149,0.1879222956
123,5150,-0.5594998013
123,5151,0.3077461587
123,5152,0.4300440655
123,5153,0.6465822908
123,5154,-0.7716016638
123,5155,0.0710468885
123,5156,-0.3773601772
123,5157,-0.4566392245
123,5158,-0.2369564947
123,5159,0.5800196334
123,5160,0.1045100875
123,5161,0.0208145172
123,5162,-0.4293537170
123,5163,-1.0184328390
123,5164,0.4102391345
123,5165,-1.3790510238
123,5166,0.9612783792
123,5167,-0.1023613904
123,5168,-0.5152573048
123,5169,0.6570511291
123,5170,0.3788569206
123,5171,-0.0305069682
123,5172,0.3970225178
123,5173,-0.6658104131
123,5174,-0.0696877232
123,5175,0.2874208126
123,5176,1.0653737040
123,5177,0.0085495040
123,5178,-0.1822146969
123,5179,-0.2583177146
123,5180,-0.5114172306
123,5181,-0.5626736031
123,5182,-0.2574341476
123,5183,0.1853160204
123,5184,0.2550823551
123,5185,0.0709785952
123,5186,0.8502816944
123,5187,-0.0179761994
123,5188,-0.4996338718
123,5189,-0.1912245016
123,5190,0.5878070715
123,5191,0.3995956618
123,5192,-0.0785677784
123,5193,-0.6232924947
123,5194,0.7976993344
123,5195,0.8785699084
123,5196,0.1627833452
123,5197,0.5552911617
123,5198,0.0165095893
123,5199,-0.7030554334
123,5200,-0.8845434358
123,5201,0.4325576551
123,5202,-1.1483853471
123,5203,0.0984587747
123,5204,0.1549522170
123,5205,0.5644266058
123,5206,-0.2302984126
123,5207,-0.4164589116
123,5208,-0.6283889940
123,5209,-1.0933943617
123,5210,0.3703590563
123,5211,0.2746653123
123,5212,0.3931938962
123,5213,0.4868212170
123,5214,-0.3091767658
123,5215,0.3689275134
123,5216,0.6043226443
123,5217,-0.5526728962
123,5218,0.4586731172
123,5219,-1.4526536103
123,5220,0.0780647805
123,5221,-0.7566675272
123,5222,0.0501288054
123,5223,-0.1769081689
123,5224,-0.0526137892
123,5225,0.4645713732
123,5226,-1.0948501416
123,5227,0.0510573450
123,5228,0.0249603244
123,5229,0.6411483222
123,5230,-0.7174398054
123,5231,-0.3255713600
123,5232,-0.2061706546
123,5233,0.0417841347
123,5234,1.0767614433
123,5235,0.2108058780
123,5236,-0.4277530667
123,5237,-0.1664524449
123,5238,0.1909829793
123,5239,-0.2530029948
123,5240,-0.4369172190
123,5241,-0.3999424027
123,5242,0.0065783054
123,5243,-0.7471887834
123,5244,-0.8946795231
123,5245,-0.3762934781
123,5246,-0.4955299620
123,5247,0.3025850595
123,5248,0.9988500373
123,5249,0.4559677744
123,5250,0.3072183318
123,5251,-0.2577440440
123,5252,0.0766100008
123,5253,0.7213838837
123,5254,0.2465564799
123,5255,-0.1492037076
123,5256,-0.3182772578
123,5257,0.4134092859
123,5258,1.3368147739
123,5259,0.0359760150
123,5260,-0.8534114757
123,5261,-0.7039417905
123,5262,0.0692070545
123,5263,0.1014672543
123,5264,0.0040817110
123,5265,0.0901630121
123,5266,-0.6004321987
123,5267,0.1759365967
123,5268,0.3173555390
123,5269,1.3061036530
123,5270,1.0540625064
123,5271,0.0803684264
123,5272,-0.1915014085
123,5273,-0.0180119950
123,5274,0.3770858723
123,5275,0.0375227744
123,5276,0.3376621373
123,5277,1.0723672888
123,5278,-0.2356520669
123,5279,0.4618231696
123,5280,0.1452139101
123,5281,-0.6309678131
123,5282,0.5949043451
123,5283,0.1550172262
123,5284,-0.0560383424
123,5285,1.3176436837
123,5286,0.1270722099
123,5287,0.5011747086
123,5288,-0.4714948348
123,5289,-0.0017375502
123,5290,0.2002011780
123,5291,-0.4016535736
123,5292,-0.0234584897
123,5293,-0.6473915128
123,5294,0.5326609784
123,5295,-0.1008595499
123,5296,0.3037607798
123,5297,0.4004356093
123,5298,0.3341058480
123,5299,0.6253370153
123,5300,0.4955525125
123,5301,-0.7699850357
123,5302,0.1730897057
123,5303,1.1987786586
123,5304,-1.0784171843
123,5305,-0.0096044224
123,5306,-0.4173289134
123,5307,0.6058393750
123,5308,0.4706893395
123,5309,0.1676821488
123,5310,-0.2599229027
123,5311,0.6259193875
123,5312,1.3014425316
123,5313,0.1376536924
123,5314,0.4407146935
123,5315,-0.4582889754
123,5316,-0.0327666050
123,5317,0.1322067443
123,5318,-0.7425919652
123,5319,-0.1210551843
123,5320,-1.0006611959
123,5321,1.1794357777
123,5322,-0.0872210098
123,5323,0.3042603911
123,5324,0.6638842241
123,5325,-0.1189553513
123,5326,-0.1798612358
123,5327,0.4607476510
123,5328,-0.4346559165
123,5329,-0.6176072906
123,5330,-0.8706483164
123,5331,1.1723230220
123,5332,-0.1254698129
123,5333,0.5884649454
123,5334,1.0562082417
123,5335,-0.4362078484
123,5336,-0.2033859320
123,5337,0.9607843026
123,5338,0.0449189180
123,5339,-0.6119652442
123,5340,-0.1743688998
123,5341,-0.8328327319
123,5342,0.6375380957
123,5343,0.4804937767
123,5344,0.6629401929
123,5345,-0.3858383294
123,5346,0.1079694498
123,5347,0.3867292583
123,5348,0.4255913951
123,5349,0.5042252278
123,5350,-0.5560128441
123,5351,0.0448362414
123,5352,-0.0059247988
123,5353,-0.1903671780
123,5354,0.2575312202
123,5355,1.1253933836
123,5356,-0.0279484345
123,5357,0.7028907216
123,5358,-0.3515984126
123,5359,-0.5990189406
123,5360,-0.1392300326
123,5361,-0.3476018618
123,5362,-0.6295078721
123,5363,0.2136849080
123,5364,-0.2405108632
123,5365,0.3005885906
123,5366,-0.1238939671
123,5367,-0.7397506546
123,5368,-0.0280620821
123,5369,-0.4062141814
123,5370,-0.6427284570
123,5371,0.3600279072
123,5372,-0.6307749649
123,5373,-0.4436292024
123,5374,0.0948133704
123,5375,-0.9400786455
123,5376,0.4921577033
123,5377,0.7374825778
123,5378,0.2930013233
123,5379,-0.0474060325
123,5380,-0.2688016809
123,5381,1.2157012745
123,5382,0.4264084346
123,5383,-0.6826258702
123,5384,1.2505477382
123,5385,-0.9295192896
123,5386,-0.1915361495
123,5387,-0.1963001095
123,5388,0.6473175921
123,5389,-0.0855927962
123,5390,0.6985263143
123,5391,0.2374784974
123,5392,0.0871593530
123,5393,-0.7523869209
123,5394,0.7023950752
123,5395,0.4361863208
123,5396,0.4743266394
123,5397,0.4800060749
123,5398,-0.9101843423
123,5399,-0.3440067555
123,5400,-0.4581494346
123,5401,0.0433046651
123,5402,0.0743378025
123,5403,0.1853066524
123,5404,0.2599673354
123,5405,0.1791428171
123,5406,-0.0442451758
123,5407,1.0418550848
123,5408,-0.3067059128
123,5409,-0.7806910907
123,5410,-0.3169054407
123,5411,-0.1452700680
123,5412,0.1356252634
123,5413,0.6798710872
123,5414,0.1265113917
123,5415,-0.0655535492
123,5416,-0.3513401275
123,5417,0.6811436642
123,5418,0.1464532519
123,5419,0.9807691078
123,5420,-0.0369702364
123,5421,-0.1715810839
123,5422,0.5012442968
123,5423,0.4775612849
123,5424,0.0593623397
123,5425,0.8661781496
123,5426,-0.2572715337
123,5427,0.5505829020
123,5428,0.7062288267
123,5429,-0.6220772487
123,5430,-0.1316848189
123,5431,-0.6659175227
123,5432,-0.4326739897
123,5433,-0.4286237152
123,5434,0.1902472942
123,5435,0.7572219099
123,5436,0.1735608176
123,5437,0.8374222384
123,5438,1.2313334967
123,5439,0.6431772633
123,5440,0.5364181518
123,5441,-0.5664102581
123,5442,-0.3544579956
123,5443,-0.7161455151
123,5444,0.4171022062
123,5445,-0.0809027375
123,5446,0.3858514542
123,5447,-0.1075112955
123,5448,0.0884651817
123,5449,-0.4439726766
123,5450,0.0252259718
123,5451,-0.2994395804
123,5452,0.4592844995
123,5453,-0.1800544289
123,5454,0.7015147112
123,5455,-0.4930589450
123,5456,0.0621874718
123,5457,0.6362924870
123,5458,-0.5361338128
123,5459,0.0273388751
123,5460,-0.6140883901
123,5461,-0.0145135019
123,5462,0.1036482181
123,5463,-0.1383620780
123,5464,-0.0812359601
123,5465,-0.2665566385
123,5466,0.0347409337
123,5467,-0.1666321621
123,5468,0.5446760319
123,5469,0.0840123648
123,5470,0.4399735859
123,5471,-0.1519349611
123,5472,-0.2786019679
123,5473,-0.5806294811
123,5474,0.0530228513
123,5475,-0.4068752782
123,5476,0.1766508381
123,5477,-0.2771007848
123,5478,-0.2439530532
123,5479,-0.2767065279
123,5480,0.3969093107
123,5481,-0.4005031503
123,5482,-0.0837251087
123,5483,0.3361897811
123,5484,0.4873104724
123,5485,-0.3501847862
123,5486,-0.2798270885
123,5487,0.4376739867
123,5488,-1.0379756125
123,5489,0.0791102251
123,5490,0.7012683424
123,5491,-0.2982833206
123,5492,-0.0422580146
123,5493,0.3774903172
123,5494,0.7528915702
123,5495,-0.4212243356
123,5496,0.7907450611
123,5497,0.4642631124
123,5498,-0.0901276917
123,5499,0.2471838005
123,5500,-0.5104033020
123,5501,0.8076144587
123,5502,-0.6736628965
123,5503,0.0033659908
123,5504,-0.5145944902
123,5505,0.7367732411
123,5506,0.8375566821
123,5507,0.0473512324
123,5508,0.8051597518
123,5509,-0.3330453359
123,5510,-0.3420381637
123,5511,-0.2328312982
123,5512,0.6120781968
123,5513,0.3243554375
123,5514,0.1706843797
123,5515,0.1815697331
123,5516,-0.2073747959
123,5517,-0.6032541740
123,5518,0.5658045530
123,5519,-1.1113453535
123,5520,0.8314464568
123,5521,-0.7319129770
123,5522,0.7985669002
123,5523,-1.2780182523
123,5524,-0.3139606856
123,5525,-1.2166269301
123,5526,0.1358332467
123,5527,-0.2921100608
123,5528,0.1417175389
123,5529,-0.9920640671
123,5530,-0.7314426929
123,5531,0.0202926347
123,5532,-1.3993927027
123,5533,-0.5837767797
123,5534,0.4344535708
123,5535,0.1621033437
123,5536,-0.6917573396
123,5537,-1.0091588349
123,5538,-1.3204615841
123,5539,-0.3839746532
123,5540,-1.0273120696
123,5541,-0.0967116426
123,5542,0.1012895528
123,5543,0.3252811328
123,5544,0.3654558936
123,5545,-0.0338192004
123,5546,0.5698793864
123,5547,0.6313232912
123,5548,0.0664386158
123,5549,1.0176253713
123,5550,0.3732903761
123,5551,-0.2809637928
123,5552,0.3842258082
123,5553,-0.2753121290
123,5554,-0.2676778908
123,5555,0.6514617351
123,5556,-0.5924012826
123,5557,0.0576834833
123,5558,0.8236001417
123,5559,-0.5950052394
123,5560,1.2160445613
123,5561,0.2320012954
123,5562,0.3514199080
123,5563,0.1356575727
123,5564,0.5152389480
123,5565,-0.3027664741
123,5566,0.1192615641
123,5567,-0.3183418955
123,5568,-0.3213343052
123,5569,-0.6762687529
123,5570,0.5647079317
123,5571,-0.2197734683
123,5572,0.6111071871
123,5573,-1.1907932752
123,5574,-0.3816878504
123,5575,0.0789966062
123,5576,-0.9075624843
123,5577,0.8199330577
123,5578,0.0208444285
123,5579,0.4033383741
123,5580,0.2625937817
123,5581,-0.9557076407
123,5582,-0.6597654133
123,5583,1.0235522521
123,5584,-0.5935412363
123,5585,0.9901896671
123,5586,0.5477705504
123,5587,0.2721639165
123,5588,-0.2190669688
123,5589,-0.2709007619
123,5590,-0.7289694103
123,5591,0.4532427616
123,5592,0.1117331078
123,5593,-0.5781116751
123,5594,0.4204103877
123,5595,0.5517027663
123,5596,0.2722616577
123,5597,-0.5802326673
123,5598,0.6783783744
123,5599,-0.3494539610
123,5600,-0.3287873020
123,5601,-0.2678349224
123,5602,0.3496299016
123,5603,-0.6421329137
123,5604,0.5073524479
123,5605,-0.1499818726
123,5606,-0.5741484709
123,5607,0.4055826608
123,5608,-1.2245315284
123,5609,-0.2262071766
123,5610,-0.4692769218
123,5611,-0.2206935721
123,5612,-0.1829895102
123,5613,-1.1848971736
123,5614,1.1642082712
123,5615,0.3150371545
123,5616,0.6770371512
123,5617,-0.6817644125
123,5618,-0.4355262536
123,5619,-0.0598626659
123,5620,0.2273486213
123,5621,-1.0172716100
123,5622,0.0155952707
123,5623,-0.0519558424
123,5624,-0.3715930110
123,5625,0.6707052042
123,5626,0.0629291727
123,5627,0.3097062260
123,5628,0.0074853430
123,5629,-0.7215815854
123,5630,0.0815968938
123,5631,0.2003956486
123,5632,-0.0376486439
123,5633,-1.0879159101
123,5634,0.0792749762
123,5635,-0.7605455678
123,5636,0.0730167615
123,5637,0.0579263590
123,5638,-0.6600461039
123,5639,-1.0333725645
123,5640,1.3311034570
123,5641,-0.3888395832
123,5642,-0.2506386560
123,5643,0.8483782273
123,5644,-0.3965394108
123,5645,0.9447162010
123,5646,0.3448336706
123,5647,0.4098302124
123,5648,-0.0363862526
123,5649,0.6585590690
123,5650,-0.8374620782
123,5651,0.6477021440
123,5652,0.0253039566
123,5653,0.0288568221
123,5654,-0.0505134710
123,5655,0.2926132773
123,5656,-0.1581941131
123,5657,-0.5476845384
123,5658,-0.3256167841
123,5659,0.2827867802
123,5660,-0.8512697324
123,5661,-1.1718645513
123,5662,0.2470652480
123,5663,-0.6524437364
123,5664,0.3520761866
123,5665,-0.5526973308
123,5666,0.2865685801
123,5667,0.2439866184
123,5668,-0.5650814562
123,5669,-0.7138913280
123,5670,-0.6519066542
123,5671,-0.2616941024
123,5672,-0.7363524121
123,5673,-0.6066517554
123,5674,-1.1275368818
123,5675,0.1683810002
123,5676,0.5786590109
123,5677,-0.9719570620
123,5678,0.2014554885
123,5679,-0.1501267657
123,5680,0.3485666338
123,5681,-0.1966073431
123,5682,-0.4885187503
123,5683,-1.4495421837
123,5684,-0.4264675328
123,5685,0.3097314767
123,5686,0.4342147565
123,5687,-0.7509288068
123,5688,-0.4976102045
123,5689,0.6255925800
123,5690,-0.5128075601
123,5691,0.9943180339
123,5692,0.6340827115
123,5693,-0.0653404145
123,5694,0.5399552848
123,5695,0.5213061125
123,5696,0.1271993486
123,5697,-0.0439340100
123,5698,-0.8867718601
123,5699,-0.4455198351
123,5700,-0.5193810017
123,5701,-0.1800977923
123,5702,-0.4710861113
123,5703,0.3834533678
123,5704,0.0954151362
123,5705,0.7242339562
123,5706,-0.4438217471
123,5707,-0.4100165378
123,5708,0.0971624900
123,5709,-0.4755383701
123,5710,0.6011955669
123,5711,-0.0057814467
123,5712,0.6149125689
123,5713,-0.6013923232
123,5714,-0.5395250942
123,5715,-0.6862744765
123,5716,-0.4035710332
123,5717,-0.3389264800
123,5718,-1.1956195795
123,5719,-0.0329045222
123,5720,-0.4264294819
123,5721,-0.6104595237
123,5722,0.2385200656
123,5723,0.3578543635
123,5724,-0.4552202554
123,5725,-0.5899205273
123,5726,-0.3387349742
123,5727,0.8593267002
123,5728,0.0759490210
123,5729,0.7903907485
123,5730,-0.5935180626
123,5731,-0.0497553600
123,5732,0.1649226948
123,5733,0.4126855014
123,5734,-0.5135539689
123,5735,-0.3426640513
123,5736,0.3561780429
123,5737,0.2426913946
123,5738,0.6791574363
123,5739,-0.0229132184
123,5740,0.4098035640
123,5741,0.0577743980
123,5742,-0.9766164895
123,5743,0.1173834209
123,5744,0.5235328491
123,5745,-0.1233203160
123,5746,-0.8586209585
123,5747,-0.2424428257
123,5748,-0.8391978223
123,5749,1.0965361078
123,5750,-0.3109565835
123,5751,-0.8121446566
123,5752,0.6333715980
123,5753,0.4083126681
123,5754,0.3755606947
123,5755,0.9951072254
123,5756,0.5108926980
123,5757,0.3646651349
123,5758,-0.6911452560
123,5759,0.6113196111
123,5760,-0.4135664402
123,5761,-0.5447821147
123,5762,0.8311746329
123,5763,-0.3976923551
123,5764,-0.1147269488
123,5765,-0.1856539888
123,5766,-1.1857807927
123,5767,1.5063737514
123,5768,0.8151421119
123,5769,-1.3970399569
123,5770,-1.3332189077
123,5771,-1.2711145595
123,5772,-0.0392262305
123,5773,-0.4689703829
123,5774,0.3266407581
123,5775,0.0847072805
123,5776,0.5413174044
123,5777,0.2008009640
123,5778,-0.2778972511
123,5779,0.6755232006
123,5780,-0.2394662921
123,5781,0.1777286173
123,5782,0.1386513936
123,5783,0.5046133984
123,5784,0.7212767627
123,5785,0.4154040467
123,5786,-0.3340871311
123,5787,0.1183613506
123,5788,0.2163225508
123,5789,0.6083321816
123,5790,-0.7381591459
123,5791,0.1153401987
123,5792,-0.1371250514
123,5793,0.1258576597
123,5794,0.0517538836
123,5795,1.0007925381
123,5796,-0.7230716388
123,5797,-0.5507602532
123,5798,-0.1261750675
123,5799,-0.1939192772
123,5800,0.6592564590
123,5801,-0.6454875520
123,5802,0.2056616831
123,5803,-0.3788853984
123,5804,-0.5471352385
123,5805,0.1790054966
123,5806,0.0165947389
123,5807,0.0651114702
123,5808,-0.3046128868
123,5809,0.3854738397
123,5810,-0.5178396627
123,5811,-0.1588003846
123,5812,0.0324341618
123,5813,0.1407607710
123,5814,0.3857536607
123,5815,0.6227413630
123,5816,-0.2332527774
123,5817,-0.5485204049
123,5818,0.2931343906
123,5819,-0.8591587621
123,5820,0.0446218117
123,5821,-0.3036772579
123,5822,-0.1444396105
123,5823,0.1378431646
123,5824,-0.5085270394
123,5825,0.7224642525
123,5826,0.6271075149
123,5827,-0.3775826404
123,5828,-0.4320084413
123,5829,-0.1622338656
123,5830,0.0781087735
123,5831,0.1527308996
123,5832,0.9557792621
123,5833,0.5788409305
123,5834,0.1583606680
123,5835,0.4872669013
123,5836,0.3854914051
123,5837,0.3349132968
123,5838,0.1623729787
123,5839,1.0210628258
123,5840,0.0203956374
123,5841,0.5817772302
123,5842,-0.4693676859
123,5843,0.7883750860
123,5844,-0.6609430451
123,5845,-0.3730309660
123,5846,-0.3317075318
123,5847,-0.7456701254
123,5848,0.1256860586
123,5849,0.2382495870
123,5850,-0.5298993618
123,5851,-0.3672526933
123,5852,0.8474074173
123,5853,1.0201441286
123,5854,0.9636148072
123,5855,-0.4629618663
123,5856,-0.1270577295
123,5857,-0.6188861887
123,5858,-0.0557943824
123,5859,-0.3124722586
123,5860,0.2029339278
123,5861,0.5064792089
123,5862,0.2717148780
123,5863,0.0008916494
123,5864,-0.1331226666
123,5865,-0.2068701394
123,5866,-1.3674949684
123,5867,0.4365625531
123,5868,0.6753206585
123,5869,0.4063835176
123,5870,-0.3339032678
123,5871,0.1923291198
123,5872,-0.6013964838
123,5873,0.1613874481
123,5874,0.2960386567
123,5875,-0.0807425494
123,5876,0.5408724099
123,5877,0.7077721209
123,5878,0.2438990295
123,5879,0.3114205869
123,5880,0.1709876116
123,5881,-0.5629773386
123,5882,0.8336304535
123,5883,-0.2544018153
123,5884,0.1308956851
123,5885,-0.2296273173
123,5886,0.6195081783
123,5887,1.0394505882
123,5888,0.4545379337
123,5889,0.5812209542
123,5890,0.0944068517
123,5891,-0.5166378801
123,5892,-0.2595318599
123,5893,-0.0271279987
123,5894,0.2031049548
123,5895,0.3684940771
123,5896,0.7697089240
123,5897,0.4094511932
123,5898,0.3545419152
123,5899,0.4243942832
123,5900,0.3795990043
123,5901,-0.4858046949
123,5902,0.6714187298
123,5903,0.6700733540
123,5904,0.7066926935
123,5905,-0.7571554163
123,5906,0.3917547846
123,5907,-0.6699122217
123,5908,-0.1053821448
123,5909,-0.0441628894
123,5910,0.3686294303
123,5911,0.8426746826
123,5912,-0.3514107921
123,5913,-1.0799307862
123,5914,0.0417891366
123,5915,0.1497317358
123,5916,0.7032969276
123,5917,0.2010354697
123,5918,0.3912902054
123,5919,0.3653127756
123,5920,0.2019382063
123,5921,1.0674264394
123,5922,-0.4765470209
123,5923,0.1018810920
123,5924,-0.6947557291
123,5925,0.8019471719
123,5926,-0.0548286019
123,5927,0.4055581121
123,5928,0.2090768068
123,5929,-0.6175251772
123,5930,-0.5118254826
123,5931,-0.1764036895
123,5932,-0.0741260708
123,5933,0.4347607870
123,5934,0.5612136679
123,5935,0.2274045406
123,5936,-0.4202309501
123,5937,0.1090868095
123,5938,0.4235815340
123,5939,-0.0948058909
123,5940,-0.4510352094
123,5941,-0.6133710431
123,5942,0.8957618551
123,5943,0.0862298597
123,5944,-0.0838610933
123,5945,-0.6929359869
123,5946,-0.0541555833
123,5947,-0.2710838819
123,5948,-0.0289718013
123,5949,-0.6647303572
123,5950,-0.9577462318
123,5951,0.1749839126
123,5952,-0.4971475014
123,5953,-0.0104428922
123,5954,-0.3118229480
123,5955,0.2890723919
123,5956,0.0452162795
123,5957,-0.5877830657
123,5958,-0.0543573267
123,5959,-0.5543862001
123,5960,-1.0798841812
123,5961,-0.7275808827
123,5962,0.1352959684
123,5963,-0.2783986834
123,5964,0.2624815374
123,5965,0.6744683416
123,5966,0.2792280759
123,5967,0.5349050716
123,5968,0.7559873459
123,5969,-0.6616569175
123,5970,-0.1053517189
123,5971,-0.8193290182
123,5972,-0.5564866717
123,5973,-0.7086435914
123,5974,-0.1760978110
123,5975,0.1092990072
123,5976,-0.1656845670
123,5977,-0.2564509019
123,5978,-0.8643992196
123,5979,-0.4904437769
123,5980,0.5126956741
123,5981,-0.0093630843
123,5982,0.1230916880
123,5983,0.0460051402
123,5984,-0.4190162136
123,5985,0.6803564439
123,5986,-0.0169041150
123,5987,-0.5739615782
123,5988,0.5844883945
123,5989,-0.7636216052
123,5990,-0.5567042216
123,5991,1.0681319147
123,5992,-0.0780797502
123,5993,-0.3826727334
123,5994,-1.1313463745
123,5995,-0.2661293026
123,5996,0.0025092667
123,5997,0.4517902525
123,5998,0.1953021782
123,5999,-1.4127833526
123,6000,-0.0326776287
123,6001,-0.2416759316
123,6002,-0.8606751721
123,6003,0.3041386222
123,6004,-0.2780934610
123,6005,0.6835186694
123,6006,-1.1693158581
123,6007,-0.3809886512
123,6008,0.3182144866
123,6009,-0.0212289265
123,6010,0.3383849684
123,6011,0.0832061132
123,6012,-0.0187081532
123,6013,0.6865205440
123,6014,-1.0090818010
123,6015,0.2173141788
123,6016,-0.3239499801
123,6017,-0.5045634992
123,6018,0.3091325747
123,6019,-0.8796044236
123,6020,1.1630713067
123,6021,0.2443232199
123,6022,-0.2385761501
123,6023,0.4360260857
123,6024,-0.9154851210
123,6025,0.6971575659
123,6026,-0.2336762507
123,6027,-0.3028844663
123,6028,-0.1152739812
123,6029,0.5281780999
123,6030,-0.0915034156
123,6031,-0.2912738342
123,6032,-0.1341946816
123,6033,0.5060070285
123,6034,0.3646540379
123,6035,0.4491628845
123,6036,1.2177308897
123,6037,-0.4446755957
123,6038,0.5661053891
123,6039,-0.7397983374
123,6040,0.1448450033
123,6041,-0.3112402238
123,6042,-1.0044248456
123,6043,0.8456402026
123,6044,0.3897439701
123,6045,0.3453802887
123,6046,0.0624707213
123,6047,0.9465303555
123,6048,-0.4870078998
123,6049,-0.7205799156
123,6050,-0.4465149468
123,6051,0.5756564309
123,6052,-0.6645229683
123,6053,-0.9328224824
123,6054,0.2331140858
123,6055,0.3459975883
123,6056,-0.0570098751
123,6057,-0.2129818289
123,6058,-1.1157682485
123,6059,0.1625050993
123,6060,-0.8024163935
123,6061,-0.3706426609
123,6062,-0.5775551268
123,6063,-0.0082666120
123,6064,0.4727322570
123,6065,0.5340016723
123,6066,0.2522758916
123,6067,-0.2944771928
123,6068,0.5108322278
123,6069,0.3170695142
123,6070,-0.0616901732
123,6071,-0.5176434553
123,6072,-0.0402563154
123,6073,-0.1761750521
123,6074,0.8127626656
123,6075,0.4773420830
123,6076,-0.7960312558
123,6077,1.1723751631
123,6078,0.1413579382
123,6079,0.3744435404
123,6080,-0.0052621324
123,6081,0.1770654286
123,6082,-0.2273187330
123,6083,0.4242982572
123,6084,0.5748544917
123,6085,0.6271142762
123,6086,-0.1114345890
123,6087,1.2476347394
123,6088,-0.2811800823
123,6089,-0.4774041106
123,6090,0.8402351516
123,6091,-0.6446992218
123,6092,0.5507699284
123,6093,-0.7964596722
123,6094,-0.1818049179
123,6095,0.5825587288
123,6096,0.5403493388
123,6097,0.2876361651
123,6098,0.6134355551
123,6099,-0.3684881098
123,6100,-0.4115340479
123,6101,0.2876099168
123,6102,-0.9236991819
123,6103,-0.0640994145
123,6104,0.4071809321
123,6105,0.3507213078
123,6106,-0.2758775313
123,6107,0.2428570057
123,6108,0.1767729955
123,6109,-0.1154956903
123,6110,0.7404569485
123,6111,-0.6296177330
123,6112,0.0860883949
123,6113,0.0780937134
123,6114,-0.2131334272
123,6115,0.5643107712
123,6116,0.9946291919
123,6117,-0.2933957239
123,6118,-0.5549620589
123,6119,0.2103932684
123,6120,-0.3423359049
123,6121,0.9804525527
123,6122,-0.6557812662
123,6123,-0.0425057726
123,6124,-0.3400138510
123,6125,-0.4742090258
123,6126,0.0100788081
123,6127,0.2790603578
123,6128,-0.3730691303
123,6129,0.1644438061
123,6130,-0.0577584161
123,6131,-1.2989647069
123,6132,0.0607556660
123,6133,-0.2508208028
123,6134,0.1169190780
123,6135,0.1101821299
123,6136,0.4460406250
123,6137,-0.1738074423
123,6138,0.5867706870
123,6139,0.3055260167
123,6140,0.0584776594
123,6141,-1.2893142083
123,6142,-0.3876357208
123,6143,1.2243729897
123,6144,0.2455522921
123,6145,0.5355494970
123,6146,0.3235158699
123,6147,-0.3955050159
123,6148,-0.0301669621
123,6149,0.2685205907
123,6150,1.1956032578
123,6151,0.0964441420
123,6152,0.1181942275
123,6153,0.0033032836
123,6154,-0.2029741559
123,6155,0.5152026217
123,6156,0.1866835847
123,6157,-0.0151818872
123,6158,0.0255822299
123,6159,0.4239371017
123,6160,-0.9293491559
123,6161,0.1142853060
123,6162,-0.5825671276
123,6163,0.5683244045
123,6164,-1.0228222081
123,6165,0.0840880655
123,6166,0.4822918326
123,6167,0.7362846028
123,6168,0.3148041564
123,6169,-0.3254164795
123,6170,0.0969086337
123,6171,0.2516913233
123,6172,0.4673800208
123,6173,0.5573061111
123,6174,0.1556539733
123,6175,0.7943351678
123,6176,0.2102805024
123,6177,-0.3763762025
123,6178,-0.0211040271
123,6179,-0.9719906163
123,6180,-0.2391736954
123,6181,0.0840656687
123,6182,0.8705267777
123,6183,-0.0232948802
123,6184,0.7736612620
123,6185,-0.6297962078
123,6186,0.5688557630
123,6187,0.3072812199
123,6188,0.3132891036
123,6189,0.5356086914
123,6190,0.5141502619
123,6191,0.2185579665
123,6192,0.3825364126
123,6193,0.0251554800
123,6194,0.6419609204
123,6195,-0.3997621434
123,6196,0.8995033536
123,6197,-0.1858789510
123,6198,0.9931576092
123,6199,0.0957960596
123,6200,-0.6005741430
123,6201,0.5999620040
123,6202,-0.8488033390
123,6203,0.1669461554
123,6204,0.4900743316
123,6205,-0.3920982323
123,6206,0.9709196410
123,6207,0.1142155369
123,6208,-0.3546145416
123,6209,-0.0146445473
123,6210,0.2309180193
123,6211,-0.8024337375
123,6212,-0.0923441045
123,6213,-0.2113281858
123,6214,-0.0745266901
123,6215,0.0401725065
123,6216,0.5452416695
123,6217,0.4844474108
123,6218,0.2055803645
123,6219,0.0256396013
123,6220,0.7815592081
123,6221,0.5171102928
123,6222,-0.0444743841
123,6223,-0.3718219117
123,6224,0.0457236069
123,6225,-0.0415798384
123,6226,-0.3924726275
123,6227,-1.2907166472
123,6228,-0.1269554914
123,6229,-0.3112773417
123,6230,-0.1101922495
123,6231,0.0170861719
123,6232,-1.0781468445
123,6233,0.2661671881
123,6234,-0.0288091029
123,6235,0.0050124802
123,6236,-0.1235174724
123,6237,-0.5527639145
123,6238,0.4590929176
123,6239,-0.3293438685
123,6240,-0.1346010884
123,6241,-0.0756214749
123,6242,0.3930232914
123,6243,0.2010670302
123,6244,0.3375657044
123,6245,-0.9826705504
123,6246,-0.8530977976
123,6247,-0.2297468881
123,6248,0.5353848834
123,6249,-0.5575151980
123,6250,-0.8495474877
123,6251,-0.2192037636
123,6252,-0.9526389483
123,6253,-0.0710414361
123,6254,1.0970373526
123,6255,-0.5591561015
123,6256,-0.4517938744
123,6257,0.4713731333
123,6258,0.6362308805
123,6259,-0.4520359857
123,6260,-1.3088616132
123,6261,0.3760487997
123,6262,0.0954422157
123,6263,-0.5533817610
123,6264,0.4513713728
123,6265,-0.3373655230
123,6266,0.4293900053
123,6267,0.1170933737
123,6268,-0.1490353646
123,6269,-0.1434849074
123,6270,-0.4144755990
123,6271,1.0766343330
123,6272,-0.1160366964
123,6273,0.2903606529
123,6274,0.4184963822
123,6275,-0.2243837952
123,6276,-0.0609259368
123,6277,0.7137100783
123,6278,0.2410574326
123,6279,0.0461233925
123,6280,0.1648462465
123,6281,-1.5606855844
123,6282,0.0770139190
123,6283,-0.4075726774
123,6284,-0.3867605214
123,6285,0.0572913459
123,6286,-0.0989901026
123,6287,0.3173048136
123,6288,-0.2351295868
123,6289,0.1598512473
123,6290,-0.0534828935
123,6291,-0.2512133628
123,6292,-0.5469884311
123,6293,-0.2550165567
123,6294,0.6521440068
123,6295,-0.0366443984
123,6296,-0.2089036252
123,6297,0.2775302886
123,6298,0.5292439646
123,6299,0.1799482025
123,6300,-0.1285474413
123,6301,0.2313145151
123,6302,-0.7668027647
123,6303,-0.0885514687
123,6304,-0.4846804489
123,6305,0.1907489456
123,6306,0.1652864827
123,6307,-0.4409655631
123,6308,-0.2445002820
123,6309,-1.0519289023
123,6310,0.4469301327
123,6311,-0.3056485130
123,6312,-0.1438376179
123,6313,1.0658421756
123,6314,0.1054706645
123,6315,-0.0719153944
123,6316,0.2735586941
123,6317,-0.6856675787
123,6318,-0.2185715578
123,6319,-0.0220201605
123,6320,-0.4670509335
123,6321,0.2480789070
123,6322,0.1633703420
123,6323,-0.4927193571
123,6324,-0.8313379911
123,6325,-0.0712249920
123,6326,0.2037733043
123,6327,0.0467340928
123,6328,0.7539555121
123,6329,0.1269249854
123,6330,-0.0619592319
123,6331,-0.2013002722
123,6332,-0.0302148550
123,6333,-1.0663118765
123,6334,-0.1289991333
123,6335,0.7527311771
123,6336,0.5345133823
123,6337,-0.1200326025
123,6338,-0.5542315971
123,6339,-0.0065006952
123,6340,0.4000608686
123,6341,-0.7823643677
123,6342,-0.8289789044
123,6343,0.0834734822
123,6344,0.0936826253
123,6345,0.0587793850
123,6346,0.2796772711
123,6347,-0.2971145101
123,6348,-0.3115297436
123,6349,0.3933781489
123,6350,-0.3748414895
123,6351,-0.5322700436
123,6352,-0.9129300403
123,6353,1.1734734942
123,6354,0.1352756280
123,6355,0.7533565283
123,6356,-0.7519376013
123,6357,-0.9056263065
123,6358,-0.2967645978
123,6359,0.1224302953
123,6360,0.8046824136
123,6361,0.7854585777
123,6362,0.6709965796
123,6363,0.3632558443
123,6364,-0.3272208522
123,6365,0.4218969951
123,6366,0.1332607232
123,6367,0.6145707610
123,6368,0.3966478746
123,6369,0.4459442934
123,6370,0.3782412638
123,6371,-0.1276670469
123,6372,0.4160838126
123,6373,0.1898969918
123,6374,-0.3247034771
123,6375,-0.4496414257
123,6376,-0.0937724916
123,6377,-0.4504761862
123,6378,0.4804334835
123,6379,0.0498323302
123,6380,-0.3692031490
123,6381,-0.0719410924
123,6382,-0.7173814123
123,6383,0.1849268609
123,6384,-0.2816448665
123,6385,-0.2528254013
123,6386,0.2065366707
123,6387,0.2452768241
123,6388,0.6933423353
123,6389,0.3512947288
123,6390,-0.5673902238
123,6391,0.2245049259
123,6392,0.4095584373
123,6393,-0.0265901318
123,6394,0.7424791174
123,6395,0.0313963015
123,6396,0.4394257176
123,6397,0.9204405209
123,6398,-0.8638311929
123,6399,0.8283344324
123,6400,0.4032703478
123,6401,0.0423776273
123,6402,-0.3195519659
123,6403,-0.0832556760
123,6404,0.8181838985
123,6405,0.1844227649
123,6406,-0.6447001966
123,6407,-0.7225361738
123,6408,0.7524009867
123,6409,-0.0818398415
123,6410,-0.4441285099
123,6411,-0.3885909995
123,6412,0.4005446621
123,6413,-0.3036304753
123,6414,-0.0677780268
123,6415,-0.5155483854
123,6416,-0.2720778545
123,6417,0.2104787879
123,6418,0.1295380710
123,6419,0.1071155634
123,6420,0.1319768058
123,6421,-0.1730562867
123,6422,-0.2120164025
123,6423,0.0853814487
123,6424,-0.5112097743
123,6425,-0.7186205104
123,6426,-0.3245339719
123,6427,0.5967352932
123,6428,-0.2808726116
123,6429,0.9892983699
123,6430,0.1810835183
123,6431,-0.0074446039
123,6432,-1.3226058525
123,6433,-0.7726029260
123,6434,-0.9338516273
123,6435,0.3682042823
123,6436,-0.6852160986
123,6437,-0.1053537295
123,6438,0.1146420726
123,6439,-0.8544950211
123,6440,-0.3460121793
123,6441,-0.6760879364
123,6442,0.1817372403
123,6443,-0.7075293147
123,6444,0.9623006726
123,6445,-0.0171132083
123,6446,0.0749079776
123,6447,0.3752829209
123,6448,0.3501385711
123,6449,0.2340625125
123,6450,-0.9467618875
123,6451,0.8420686192
123,6452,0.2180765108
123,6453,-0.1843389584
123,6454,0.0991889645
123,6455,0.1735099760
123,6456,-0.4734652397
123,6457,0.7264741705
123,6458,0.4455496857
123,6459,-0.3229898503
123,6460,0.9605577216
123,6461,-0.0958736202
123,6462,-0.6477996078
123,6463,0.2950395423
123,6464,-0.4065270821
123,6465,0.6633604153
123,6466,0.2612909980
123,6467,-0.0561569509
123,6468,-0.1063783281
123,6469,0.5086102482
123,6470,0.0033130846
123,6471,0.9081511816
123,6472,-0.8020584301
123,6473,0.1494740051
123,6474,-0.0089463748
123,6475,-1.1989026410
123,6476,-0.0002259514
123,6477,0.0900351232
123,6478,-0.1468473237
123,6479,-0.3705087709
123,6480,0.4282087143
123,6481,-0.2007273919
123,6482,0.1621929312
123,6483,-0.4832332425
123,6484,0.1074091271
123,6485,0.0746420224
123,6486,-0.9325771835
123,6487,0.3698490468
123,6488,-0.3319817417
123,6489,-1.1956449783
123,6490,0.1604558077
123,6491,0.6095498646
123,6492,-0.6258281016
123,6493,-0.7924446036
123,6494,0.1662176152
123,6495,-0.3396969486
123,6496,-0.6719495082
123,6497,0.1237446394
123,6498,-0.5168669791
123,6499,-0.3006106811
123,6500,0.4107786122
123,6501,0.1198686904
123,6502,0.9239360053
123,6503,1.1215391530
123,6504,-0.1691723859
123,6505,-0.0122085712
123,6506,1.3781539647
123,6507,-0.7202051277
123,6508,0.4258000158
123,6509,-0.6923385184
123,6510,0.2527637816
123,6511,0.3949776974
123,6512,0.3136828084
123,6513,0.3322216296
123,6514,0.3196349873
123,6515,0.1689111193
123,6516,1.1721010239
123,6517,-0.9108612068
123,6518,-0.7879877484
123,6519,0.7568576898
123,6520,-0.3684538278
123,6521,-0.6100449962
123,6522,-0.7919499720
123,6523,0.2875403848
123,6524,-0.1107974000
123,6525,-1.1326469155
123,6526,-0.1665561383
123,6527,-0.4938333725
123,6528,0.2999587789
123,6529,-0.7897322459
123,6530,-0.1792104343
123,6531,-0.4408133778
123,6532,0.4144769957
123,6533,-0.5380536394
123,6534,-0.2668011424
123,6535,-1.0803948076
123,6536,0.3840136944
123,6537,0.3419217283
123,6538,0.2536835484
123,6539,0.7173919668
123,6540,0.0066565736
123,6541,-0.3348991689
123,6542,0.4410007330
123,6543,0.8322379923
123,6544,-0.5732887768
123,6545,0.8195421395
123,6546,0.4474191422
123,6547,-1.0387695079
123,6548,-0.5905846858
123,6549,0.1726138074
123,6550,0.0801946868
123,6551,0.0116614676
123,6552,0.0770242774
123,6553,-0.7281933632
123,6554,-0.2928535905
123,6555,-0.1213028995
123,6556,-0.3418062701
123,6557,-0.2889742492
123,6558,-0.9883739916
123,6559,0.1445587933
123,6560,0.0761529186
123,6561,-0.2424065752
123,6562,-0.4127937783
123,6563,0.2773455989
123,6564,0.9647527327
123,6565,-0.7656038074
123,6566,-0.4786543979
123,6567,-0.4063879089
123,6568,0.0571558398
123,6569,-0.8214757853
123,6570,-0.8736045849
123,6571,0.0849540930
123,6572,-0.4540631020
123,6573,-0.5790487495
123,6574,-0.2602148197
123,6575,-0.4057307956
123,6576,0.0182740365
123,6577,-0.2581137436
123,6578,0.6531838470
123,6579,0.3417444808
123,6580,-0.1285083007
123,6581,-0.3328239746
123,6582,0.7231865978
123,6583,-0.2552035666
123,6584,-0.8311406035
123,6585,-0.0591688129
123,6586,0.4993058574
123,6587,0.3222872715
123,6588,0.4706582207
123,6589,0.4964926375
123,6590,-1.2461952744
123,6591,0.1458237329
123,6592,0.0357193692
123,6593,-0.1965658086
123,6594,-0.7116019585
123,6595,-0.5534813922
123,6596,0.3416820478
123,6597,0.6348358544
123,6598,-0.6437561553
123,6599,0.0116592687
123,6600,-0.7866508578
123,6601,-0.0669352046
123,6602,0.3823323253
123,6603,-0.5243669192
123,6604,0.1250102592
123,6605,0.8307630030
123,6606,0.4013654414
123,6607,0.3090409021
123,6608,0.4754914633
123,6609,0.7922732276
123,6610,-0.1493790530
123,6611,1.2763856150
123,6612,-1.1856303547
123,6613,-1.0098245742
123,6614,0.3135278880
123,6615,1.1030176406
123,6616,-0.3806027365
123,6617,-0.7922747126
123,6618,0.1594720364
123,6619,-0.1660594038
123,6620,0.3580039000
123,6621,-0.1362152459
123,6622,-0.9841099232
123,6623,-0.3593296163
123,6624,-0.4738593087
123,6625,-0.2025989751
123,6626,-0.0518259232
123,6627,0.7470701747
123,6628,-1.0939326753
123,6629,-1.2021621840
123,6630,0.9094851424
123,6631,-0.3238759519
123,6632,-0.3786889824
123,6633,-0.6346261019
123,6634,0.6956684171
123,6635,-0.6244131155
123,6636,-0.3367682717
123,6637,0.4445133237
123,6638,-0.6693138011
123,6639,0.6920109636
123,6640,-0.5780339902
123,6641,-0.0503730903
123,6642,0.4883306843
123,6643,0.4262935294
123,6644,-0.8992765794
123,6645,-0.6216263559
123,6646,-0.4754674771
123,6647,0.2623265444
123,6648,0.6523016113
123,6649,0.4145690230
123,6650,-0.6915584443
123,6651,0.2785250696
123,6652,-0.1647938661
123,6653,-0.1857340693
123,6654,0.7813812148
123,6655,-1.3889380008
123,6656,-0.2633532572
123,6657,0.7665082360
123,6658,-0.6487577431
123,6659,-0.4507146856
123,6660,1.2181314486
123,6661,0.1791606802
123,6662,0.7195066895
123,6663,0.3000325971
123,6664,0.4336488918
123,6665,-0.6730084479
123,6666,0.5756294257
123,6667,0.1948546299
123,6668,-0.3716175109
123,6669,-0.0215002751
123,6670,-0.3745927001
123,6671,0.5893274744
123,6672,-0.2894116574
123,6673,0.1499303338
123,6674,0.6308001537
123,6675,0.2020213721
123,6676,0.5468052229
123,6677,-0.0960581090
123,6678,-0.0644009304
123,6679,-0.5502825289
123,6680,-0.3966257219
123,6681,-1.3977225002
123,6682,-0.0392523094
123,6683,-0.7817268154
123,6684,0.0627874852
123,6685,0.2123608804
123,6686,0.4920534409
123,6687,-0.4460144866
123,6688,0.0796353739
123,6689,0.0984386582
123,6690,-1.0845616116
123,6691,-0.1201948644
123,6692,0.2436777707
123,6693,0.2784468557
123,6694,0.6577037989
123,6695,0.3424144090
123,6696,0.0432846552
123,6697,0.5153755659
123,6698,0.4209067345
123,6699,-0.8835879509
123,6700,0.4701873316
123,6701,-0.6871750400
123,6702,1.0063018668
123,6703,0.7092215497
123,6704,0.7683987619
123,6705,0.1271963816
123,6706,0.8943115459
123,6707,-0.7924043393
123,6708,-0.1009343268
123,6709,-0.3188166153
123,6710,0.5457884673
123,6711,-0.2556250051
123,6712,0.5855656004
123,6713,0.2493023901
123,6714,-0.0546961871
123,6715,0.4606489450
123,6716,-0.3079358383
123,6717,-0.3035778143
123,6718,0.6933222535
123,6719,0.2677434764
123,6720,0.4204225013
123,6721,0.2952094688
123,6722,0.6438995616
123,6723,-0.7586980904
123,6724,0.1581215405
123,6725,0.5914601980
123,6726,-0.3288362019
123,6727,0.0142306105
123,6728,0.3417337292
123,6729,0.5786375527
123,6730,-0.4113904268
123,6731,-0.0602613416
123,6732,0.1690138190
123,6733,-0.8903635421
123,6734,-0.4730285673
123,6735,-1.2309341141
123,6736,1.6044140561
123,6737,-0.2586898172
123,6738,-0.7592037015
123,6739,-0.1725992056
123,6740,-0.5738248414
123,6741,0.3519792148
123,6742,-1.0454062567
123,6743,1.0173894783
123,6744,0.3895721773
123,6745,0.3296056584
123,6746,-0.6641140771
123,6747,-0.7936179342
123,6748,0.6159216679
123,6749,-0.1482981318
123,6750,-0.1310305029
123,6751,-1.6208094569
123,6752,0.0656940655
123,6753,0.3063749158
123,6754,-0.0281181185
123,6755,0.3179057031
123,6756,-0.0991186691
123,6757,-0.4033103102
123,6758,0.2913715944
123,6759,-0.1188300139
123,6760,0.5613271085
123,6761,0.1100257649
123,6762,0.0751859183
123,6763,0.4415046267
123,6764,-0.1586146598
123,6765,-0.7282751767
123,6766,-0.6730308246
123,6767,0.3213645384
123,6768,-0.6261493343
123,6769,0.0713532029
123,6770,-0.2737865944
123,6771,-0.1979038255
123,6772,0.3375718808
123,6773,-0.7722224040
123,6774,-0.1748534807
123,6775,0.3945098299
123,6776,-0.4102572136
123,6777,-0.4534565618
123,6778,-0.6863531253
123,6779,0.1460880110
123,6780,-0.4024957673
123,6781,-0.0972982114
123,6782,-1.4292063419
123,6783,-0.4101900361
123,6784,0.3576485442
123,6785,0.6059559113
123,6786,-0.2645576240
123,6787,0.2115295048
123,6788,-0.0279246694
123,6789,-0.7501301587
123,6790,-0.3627012365
123,6791,0.2163784125
123,6792,-0.0203896307
123,6793,1.0181474958
123,6794,-0.1340337390
123,6795,0.6747397931
123,6796,0.0150922036
123,6797,-0.0217146734
123,6798,-0.2395464247
123,6799,0.4747144195
123,6800,-0.0784032071
123,6801,-0.1702659748
123,6802,-0.6407752159
123,6803,-0.3037694526
123,6804,0.3154292491
123,6805,-0.5597732686
123,6806,0.1358788043
123,6807,0.3303752294
123,6808,0.8315795000
123,6809,-0.3447585095
123,6810,0.0047652291
123,6811,-0.9077744051
123,6812,-0.0239420217
123,6813,-0.2304983178
123,6814,-0.6956764632
123,6815,0.4291940101
123,6816,0.4451549940
123,6817,0.8700840052
123,6818,-0.0139438263
123,6819,-0.7142325464
123,6820,0.2609694484
123,6821,-0.4290079447
123,6822,0.6788379132
123,6823,-1.0432860382
123,6824,-1.2701820473
123,6825,0.3355961054
123,6826,0.8101743360
123,6827,-1.0762640901
123,6828,-0.3064175465
123,6829,-0.9291867016
123,6830,0.3856879148
123,6831,-0.8352649256
123,6832,-0.1551743288
123,6833,0.0809188869
123,6834,0.1952355417
123,6835,-0.7832774041
123,6836,0.6851550752
123,6837,-0.3683768735
123,6838,-0.4036939873
123,6839,0.6676874002
123,6840,1.0952893274
123,6841,-0.3974710842
123,6842,0.2339217506
123,6843,-0.0315366966
123,6844,0.7151435048
123,6845,0.3197906405
123,6846,-0.2689848411
123,6847,-0.8688803356
123,6848,-0.3883573411
123,6849,0.4952427831
123,6850,0.9529253930
123,6851,1.9925995498
123,6852,0.1437776867
123,6853,-0.1388066129
123,6854,0.1225068438
123,6855,0.5625319334
123,6856,-0.2265547454
123,6857,0.2914071800
123,6858,-0.7054343318
123,6859,1.1049598412
123,6860,0.6000356488
123,6861,0.3049030083
123,6862,-0.7931494997
123,6863,0.1010571200
123,6864,-0.2575964640
123,6865,0.7128434229
123,6866,0.9397436158
123,6867,-0.4543209302
123,6868,-0.4852484253
123,6869,0.0873771923
123,6870,-0.5070916678
123,6871,-0.0050110887
123,6872,-0.5971784318
123,6873,-0.4814798841
123,6874,-0.7331696510
123,6875,0.3545606198
123,6876,0.3194116035
123,6877,-0.4649895641
123,6878,0.7132208916
123,6879,0.1067286026
123,6880,0.4757340055
123,6881,0.6357525616
123,6882,0.5358177081
123,6883,0.9611964603
123,6884,-0.3664822820
123,6885,0.5836259003
123,6886,-0.0286559069
123,6887,0.2946458112
123,6888,-1.9201884868
123,6889,0.7194357296
123,6890,0.0103427001
123,6891,0.5088100305
123,6892,0.4508520731
123,6893,0.3015110687
123,6894,-0.2252276812
123,6895,-0.1109148617
123,6896,1.6533746494
123,6897,0.1354312126
123,6898,-0.1283236070
123,6899,-0.5335697480
123,6900,-0.7274730104
123,6901,0.8058017899
123,6902,0.2455083900
123,6903,1.1877389028
123,6904,0.5577894521
123,6905,0.3801066101
123,6906,0.3795441385
123,6907,-0.1696681341
123,6908,-0.5418689816
123,6909,-0.1759433410
123,6910,0.1968846322
123,6911,0.3715433997
123,6912,-0.0192360507
123,6913,-0.1547599246
123,6914,-0.3803502842
123,6915,0.0658221528
123,6916,0.3082752146
123,6917,1.0750761239
123,6918,-0.1113983097
123,6919,-0.3113349574
123,6920,0.0329947511
123,6921,-0.3927200242
123,6922,-0.0102441876
123,6923,-0.4095334429
123,6924,-0.7558343545
123,6925,0.2685545088
123,6926,-0.4371387238
123,6927,-0.7914654293
123,6928,0.6911713159
123,6929,-0.4286489435
123,6930,1.1596207026
123,6931,-0.1790185171
123,6932,0.2222257886
123,6933,0.3525030056
123,6934,0.3587319210
123,6935,0.1856963638
123,6936,-1.1950054927
123,6937,0.1735658633
123,6938,0.9085231174
123,6939,-0.3927752224
123,6940,-0.3455747077
123,6941,0.3182258495
123,6942,0.0085961251
123,6943,-0.3578689442
123,6944,-0.1034254152
123,6945,0.2572332165
123,6946,0.3461636771
123,6947,0.0657546787
123,6948,0.1174286792
123,6949,-0.5485670640
123,6950,0.2862559018
123,6951,0.9378847987
123,6952,-0.5547088245
123,6953,0.2767080474
123,6954,-0.1896274650
123,6955,0.8297477895
123,6956,-0.3506747516
123,6957,-0.2252922477
123,6958,-0.8490918049
123,6959,0.9633546181
123,6960,-0.8718498139
123,6961,0.1059226761
123,6962,0.0569654822
123,6963,0.2083341956
123,6964,-0.4179174855
123,6965,-0.1928704382
123,6966,0.4975053489
123,6967,0.3147872967
123,6968,-0.5154147771
123,6969,-0.2228492612
123,6970,-0.8984185198
123,6971,0.5227885462
123,6972,0.9041078620
123,6973,0.3693997466
123,6974,-0.3087230359
123,6975,0.5544201557
123,6976,-0.1014919210
123,6977,-0.2165217124
123,6978,0.2355961295
123,6979,0.1471421045
123,6980,-0.1898393617
123,6981,-0.2960173515
123,6982,0.1837851540
123,6983,-0.2380298328
123,6984,-0.4694616680
123,6985,-0.5383203673
123,6986,-0.7801863777
123,6987,0.2259813939
123,6988,0.0722746490
123,6989,-0.3305857546
123,6990,-0.3265339222
123,6991,0.3869540063
123,6992,-0.1283695692
123,6993,0.2365031846
123,6994,-0.6826009296
123,6995,-0.2297146845
123,6996,-0.1290217851
123,6997,-0.6054104961
123,6998,-1.1864049957
123,6999,-0.1121346457
123,7000,0.2318933633
123,7001,-0.2690092549
123,7002,-0.1423331161
123,7003,-0.3339504020
123,7004,-0.1244666191
123,7005,-1.1364589612
123,7006,0.5176108790
123,7007,0.6540700742
123,7008,0.7883287446
123,7009,0.3775712501
123,7010,-0.6996409769
123,7011,-0.5805273079
123,7012,0.6255716225
123,7013,0.4938170177
123,7014,0.3361634258
123,7015,-0.2946172502
123,7016,-0.0385398269
123,7017,-1.0453383040
123,7018,-0.0093252649
123,7019,0.7221359567
123,7020,0.2744226482
123,7021,0.4731459295
123,7022,-0.0744263488
123,7023,0.4169246318
123,7024,-0.0845864703
123,7025,-0.1968896139
123,7026,0.0580173707
123,7027,-0.2482296607
123,7028,0.0497096630
123,7029,0.2707110843
123,7030,1.0965479151
123,7031,0.0401065440
123,7032,-0.5025451304
123,7033,-0.0050519460
123,7034,0.1434826243
123,7035,0.1761168889
123,7036,-0.1352158171
123,7037,0.5408139777
123,7038,0.5394228285
123,7039,0.3358980045
123,7040,0.0988169789
123,7041,0.3074075955
123,7042,1.3119706698
123,7043,0.3175417666
123,7044,-0.0817148083
123,7045,0.4915531657
123,7046,0.1349904259
123,7047,0.3157631614
123,7048,1.3092621047
123,7049,0.7178677369
123,7050,-0.2082981824
123,7051,0.3803771645
123,7052,0.3005431960
123,7053,0.1191122494
123,7054,0.4108345686
123,7055,-0.6352271036
123,7056,-0.3410268255
123,7057,0.2124116828
123,7058,-1.0822556437
123,7059,-0.1300268644
123,7060,0.7425651368
123,7061,-0.0470047923
123,7062,-0.5840031813
123,7063,0.0915660407
123,7064,-0.9981990176
123,7065,0.7549291227
123,7066,0.3740649478
123,7067,0.3242541349
123,7068,0.0440573822
123,7069,-0.0528736391
123,7070,-0.8370542532
123,7071,-0.1567383298
123,7072,0.5245406186
123,7073,0.6333600941
123,7074,-0.0389543611
123,7075,-0.6607213532
123,7076,0.3616774912
123,7077,-0.2629267273
123,7078,0.1545231942
123,7079,-0.6999346626
123,7080,-0.6202297894
123,7081,-0.2699501222
123,7082,0.4474394204
123,7083,0.1819045799
123,7084,-0.0091330587
123,7085,-0.4840715515
123,7086,-0.1687747876
123,7087,0.4437664672
123,7088,-1.1453476817
123,7089,-0.6758331240
123,7090,0.4889069776
123,7091,0.5834081270
123,7092,0.1411703599
123,7093,-0.0545481269
123,7094,-0.5863388354
123,7095,-0.0803773818
123,7096,0.2521107185
123,7097,0.3042911621
123,7098,-0.8317942526
123,7099,0.1907622683
123,7100,-0.7528713771
123,7101,-0.5241728948
123,7102,0.0443036762
123,7103,0.4148520418
123,7104,-0.0027174636
123,7105,0.2662528305
123,7106,-0.1939673173
123,7107,0.1579963181
123,7108,-0.2089251893
123,7109,-0.3482349370
123,7110,0.3681854037
123,7111,-0.1151001356
123,7112,-0.0575003561
123,7113,0.8521557708
123,7114,-0.5174982289
123,7115,-0.1957362430
123,7116,0.1225951651
123,7117,-0.0445707730
123,7118,0.6192246634
123,7119,0.0469292448
123,7120,1.3894080965
123,7121,-0.6905794256
123,7122,-0.2647396982
123,7123,-0.2690479749
123,7124,0.0580062454
123,7125,0.8676109022
123,7126,-0.2274752292
123,7127,0.3609194853
123,7128,0.1617120376
123,7129,0.1991526459
123,7130,-0.5265569504
123,7131,0.7280023271
123,7132,-0.4640587238
123,7133,0.5313556349
123,7134,-0.4174165271
123,7135,-0.1214199657
123,7136,0.2347238188
123,7137,0.0215986452
123,7138,-0.4868445412
123,7139,0.0421415339
123,7140,0.5806283771
123,7141,-0.5959956456
123,7142,-1.4344527747
123,7143,0.2236453213
123,7144,0.2465006870
123,7145,-0.2841762662
123,7146,0.3768271987
123,7147,0.4708633373
123,7148,0.0388513505
123,7149,-0.5520181285
123,7150,1.2312213270
123,7151,-0.1151558096
123,7152,-0.2499449287
123,7153,-0.0885494536
123,7154,-0.7128024899
123,7155,-0.0065956719
123,7156,-0.9857809254
123,7157,-0.0318653058
123,7158,0.5999647761
123,7159,0.3738142576
123,7160,-0.5848060411
123,7161,0.9408228319
123,7162,0.1832858108
123,7163,-0.1992799105
123,7164,0.0655728647
123,7165,-0.6809103603
123,7166,0.7422738116
123,7167,0.0786564681
123,7168,1.5699194060
123,7169,-0.1267996269
123,7170,0.4940670756
123,7171,-0.0762062677
123,7172,0.1765906468
123,7173,0.2827566573
123,7174,-0.3219348589
123,7175,0.4051042884
123,7176,0.1779470594
123,7177,0.2771621998
123,7178,0.8164769476
123,7179,-0.1136945573
123,7180,0.3630229491
123,7181,-0.3717956606
123,7182,-0.4396975471
123,7183,0.4817667137
123,7184,-0.6218803112
123,7185,-0.6629051642
123,7186,0.3111757575
123,7187,0.3343913843
123,7188,-0.9290814139
123,7189,0.0869357349
123,7190,-0.4393553486
123,7191,0.1483711933
123,7192,-0.1208907457
123,7193,0.9356670152
123,7194,-0.3995419637
123,7195,-0.4751319584
123,7196,0.5711298064
123,7197,0.5105338754
123,7198,0.3533935806
123,7199,0.0118683312
123,7200,0.2757403964
123,7201,0.5123254906
123,7202,-0.1115303148
123,7203,-0.8470069548
123,7204,-0.5343678823
123,7205,0.3961278978
123,7206,0.2441995538
123,7207,-1.2112820946
123,7208,-0.8030364076
123,7209,-0.8558778610
123,7210,0.4074704961
123,7211,-0.0808163222
123,7212,0.3765009960
123,7213,-0.5587301035
123,7214,0.9029439028
123,7215,0.3153315469
123,7216,0.8284088636
123,7217,0.1988343304
123,7218,0.1248935245
123,7219,-0.9864976576
123,7220,-0.7087016404
123,7221,-0.7113417853
123,7222,-0.0145049189
123,7223,0.1771176645
123,7224,-0.5952605621
123,7225,1.2229594736
123,7226,-0.5436055936
123,7227,-0.5549656131
123,7228,-0.1220240352
123,7229,-0.6476892785
123,7230,-0.7911009251
123,7231,0.4379178548
123,7232,0.7499658656
123,7233,0.1196431483
123,7234,-0.2393419384
123,7235,0.2698247452
123,7236,-0.5174485422
123,7237,0.2129072725
123,7238,-0.3876471616
123,7239,0.6047464674
123,7240,1.4951865405
123,7241,-0.4247838245
123,7242,-0.5090885094
123,7243,0.9086618048
123,7244,0.4852583655
123,7245,0.6235622354
123,7246,-0.1270059846
123,7247,0.4713510268
123,7248,-0.7485325327
123,7249,-0.8640769636
123,7250,-0.0159382315
123,7251,-0.4792821457
123,7252,0.1409834731
123,7253,1.0810903697
123,7254,-0.3937387746
123,7255,-0.8121050081
123,7256,0.0356269673
123,7257,0.5584324750
123,7258,-0.4842460586
123,7259,-0.1811745901
123,7260,-0.0985349561
123,7261,-0.6005237174
123,7262,0.0232009003
123,7263,-0.5485343019
123,7264,0.1956605337
123,7265,-0.1702737429
123,7266,-0.4453345482
123,7267,-0.1831962675
123,7268,0.0517197590
123,7269,-0.2038983285
123,7270,0.5030007982
123,7271,1.2347248030
123,7272,-0.0217996175
123,7273,0.6269894879
123,7274,1.0997369684
123,7275,0.2790111134
123,7276,0.7103129943
123,7277,-0.0570919504
123,7278,-0.4711597801
123,7279,0.0197311018
123,7280,0.6390278939
123,7281,0.0620996792
123,7282,-0.3024424151
123,7283,0.3418201562
123,7284,0.0924918389
123,7285,0.4674511827
123,7286,0.5902140269
123,7287,0.6061115430
123,7288,0.2532847805
123,7289,0.1345822519
123,7290,0.4679547680
123,7291,0.9946086205
123,7292,-0.2231365696
123,7293,-0.2716224877
123,7294,0.7626882428
123,7295,-0.5408793803
123,7296,-1.0806901802
123,7297,0.0495035921
123,7298,-1.1705391303
123,7299,0.6045695409
123,7300,-0.4082562360
123,7301,0.1652849977
123,7302,-0.4216808225
123,7303,0.2127853927
123,7304,0.1755465084
123,7305,-0.0374208205
123,7306,-0.0697359250
123,7307,0.8201810933
123,7308,0.9674338418
123,7309,-0.0177360917
123,7310,0.2455720337
123,7311,0.2313982849
123,7312,0.6099425248
123,7313,-0.4078858752
123,7314,-0.1068878096
123,7315,-0.8275546232
123,7316,0.2185283068
123,7317,0.1402710374
123,7318,-0.3246729826
123,7319,-0.5724566713
123,7320,-0.3592605466
123,7321,0.2940372528
123,7322,1.0705198734
123,7323,-0.4198910179
123,7324,0.1813359245
123,7325,0.4163797496
123,7326,-0.0287737320
123,7327,-0.6781435086
123,7328,0.3593122624
123,7329,0.3936442048
123,7330,0.9942032934
123,7331,-0.1126058204
123,7332,0.0031203367
123,7333,-0.7365876592
123,7334,0.1767023144
123,7335,-0.7633659274
123,7336,-0.1646134830
123,7337,-0.3757761587
123,7338,0.1795056906
123,7339,-0.5532639622
123,7340,-0.3144087635
123,7341,-0.2610457993
123,7342,0.9098111285
123,7343,-0.4387980919
123,7344,-0.2092509663
123,7345,0.0909092397
123,7346,0.7871762003
123,7347,0.2962718084
123,7348,0.3764299706
123,7349,0.4287471396
123,7350,0.0854594073
123,7351,0.8177495219
123,7352,0.0703734309
123,7353,0.4400372685
123,7354,0.3656391600
123,7355,0.8163949344
123,7356,-0.6180206507
123,7357,-0.1296469770
123,7358,-0.2462166760
123,7359,0.0428629082
123,7360,-0.3485365867
123,7361,-0.6448700170
123,7362,-0.2390087300
123,7363,0.1650542844
123,7364,-1.5809617125
123,7365,-0.6062038231
123,7366,0.4809339143
123,7367,-0.4829535530
123,7368,0.0521730084
123,7369,0.8604313778
123,7370,-0.7001264310
123,7371,-0.2964155121
123,7372,0.4456963818
123,7373,0.3715859404
123,7374,-0.5760393250
123,7375,0.4206864070
123,7376,0.1578891308
123,7377,1.1679535538
123,7378,-0.9662098300
123,7379,0.0045162917
123,7380,0.1212115445
123,7381,-0.6318267921
123,7382,0.2823809595
123,7383,0.0310300134
123,7384,1.4281226193
123,7385,0.6837004527
123,7386,-1.0437206566
123,7387,-0.1039351237
123,7388,-0.0318152061
123,7389,0.4948822752
123,7390,0.3366126425
123,7391,-0.5777431812
123,7392,-1.1432343661
123,7393,-0.0639921735
123,7394,0.5999215235
123,7395,-0.2117613556
123,7396,-0.4129458972
123,7397,-0.2519790765
123,7398,0.1763795996
123,7399,0.4126686075
123,7400,0.3459521898
123,7401,-0.2256724630
123,7402,0.5377664333
123,7403,-0.5166330844
123,7404,-0.0265193368
123,7405,-0.2173202487
123,7406,0.4518858205
123,7407,-0.4919607905
123,7408,-0.5045512408
123,7409,0.5759049778
123,7410,-0.6925841599
123,7411,0.1196252605
123,7412,0.1614596393
123,7413,-0.2974246247
123,7414,0.4425817885
123,7415,0.9598501265
123,7416,0.2456622970
123,7417,-0.0447906269
123,7418,-0.7875545277
123,7419,0.5905468179
123,7420,0.8158674675
123,7421,-0.4469328541
123,7422,0.8571235823
123,7423,0.5145625231
123,7424,0.1877020234
123,7425,0.7572829957
123,7426,1.2398412395
123,7427,-0.5576548858
123,7428,-0.3307650832
123,7429,-0.0299102589
123,7430,-0.3723296906
123,7431,-0.0780939868
123,7432,-0.5735286738
123,7433,-0.4539820950
123,7434,0.1349894722
123,7435,-0.0881576159
123,7436,-0.3788190517
123,7437,0.3834563143
123,7438,0.3307406411
123,7439,0.4237114852
123,7440,-0.0032671810
123,7441,0.0071930218
123,7442,-1.3754242513
123,7443,-0.9785677351
123,7444,0.1030089144
123,7445,0.8581546988
123,7446,-0.0366842025
123,7447,0.8451139779
123,7448,0.1507703941
123,7449,0.1287938996
123,7450,0.5413585993
123,7451,-0.4693238185
123,7452,0.4359050480
123,7453,0.1625152937
123,7454,-0.6955870012
123,7455,-0.9464354433
123,7456,0.4674128103
123,7457,-0.2347615758
123,7458,0.1130200502
123,7459,0.1141961311
123,7460,-0.2609752627
123,7461,0.0557587926
123,7462,0.0602442536
123,7463,0.3125705435
123,7464,0.1897832498
123,7465,0.1822305517
123,7466,0.0245955294
123,7467,0.2031635704
123,7468,0.7700861358
123,7469,0.2323910267
123,7470,-0.5591644643
123,7471,0.8016044469
123,7472,-0.8563928583
123,7473,-0.5744773191
123,7474,0.3897588606
123,7475,-0.2889768197
123,7476,-0.4926839278
123,7477,0.3810961049
123,7478,0.0339771827
123,7479,0.8792431202
123,7480,0.2492417022
123,7481,-0.0409947250
123,7482,0.0958230179
123,7483,-0.7007871963
123,7484,-0.9666443538
123,7485,-0.3817780622
123,7486,0.1183830839
123,7487,-0.5474315093
123,7488,-0.7620868949
123,7489,0.5099605409
123,7490,0.1388226504
123,7491,0.0899855354
123,7492,0.3653578465
123,7493,0.1501838809
123,7494,-0.4383019345
123,7495,0.7649046475
123,7496,-0.6093397356
123,7497,0.2583265925
123,7498,-0.5669606733
123,7499,-0.4026550992
123,7500,-0.3416692733
123,7501,-0.2360865117
123,7502,-0.1849578565
123,7503,0.0950834038
123,7504,0.0807805386
123,7505,1.1443920026
123,7506,0.8171905144
123,7507,-0.4205796310
123,7508,-0.4099158690
123,7509,-0.7160584971
123,7510,-0.3407713721
123,7511,-0.2105999227
123,7512,-0.5555190709
123,7513,0.9592563852
123,7514,0.3825000921
123,7515,0.4191721530
123,7516,-1.1820452888
123,7517,0.2240883837
123,7518,-0.8805640835
123,7519,-0.4023837379
123,7520,0.8069565931
123,7521,0.6730984505
123,7522,0.3021507317
123,7523,-0.1082797422
123,7524,-0.4113114642
123,7525,-0.2957030003
123,7526,0.6444661318
123,7527,-0.1714649596
123,7528,0.3807835644
123,7529,-0.0324668679
123,7530,0.6538125820
123,7531,-0.2131279850
123,7532,0.4722875349
123,7533,0.0406201530
123,7534,-0.4834267966
123,7535,-0.4689005825
123,7536,-0.6580471970
123,7537,0.1938620067
123,7538,0.2034597321
123,7539,0.3918532582
123,7540,-0.1469955143
123,7541,0.4004947232
123,7542,-0.5641533003
123,7543,-0.9464048504
123,7544,-0.1796718063
123,7545,-0.7272524550
123,7546,-0.2737960759
123,7547,0.2995244304
123,7548,-0.1618591142
123,7549,0.6507584164
123,7550,-1.2830646264
123,7551,0.4508401127
123,7552,0.0333600650
123,7553,-0.8458921903
123,7554,-0.4046536133
123,7555,-0.3846958167
123,7556,-0.2278491196
123,7557,-0.2925254039
123,7558,0.1998175183
123,7559,-0.0476011066
123,7560,-0.2036695428
123,7561,-0.4300106920
123,7562,0.1970123319
123,7563,0.8603170887
123,7564,0.2911534749
123,7565,0.8195146773
123,7566,0.2641593140
123,7567,1.2247653388
123,7568,0.1383316541
123,7569,-0.7049317545
123,7570,0.3880036421
123,7571,0.4847911998
123,7572,0.9551750840
123,7573,1.0247273052
123,7574,0.2174106663
123,7575,0.0947289287
123,7576,0.6441183395
123,7577,0.4412851859
123,7578,0.1921657989
123,7579,-0.1632199510
123,7580,0.5659219726
123,7581,0.7519016882
123,7582,-0.6677559118
123,7583,-0.4623425658
123,7584,-0.8253827980
123,7585,-1.1620930826
123,7586,0.2187401663
123,7587,0.1576853270
123,7588,-0.1898267296
123,7589,0.2397403806
123,7590,-0.6779467939
123,7591,-0.1524647856
123,7592,0.4667901381
123,7593,-1.0312780869
123,7594,-0.6362280598
123,7595,0.4578716066
123,7596,0.0787320027
123,7597,0.0666066276
123,7598,1.0039785179
123,7599,0.2551313308
123,7600,0.8383888818
123,7601,0.0101947979
123,7602,-0.1748218672
123,7603,0.4677255415
123,7604,-0.7148237549
123,7605,-0.4475344794
123,7606,0.0371929151
123,7607,0.5354639662
123,7608,0.1609902569
123,7609,-0.2807686807
123,7610,-0.7131077072
123,7611,-0.0934922158
123,7612,-0.6927351886
123,7613,0.6587457281
123,7614,0.1199955682
123,7615,0.6934047799
123,7616,-0.2529997271
123,7617,-0.5301787213
123,7618,0.5871016379
123,7619,-0.5827365834
123,7620,0.1037020513
123,7621,0.5346489294
123,7622,-0.2858743879
123,7623,0.3535239410
123,7624,-0.5683717218
123,7625,0.4304318519
123,7626,-0.4903647599
123,7627,0.8672491793
123,7628,-1.0378651838
123,7629,-0.1246946984
123,7630,-0.1250080663
123,7631,-0.5400045874
123,7632,0.8605327662
123,7633,-1.2443453737
123,7634,0.1813936139
123,7635,1.0141563690
123,7636,0.4008005309
123,7637,0.3063871694
123,7638,0.9014428481
123,7639,1.0177441625
123,7640,-0.0124037318
123,7641,-0.3912221660
123,7642,-0.4135131168
123,7643,-0.9957342222
123,7644,-0.2405132314
123,7645,-0.7825903713
123,7646,0.3082907904
123,7647,-0.1507777145
123,7648,-0.6060464090
123,7649,-0.0629201280
123,7650,-0.4793324009
123,7651,-0.3469999889
123,7652,-0.2982987673
123,7653,-0.2601723437
123,7654,1.0587413314
123,7655,-0.3481130879
123,7656,-0.6998723916
123,7657,1.0394209813
123,7658,0.6614354099
123,7659,0.4467909965
123,7660,-0.1534009993
123,7661,-0.3007237335
123,7662,0.3945539353
123,7663,0.0302335143
123,7664,-0.3772826339
123,7665,-0.2877164215
123,7666,-1.2496098954
123,7667,0.3829006628
123,7668,0.1947560706
123,7669,0.1244688231
123,7670,0.5416438223
123,7671,0.1776583458
123,7672,0.1477380511
123,7673,-0.9659150534
123,7674,0.0854825109
123,7675,0.3304694911
123,7676,0.9443652954
123,7677,0.0183988113
123,7678,1.2883265371
123,7679,0.4047349657
123,7680,-0.0077217579
123,7681,0.1533819887
123,7682,0.0512661769
123,7683,-0.5123506821
123,7684,0.0616241099
123,7685,0.3924778660
123,7686,0.4411047887
123,7687,0.4033808944
123,7688,-0.3081447638
123,7689,-0.5717945571
123,7690,0.2821868912
123,7691,-0.8400291571
123,7692,-0.3269474572
123,7693,-0.0034554369
123,7694,0.2259159438
123,7695,-0.8956558208
123,7696,0.5916198906
123,7697,0.2149192645
123,7698,0.2788704788
123,7699,0.3951932717
123,7700,0.2780919568
123,7701,-0.2259847320
123,7702,-0.3541335980
123,7703,-0.4484344149
123,7704,-0.0705834907
123,7705,0.0969830410
123,7706,-0.3897457369
123,7707,-0.4457808119
123,7708,0.4738699363
123,7709,-0.3409451989
123,7710,-0.3703913933
123,7711,-0.5754075545
123,7712,-0.0168403081
123,7713,0.5293835559
123,7714,-0.3516943415
123,7715,-0.5951400654
123,7716,0.4478599115
123,7717,0.4045324952
123,7718,0.2423947159
123,7719,-0.3959119286
123,7720,0.0553875289
123,7721,0.2167703034
123,7722,-0.9671321889
123,7723,-0.0867177030
123,7724,-0.9644887403
123,7725,0.1389962452
123,7726,-0.3234306004
123,7727,0.3376208747
123,7728,-0.5389465840
123,7729,-0.3962186741
123,7730,-0.1874607646
123,7731,0.0045237610
123,7732,-0.2442350991
123,7733,-0.7651707632
123,7734,0.4888569944
123,7735,-0.2791124760
123,7736,-0.8642348319
123,7737,0.1538947892
123,7738,-0.9135800488
123,7739,-0.0085951367
123,7740,0.3869907826
123,7741,0.8835589811
123,7742,0.1003861756
123,7743,0.4007534691
123,7744,1.0262533425
123,7745,0.2426459090
123,7746,-0.1186042035
123,7747,0.0601213496
123,7748,-0.1719493083
123,7749,0.1628149673
123,7750,0.4649996411
123,7751,0.3536976304
123,7752,-0.8065884958
123,7753,-0.2883126823
123,7754,0.2845041621
123,7755,-0.3497939835
123,7756,-0.5537975034
123,7757,-0.3381072633
123,7758,0.4204866542
123,7759,-0.2498277456
123,7760,-0.2914212067
123,7761,-0.5383366387
123,7762,-0.3879158794
123,7763,0.3788816156
123,7764,-0.2646653853
123,7765,-0.7980913517
123,7766,-0.9254009196
123,7767,0.2077471184
123,7768,0.1204160171
123,7769,-0.3261981207
123,7770,0.2323875831
123,7771,0.2209912527
123,7772,0.2162839773
123,7773,0.3452278822
123,7774,-0.5836979037
123,7775,1.1507385546
123,7776,-0.4166608057
123,7777,-0.5277116199
123,7778,-0.6846257776
123,7779,0.7203617490
123,7780,-0.0855615992
123,7781,0.0908337304
123,7782,0.1698928161
123,7783,0.1776241852
123,7784,0.0301469914
123,7785,-0.0619141971
123,7786,-0.0792951125
123,7787,0.3832085262
123,7788,0.3649767347
123,7789,-0.0361679163
123,7790,0.3693067339
123,7791,-0.0575538213
123,7792,0.2657175906
123,7793,-0.6948651893
123,7794,0.9855167815
123,7795,0.5518160022
123,7796,0.5224021603
123,7797,-0.0406029168
123,7798,0.3566943793
123,7799,-0.1731413738
123,7800,0.0332638843
123,7801,-0.3539739689
123,7802,-0.1297072320
123,7803,0.7486429027
123,7804,-0.5172472382
123,7805,0.1501336135
123,7806,-0.0632464757
123,7807,0.4765381120
123,7808,-0.1061613001
123,7809,0.6079084657
123,7810,-0.2836773731
123,7811,-0.2395839179
123,7812,0.0848083409
123,7813,0.1451318414
123,7814,-0.0778179392
123,7815,0.6568474691
123,7816,0.1538644326
123,7817,-1.0175650320
123,7818,-0.1873349048
123,7819,-0.3061072716
123,7820,-0.0826504840
123,7821,-0.1826467199
123,7822,0.0782291688
123,7823,0.2712468929
123,7824,0.4637677863
123,7825,1.4674355017
123,7826,-0.8116622653
123,7827,-0.5147794507
123,7828,-0.5574068543
123,7829,0.9542194672
123,7830,-0.2450972734
123,7831,-0.0128950029
123,7832,0.2136523291
123,7833,-0.6153551332
123,7834,0.3379356255
123,7835,0.2448919152
123,7836,-0.5607276733
123,7837,-0.7915984146
123,7838,-0.1316349528
123,7839,-0.0960181120
123,7840,-0.9099802187
123,7841,0.4017245287
123,7842,0.3089825370
123,7843,-0.4554447191
123,7844,-0.3510646635
123,7845,0.2479924535
123,7846,-1.0470065097
123,7847,0.2886653477
123,7848,0.7106275554
123,7849,-0.4638038124
123,7850,0.5451171782
123,7851,0.2254444124
123,7852,0.4274322547
123,7853,0.1853303158
123,7854,-0.4829312703
123,7855,-0.3580131121
123,7856,0.7560327626
123,7857,-0.2857491433
123,7858,0.1841537134
123,7859,0.0244486373
123,7860,0.3815534322
123,7861,-0.3417665029
123,7862,0.2925479754
123,7863,-0.8993437056
123,7864,0.6866051060
123,7865,0.2943283690
123,7866,0.6277418984
123,7867,0.2138679021
123,7868,-0.3712435220
123,7869,0.7437349243
123,7870,0.2794463373
123,7871,-0.3662954621
123,7872,-0.4095084695
123,7873,-0.5231397614
123,7874,0.5745029925
123,7875,0.2551534193
123,7876,-0.7600516882
123,7877,-0.6824254282
123,7878,-0.7061837175
123,7879,-0.1963636133
123,7880,-0.2678321951
123,7881,0.8449575983
123,7882,0.4825584966
123,7883,-0.2160915475
123,7884,0.4249653043
123,7885,0.3363562497
123,7886,0.3150936214
123,7887,-0.1287653710
123,7888,0.1977216273
123,7889,-0.3565271558
123,7890,0.1533212787
123,7891,0.0677495460
123,7892,-1.0553627301
123,7893,0.1091104491
123,7894,-0.4970257689
123,7895,-0.2112208055
123,7896,-0.6259708550
123,7897,0.7850078385
123,7898,-0.5974948132
123,7899,0.6910526324
123,7900,0.1710071787
123,7901,-0.3560752038
123,7902,-0.5063873512
123,7903,0.5538134157
123,7904,-0.7864274654
123,7905,-0.3826781281
123,7906,0.3806708534
123,7907,-0.0448138331
123,7908,-0.2932980886
123,7909,0.5692902703
123,7910,0.0281190378
123,7911,-0.2572560251
123,7912,0.4467947653
123,7913,-0.0628054290
123,7914,0.6198113441
123,7915,-0.0273287631
123,7916,-0.1175735521
123,7917,-0.9587020907
123,7918,-0.5945850210
123,7919,-0.5518530970
123,7920,-0.4504468631
123,7921,0.3024721089
123,7922,0.6090867880
123,7923,-0.0618858849
123,7924,-0.5840058978
123,7925,-0.3641993785
123,7926,0.2546085763
123,7927,0.7469643912
123,7928,-0.3236924893
123,7929,0.7659166225
123,7930,0.5363964301
123,7931,0.0328323889
123,7932,0.4119535315
123,7933,-0.0846612150
123,7934,-0.8615741481
123,7935,0.9993937394
123,7936,0.2082945240
123,7937,-0.1149027733
123,7938,-0.8546343626
123,7939,0.5444199000
123,7940,0.3258479582
123,7941,-0.6188937786
123,7942,-0.0999045028
123,7943,0.2891755048
123,7944,0.0814712206
123,7945,1.2637213614
123,7946,0.8211066753
123,7947,0.8724369276
123,7948,-0.8459354622
123,7949,0.3797262864
123,7950,-0.9463155851
123,7951,0.0963985785
123,7952,0.1556463393
123,7953,0.0771281612
123,7954,-0.2754419362
123,7955,0.0258893808
123,7956,-0.0263817973
123,7957,0.3835858101
123,7958,0.0430619461
123,7959,-0.8069632958
123,7960,0.7076791425
123,7961,-0.2976396626
123,7962,-0.4975682360
123,7963,0.4652767033
123,7964,0.5339898339
123,7965,-0.5458092538
123,7966,0.3213286719
123,7967,-0.2499535705
123,7968,-0.3165994641
123,7969,0.2205505121
123,7970,0.0915959814
123,7971,0.5604116532
123,7972,-0.7784818449
123,7973,0.1093427057
123,7974,0.8689790163
123,7975,-0.6563413535
123,7976,-0.0701029801
123,7977,-0.8960527449
123,7978,0.6208798656
123,7979,-0.1732865487
123,7980,-0.1172351082
123,7981,-0.3517752377
123,7982,0.4181435437
123,7983,-0.0759105347
123,7984,-0.8479100341
123,7985,0.1789609188
123,7986,-0.1459455330
123,7987,-0.7522969953
123,7988,-0.3841289808
123,7989,-0.2611490922
123,7990,0.2995012635
123,7991,0.3367568160
123,7992,-0.0410121289
123,7993,-0.0206597973
123,7994,0.3304207208
123,7995,-0.0122533380
123,7996,-0.5550045384
123,7997,-0.3411825480
123,7998,-0.3816765974
123,7999,0.2867306579
123,8000,-0.3544563890
123,8001,0.3162454323
123,8002,-0.0891051252
123,8003,-0.8599992721
123,8004,0.8517124664
123,8005,0.5004534309
123,8006,0.7461792875
123,8007,1.0543926288
123,8008,-0.1056548371
123,8009,0.3277461576
123,8010,0.0166816854
123,8011,-0.4914245760
123,8012,-0.3848426020
123,8013,0.3590625414
123,8014,0.5550143386
123,8015,-0.0243037539
123,8016,-0.3787196817
123,8017,-0.4750610046
123,8018,0.2397663565
123,8019,-0.3552323802
123,8020,0.3155989850
123,8021,-0.1205642654
123,8022,0.3749385689
123,8023,-0.1488719964
123,8024,-1.1025548286
123,8025,0.0293618510
123,8026,0.6548808859
123,8027,0.1295243241
123,8028,-0.0999410450
123,8029,0.3002159192
123,8030,-0.0278219737
123,8031,-0.5046223770
123,8032,-0.5008334443
123,8033,1.0989287031
123,8034,-0.2974729276
123,8035,0.1795987408
123,8036,-0.1885395022
123,8037,0.1972289490
123,8038,0.3205254107
123,8039,0.2352435940
123,8040,-0.0307923203
123,8041,-0.8632323125
123,8042,0.1783003571
123,8043,0.0634985038
123,8044,0.6405137321
123,8045,-1.4203187843
123,8046,-0.2146080522
123,8047,0.4220067370
123,8048,-0.0335597796
123,8049,-0.4865422113
123,8050,-0.5598279793
123,8051,-1.2330476553
123,8052,-0.2400955267
123,8053,-0.0258186137
123,8054,-1.0521778910
123,8055,-0.1998092148
123,8056,0.0748376998
123,8057,0.5681556078
123,8058,-0.8597235083
123,8059,-0.3781009783
123,8060,-1.1199416711
123,8061,1.1197584159
123,8062,0.1225199152
123,8063,0.2637013659
123,8064,0.2768472328
123,8065,0.3047494749
123,8066,-0.0773919506
123,8067,-0.4396967102
123,8068,-0.6362247555
123,8069,0.1245951612
123,8070,-0.9703670384
123,8071,-0.0407940398
123,8072,-0.2697545949
123,8073,0.1064122153
123,8074,-0.3193567144
123,8075,0.0279063070
123,8076,-0.5154722838
123,8077,0.4661100416
123,8078,-0.0080710157
123,8079,0.1426533556
123,8080,-0.1073471355
123,8081,-0.1110161380
123,8082,0.1717191925
123,8083,0.1121222443
123,8084,0.9661238112
123,8085,-1.5357513378
123,8086,0.2027310073
123,8087,0.8441487514
123,8088,0.0440833913
123,8089,0.7108279485
123,8090,0.4209307388
123,8091,0.1376333111
123,8092,0.7058179050
123,8093,-0.8934144659
123,8094,0.5073553429
123,8095,0.4286343217
123,8096,0.5634451005
123,8097,0.2197639009
123,8098,0.4595128316
123,8099,-0.3861636397
123,8100,-0.7742110884
123,8101,0.1962031919
123,8102,0.1949617815
123,8103,-0.0600465775
123,8104,-0.5341930819
123,8105,0.1961631638
123,8106,-0.0203273492
123,8107,1.1485486700
123,8108,0.5989175356
123,8109,-0.7479822143
123,8110,-0.3108983462
123,8111,0.6667735869
123,8112,-0.4991227923
123,8113,0.3645260955
123,8114,0.5484498720
123,8115,-0.1988764504
123,8116,0.4981837506
123,8117,0.0318774166
123,8118,0.0621220687
123,8119,0.2245525765
123,8120,-0.1591271053
123,8121,-0.3260528876
123,8122,0.3450725518
123,8123,0.8475291593
123,8124,-0.2487398784
123,8125,-0.8216782134
123,8126,-0.6738071944
123,8127,-0.0479996068
123,8128,-0.2471184172
123,8129,0.0833761987
123,8130,-0.2196470552
123,8131,-0.6026101275
123,8132,-0.1049764586
123,8133,0.1998543402
123,8134,-0.1868697458
123,8135,-0.0156919462
123,8136,0.0433438127
123,8137,0.2259074409
123,8138,0.6981105574
123,8139,0.1844419808
123,8140,-0.0629762085
123,8141,0.1834128155
123,8142,0.4809923473
123,8143,-0.3225031728
123,8144,-0.1437863817
123,8145,0.1307394993
123,8146,-0.2292676611
123,8147,-0.2007125887
123,8148,0.4842387172
123,8149,-0.2906649654
123,8150,-0.4622382383
123,8151,0.2677962630
123,8152,0.6521452242
123,8153,-0.6107695102
123,8154,-0.5899526829
123,8155,0.0082496653
123,8156,-0.5797700731
123,8157,0.2797128159
123,8158,0.3936579950
123,8159,-0.0423880409
123,8160,0.5472728574
123,8161,0.7403477527
123,8162,-0.0857160004
123,8163,0.1304349542
123,8164,-0.6935726703
123,8165,-0.6816390189
123,8166,0.0371532618
123,8167,-1.3581412844
123,8168,0.4298502851
123,8169,1.1823673452
123,8170,-0.9438560532
123,8171,-0.6186075779
123,8172,0.1745062769
123,8173,0.4277666471
123,8174,-0.5270709522
123,8175,-0.5406906908
123,8176,0.3210707701
123,8177,-0.7034906790
123,8178,-0.0077321574
123,8179,-0.7129285346
123,8180,-0.5948092835
123,8181,-0.1015342936
123,8182,-0.3299458664
123,8183,-0.5816197654
123,8184,-0.0977716285
123,8185,-0.6229868745
123,8186,0.0383059453
123,8187,-0.2068997695
123,8188,0.1615538792
123,8189,0.8802564821
123,8190,1.0666640180
123,8191,0.6214030475
123,8192,-0.4204235422
123,8193,0.1243087823
123,8194,-0.7902185805
123,8195,0.4708111915
123,8196,-0.8965067493
123,8197,0.2991867106
123,8198,0.1071891984
123,8199,-0.3627274335
123,8200,0.6339515783
123,8201,0.1242878428
123,8202,-0.7178657956
123,8203,-0.1836930301
123,8204,0.0452768231
123,8205,-0.0449382653
123,8206,-0.3593717024
123,8207,0.4472927214
123,8208,0.3335235806
123,8209,0.5448915556
123,8210,-0.3969753230
123,8211,1.1743919009
123,8212,-0.4521686593
123,8213,-0.5453996250
123,8214,0.0458688450
123,8215,0.0561995336
123,8216,-0.0508400947
123,8217,-0.5987043692
123,8218,0.9548636440
123,8219,-0.6043053310
123,8220,-0.7227688440
123,8221,-0.6389481811
123,8222,-0.2193557625
123,8223,-0.2092717426
123,8224,-0.0692240188
123,8225,-0.4615310123
123,8226,0.2204002288
123,8227,-0.7507077963
123,8228,0.2709571715
123,8229,-0.2206375526
123,8230,-0.2433798602
123,8231,-0.0513599387
123,8232,0.5026995377
123,8233,-0.3215655487
123,8234,0.1645848214
123,8235,0.3373604833
123,8236,0.5135873494
123,8237,-0.2408484077
123,8238,0.6113336320
123,8239,-0.0763886395
123,8240,0.3747512089
123,8241,-0.2665184947
123,8242,-0.2843338060
123,8243,-0.0903706236
123,8244,0.2664592431
123,8245,-0.6786975305
123,8246,-0.0775779370
123,8247,0.6599897813
123,8248,-0.2116149084
123,8249,0.1629174406
123,8250,0.4052646676
123,8251,-0.0016233910
123,8252,-0.6083028267
123,8253,0.2859829295
123,8254,-0.1464191236
123,8255,0.8221974203
123,8256,-0.3948168214
123,8257,-0.4718721099
123,8258,-0.5630542364
123,8259,-0.7690947366
123,8260,0.3914847549
123,8261,-1.0001724244
123,8262,0.6138341392
123,8263,-0.2180923867
123,8264,-0.2570707983
123,8265,-0.1380030999
123,8266,-0.8515651604
123,8267,0.4223738228
123,8268,0.1452293964
123,8269,-0.4348110748
123,8270,0.8212438511
123,8271,0.4843922912
123,8272,-0.7076028466
123,8273,0.4236809086
123,8274,0.2381967104
123,8275,-0.4696265684
123,8276,0.4197504156
123,8277,0.0368033476
123,8278,-0.3667555493
123,8279,-0.5825914338
123,8280,0.1794732607
123,8281,0.6656973286
123,8282,-0.3343949525
123,8283,-0.0030840933
123,8284,-0.5593151625
123,8285,0.3734900154
123,8286,-0.1915675948
123,8287,0.1730291482
123,8288,-0.2780556109
123,8289,0.0368375434
123,8290,0.7805892325
123,8291,0.5517148416
123,8292,0.3349376353
123,8293,0.1466289050
123,8294,-0.3246224141
123,8295,0.1344534725
123,8296,-0.5844356574
123,8297,0.4809034378
123,8298,-0.1982691561
123,8299,0.7256579912
123,8300,0.0450934604
123,8301,0.1666960185
123,8302,0.1482614259
123,8303,-0.4704057359
123,8304,0.4148022963
123,8305,0.0730164635
123,8306,0.6663799055
123,8307,-0.4109012982
123,8308,0.0147191085
123,8309,-0.5903498932
123,8310,0.0611240279
123,8311,0.6963333914
123,8312,0.2982327874
123,8313,-0.0648157840
123,8314,-0.4881663886
123,8315,-0.0932917107
123,8316,-0.1296365995
123,8317,-0.7622630031
123,8318,-0.3163541762
123,8319,0.7055427022
123,8320,-0.0837201687
123,8321,-0.4845365473
123,8322,-1.1024240023
123,8323,-0.1828024698
123,8324,0.1702186761
123,8325,-0.0417422775
123,8326,-0.5248429817
123,8327,0.0944989987
123,8328,-0.2341842447
123,8329,0.0498085195
123,8330,0.4854177838
123,8331,-0.1760266922
123,8332,0.0242854111
123,8333,-0.0411984078
123,8334,-0.5116193699
123,8335,-0.3093143479
123,8336,0.1518465231
123,8337,0.5592305777
123,8338,-0.3804261310
123,8339,0.3563296443
123,8340,0.8951581740
123,8341,-0.2168579577
123,8342,-0.7294100168
123,8343,-0.1907229246
123,8344,-0.1614622260
123,8345,-0.1363087998
123,8346,0.4730734492
123,8347,-0.4006173516
123,8348,0.3373184489
123,8349,0.0782583815
123,8350,-0.1555423523
123,8351,0.9377651678
123,8352,0.3910425415
123,8353,-0.6838977345
123,8354,0.8567416686
123,8355,0.8221496068
123,8356,0.6874623299
123,8357,-0.2418884512
123,8358,0.2113244200
123,8359,-0.2116447307
123,8360,0.7839181141
123,8361,0.4075766924
123,8362,-0.3686055918
123,8363,-0.6726233615
123,8364,1.2370087043
123,8365,-0.2428433791
123,8366,0.0740240676
123,8367,-0.2540897439
123,8368,0.4379276170
123,8369,-0.0436782352
123,8370,0.1453364681
123,8371,-0.2539397752
123,8372,-0.5784418639
123,8373,-0.3813869070
123,8374,-0.0788754974
123,8375,-1.2933235388
123,8376,-0.4637790738
123,8377,-0.7173838223
123,8378,0.0283935844
123,8379,-0.2417937229
123,8380,-0.8594410493
123,8381,-0.3852678900
123,8382,0.5785176385
123,8383,0.1555900298
123,8384,-0.6533026778
123,8385,0.4596441205
123,8386,0.2811404110
123,8387,-0.4470717003
123,8388,0.1119997544
123,8389,0.3243321635
123,8390,-0.1325079501
123,8391,0.2622025790
123,8392,0.9078341212
123,8393,-1.0813946753
123,8394,-1.1387790852
123,8395,0.5322162690
123,8396,-0.7387945128
123,8397,0.5624436139
123,8398,0.5057214299
123,8399,-0.5942870652
123,8400,0.1417781720
123,8401,-0.2754564911
123,8402,0.4164449944
123,8403,-0.3433564202
123,8404,-1.3166575374
123,8405,-0.5847216343
123,8406,-1.0684056601
123,8407,0.4734980877
123,8408,1.9343462466
123,8409,-0.1973682201
123,8410,-0.9590423477
123,8411,-0.1737103702
123,8412,0.8066139963
123,8413,-0.4045413475
123,8414,-0.8571500457
123,8415,-0.0921731371
123,8416,0.3234058232
123,8417,-1.3884339157
123,8418,0.1918480388
123,8419,-0.4438228619
123,8420,0.8412561025
123,8421,-0.0431162048
123,8422,-0.2838487374
123,8423,-0.5394284801
123,8424,-0.0123835740
123,8425,0.1671708999
123,8426,-0.2132731605
123,8427,-0.1375799039
123,8428,1.2384766984
123,8429,1.3955175460
123,8430,-0.1757175603
123,8431,0.0085339552
123,8432,-0.3732272880
123,8433,0.9319206153
123,8434,-0.1057097083
123,8435,0.2873195207
123,8436,1.0228473700
123,8437,0.2624541454
123,8438,-0.8357077907
123,8439,0.4708658288
123,8440,-0.5006390819
123,8441,-0.1047847751
123,8442,0.0396664582
123,8443,0.4257076694
123,8444,-0.0991205828
123,8445,-0.4695379839
123,8446,-0.2761421172
123,8447,-0.0177021985
123,8448,-0.4664645746
123,8449,-0.6875833950
123,8450,0.1295663376
123,8451,-0.7471283268
123,8452,-0.2867131531
123,8453,0.6485524535
123,8454,-0.2988332931
123,8455,0.8701603676
123,8456,0.0186436273
123,8457,-0.0702003180
123,8458,-0.1245874446
123,8459,-0.7494223540
123,8460,-0.3302268640
123,8461,0.2825633820
123,8462,0.0135368317
123,8463,1.1857238025
123,8464,-0.7018191028
123,8465,0.4215906158
123,8466,-0.8568099437
123,8467,1.1142963142
123,8468,-0.1329906146
123,8469,0.5781665528
123,8470,-0.7660966477
123,8471,0.7966905035
123,8472,-0.6405573148
123,8473,0.6016881307
123,8474,-0.4016340699
123,8475,-0.5854212477
123,8476,-0.2325149077
123,8477,0.7307279817
123,8478,0.2333164368
123,8479,0.1971157934
123,8480,-0.4705279189
123,8481,-1.1360700230
123,8482,-0.6075102541
123,8483,0.0756796239
123,8484,0.1266367466
123,8485,0.0964974250
123,8486,-0.1008769576
123,8487,0.5404605866
123,8488,-0.3629052475
123,8489,0.1337839435
123,8490,0.4002383602
123,8491,0.6605780853
123,8492,-0.2761344931
123,8493,-0.8381622625
123,8494,-0.0154905601
123,8495,0.7927947560
123,8496,0.1479777163
123,8497,1.1068058825
123,8498,0.7721332280
123,8499,-0.7275678269
123,8500,0.3637190686
123,8501,-0.5149422974
123,8502,-0.1157582779
123,8503,0.2356342736
123,8504,0.8385209699
123,8505,-0.1744294768
123,8506,0.3651350997
123,8507,0.7313675693
123,8508,0.3790857256
123,8509,0.0751740025
123,8510,0.1931528434
123,8511,-0.6132197300
123,8512,0.2383591492
123,8513,0.6621901474
123,8514,-0.4314900503
123,8515,-0.6308638725
123,8516,-0.5789808796
123,8517,0.8296956055
123,8518,0.1402751004
123,8519,-0.1084551676
123,8520,0.0255041685
123,8521,0.2971595357
123,8522,-0.3753950541
123,8523,-0.3874110753
123,8524,0.6592542583
123,8525,0.2775541429
123,8526,-0.1592396088
123,8527,-0.2150337838
123,8528,0.2537682819
123,8529,-0.7423826532
123,8530,0.0142203219
123,8531,0.4270746078
123,8532,0.0908286932
123,8533,-0.1941961242
123,8534,-1.0581511042
123,8535,0.2389514157
123,8536,-0.0933125211
123,8537,-0.1481975022
123,8538,-0.6763608587
123,8539,-0.8963022993
123,8540,-0.5456689859
123,8541,0.1650876565
123,8542,0.5392010424
123,8543,0.8011960566
123,8544,0.5454794073
123,8545,-0.0098622566
123,8546,0.3027196424
123,8547,-1.2646580999
123,8548,0.2181743445
123,8549,0.1421299927
123,8550,0.2962467595
123,8551,0.4271230076
123,8552,-0.4093380517
123,8553,0.1619390357
123,8554,-0.7406785346
123,8555,0.9992765046
123,8556,-0.4798607125
123,8557,0.1533186675
123,8558,-0.2519710460
123,8559,0.0345031283
123,8560,0.2667841305
123,8561,-0.4142073295
123,8562,-0.7655775333
123,8563,0.6703973318
123,8564,0.3695047166
123,8565,0.3838818355
123,8566,-0.5544465978
123,8567,-0.9285574633
123,8568,-0.4255387963
123,8569,-0.3353252637
123,8570,-0.5544456772
123,8571,0.3777072446
123,8572,0.4561029943
123,8573,-0.1394097067
123,8574,1.1548935192
123,8575,0.3456138542
123,8576,-1.0209758556
123,8577,0.4364862369
123,8578,0.3923223274
123,8579,0.0073079299
123,8580,-0.1859018706
123,8581,0.1651959079
123,8582,0.2238668791
123,8583,-0.6274998243
123,8584,-0.8022580204
123,8585,1.2092225361
123,8586,-0.2859955279
123,8587,0.6098044493
123,8588,-0.1604215282
123,8589,-0.0039250009
123,8590,0.0073564063
123,8591,0.5190217007
123,8592,0.2299202542
123,8593,-0.7317374671
123,8594,0.1819327079
123,8595,-0.0624714635
123,8596,-0.1481034685
123,8597,-0.3872694106
123,8598,0.0045669494
123,8599,-0.9358688036
123,8600,-0.6229677595
123,8601,-0.3186818012
123,8602,-0.2494165292
123,8603,-0.2502414766
123,8604,0.6191773285
123,8605,-0.7276620188
123,8606,-0.5017066132
123,8607,-0.6757889858
123,8608,0.1554419243
123,8609,-0.0336593749
123,8610,-0.2016992830
123,8611,-0.3987415473
123,8612,-0.2052531802
123,8613,0.2132705705
123,8614,0.5742752606
123,8615,-0.2572685142
123,8616,0.0490920929
123,8617,-0.2193827440
123,8618,-0.4898333434
123,8619,-0.9635247286
123,8620,0.8081837424
123,8621,-0.2721263526
123,8622,-0.6131652890
123,8623,0.6634348471
123,8624,-1.2460412733
123,8625,0.7126045265
123,8626,0.4647173670
123,8627,0.9115243792
123,8628,0.3730510653
123,8629,0.5262076329
123,8630,0.3941436301
123,8631,0.1761477299
123,8632,-0.2876028607
123,8633,-0.3036011042
123,8634,0.2521246282
123,8635,0.1719939209
123,8636,0.3690604275
123,8637,0.3484483464
123,8638,-0.3179765641
123,8639,0.0164765374
123,8640,0.3158439944
123,8641,-0.0667316860
123,8642,0.1859958585
123,8643,-0.6430722069
123,8644,0.7678902404
123,8645,0.8187469811
123,8646,-0.2639659565
123,8647,-0.1051805297
123,8648,-0.5132729903
123,8649,0.1933884307
123,8650,-0.1969055539
123,8651,0.2137391752
123,8652,-0.8140620652
123,8653,0.3253500078
123,8654,-0.3934945817
123,8655,0.2557678007
123,8656,-0.7331234257
123,8657,0.6828245078
123,8658,-0.7712659930
123,8659,-0.5117431066
123,8660,-0.2412408094
123,8661,-0.6020312076
123,8662,0.7529589651
123,8663,0.6037535808
123,8664,-0.1763041038
123,8665,-1.0099374879
123,8666,-0.0159794980
123,8667,-0.1895214081
123,8668,-0.1466003965
123,8669,0.8456519111
123,8670,0.0207923783
123,8671,0.8422079619
123,8672,-0.0427851825
123,8673,-0.0114528107
123,8674,-0.9071262337
123,8675,-0.8786806566
123,8676,0.2949182606
123,8677,-0.1333002168
123,8678,0.3045723211
123,8679,0.5064272433
123,8680,-0.3795967338
123,8681,0.1222760614
123,8682,0.3573156491
123,8683,-1.2575497074
123,8684,0.3480347567
123,8685,-1.0787279321
123,8686,0.5275001440
123,8687,-0.7069910836
123,8688,0.1640619608
123,8689,0.5181296741
123,8690,0.3694174933
123,8691,0.2749104069
123,8692,0.3459434908
123,8693,0.0287404298
123,8694,-0.1336436038
123,8695,0.4340658149
123,8696,1.3538263618
123,8697,0.3386296585
123,8698,-0.4515030148
123,8699,-0.1719954167
123,8700,0.2234488721
123,8701,-0.3991760789
123,8702,0.4546504875
123,8703,0.5988326089
123,8704,-0.4430149391
123,8705,-0.1366247519
123,8706,-0.2160539374
123,8707,-0.7345755898
123,8708,0.0941113037
123,8709,0.5608479376
123,8710,0.1668353934
123,8711,-0.2194112976
123,8712,0.7884213242
123,8713,0.5319025211
123,8714,0.3797637260
123,8715,0.2498559568
123,8716,-0.4021176362
123,8717,0.8527293630
123,8718,-1.0451945777
123,8719,-0.5601518471
123,8720,-0.0567320204
123,8721,0.5449059779
123,8722,0.2199871222
123,8723,-0.1792250167
123,8724,-0.3759939862
123,8725,-0.0381923369
123,8726,0.3391523302
123,8727,-0.4581785058
123,8728,0.4714765966
123,8729,0.3732871077
123,8730,0.5343410675
123,8731,0.2755411141
123,8732,1.4365871491
123,8733,-0.0535678606
123,8734,0.3108699904
123,8735,-0.1337287289
123,8736,-0.9815646552
123,8737,0.5871051784
123,8738,0.9602470677
123,8739,-0.2694646353
123,8740,-0.5168280591
123,8741,0.3490928618
123,8742,0.1945149573
123,8743,0.2317796863
123,8744,-0.3667129921
123,8745,-0.7573572191
123,8746,0.2375667939
123,8747,-0.9205376758
123,8748,0.4150293073
123,8749,1.1756364439
123,8750,0.5285362055
123,8751,-0.1430652867
123,8752,-0.3443355173
123,8753,0.2859591014
123,8754,-0.1946324043
123,8755,-0.0158409589
123,8756,-0.1983400065
123,8757,0.2720268423
123,8758,-0.4257908588
123,8759,0.8589287854
123,8760,-0.1735042070
123,8761,0.1762147052
123,8762,-0.4958323971
123,8763,-0.2307912602
123,8764,-0.2917676068
123,8765,-0.2043326248
123,8766,-0.2446796745
123,8767,-0.0127831624
123,8768,-0.4360507544
123,8769,0.2448720358
123,8770,0.0710895011
123,8771,1.0410420078
123,8772,-0.3326262479
123,8773,0.0256379749
123,8774,0.2684691180
123,8775,-0.6995923796
123,8776,-0.5919771861
123,8777,-0.1257022459
123,8778,0.2665299212
123,8779,-0.0118215046
123,8780,0.0046904660
123,8781,-0.3075433688
123,8782,0.8583650202
123,8783,-1.5009927708
123,8784,0.7350778859
123,8785,-0.0483343293
123,8786,0.1135512808
123,8787,-0.3775875577
123,8788,-0.3486557929
123,8789,0.1595265047
123,8790,0.3073546459
123,8791,0.6616469097
123,8792,0.0044140055
123,8793,-0.8117499308
123,8794,-0.4331283546
123,8795,1.2435163796
123,8796,0.4138407684
123,8797,0.1856866222
123,8798,-0.5325893583
123,8799,-0.5286602087
123,8800,0.2110486915
123,8801,-0.9699547365
123,8802,-0.4265435058
123,8803,-0.1443493621
123,8804,0.7599484473
123,8805,-0.1887227398
123,8806,-0.7965174601
123,8807,-0.5046127284
123,8808,-0.3319909870
123,8809,0.4479157300
123,8810,-0.1259057913
123,8811,-0.2787135213
123,8812,-0.4008847415
123,8813,-0.1658600924
123,8814,0.2548473485
123,8815,0.1282304918
123,8816,0.1190244495
123,8817,0.4415126548
123,8818,-0.6990256823
123,8819,-0.0848058570
123,8820,-1.1043504374
123,8821,-0.5998004070
123,8822,0.1214376314
123,8823,0.8398349720
123,8824,0.0022994569
123,8825,-0.1567406778
123,8826,0.2301965395
123,8827,0.5299237955
123,8828,0.2634884146
123,8829,-1.1614993026
123,8830,0.7929376869
123,8831,0.2078755937
123,8832,0.3471546303
123,8833,-0.4147397188
123,8834,0.9600817181
123,8835,0.7182763771
123,8836,-0.5770053883
123,8837,-1.4859862953
123,8838,-0.8585297405
123,8839,0.3842025180
123,8840,-0.3032620051
123,8841,0.1260411249
123,8842,-0.5786246934
123,8843,-0.3148256961
123,8844,0.5288357138
123,8845,-0.0988341711
123,8846,0.8546415175
123,8847,0.0993806794
123,8848,-0.3627988510
123,8849,0.1994452838
123,8850,-0.2759252342
123,8851,-0.1492504844
123,8852,0.0447017176
123,8853,0.1161655184
123,8854,-0.2252889626
123,8855,0.0914790490
123,8856,-0.3492372454
123,8857,0.0495872316
123,8858,1.2584663321
123,8859,0.1853070091
123,8860,-0.8795698047
123,8861,-0.1029655829
123,8862,0.3913366637
123,8863,-0.1352649654
123,8864,0.0109439830
123,8865,0.8106340061
123,8866,0.0574131520
123,8867,-0.2757899353
123,8868,-0.4822792592
123,8869,-0.0490464767
123,8870,-0.3231613078
123,8871,0.7140399349
123,8872,-0.0829862308
123,8873,-0.7490704361
123,8874,0.7290389756
123,8875,-0.1358917584
123,8876,-0.8122909833
123,8877,-0.1712416751
123,8878,-0.7817018394
123,8879,0.5905946135
123,8880,0.0167453297
123,8881,-0.0387957924
123,8882,-0.1273462402
123,8883,0.7575847792
123,8884,-0.0334191478
123,8885,0.0281070021
123,8886,-0.5441609721
123,8887,-1.0849833450
123,8888,0.1133827401
123,8889,-0.9366671172
123,8890,0.2680667030
123,8891,0.2582067326
123,8892,0.0536527101
123,8893,0.1225885455
123,8894,0.7499657583
123,8895,-0.9403416912
123,8896,-1.3081291822
123,8897,-0.6343087999
123,8898,0.4159066774
123,8899,0.1031722579
123,8900,0.7041054156
123,8901,0.0882510619
123,8902,0.5037610419
123,8903,0.2087628069
123,8904,0.9243077426
123,8905,0.0403516634
123,8906,-0.3554367392
123,8907,0.3008190945
123,8908,0.3583894245
123,8909,0.3084635929
123,8910,-0.8606777300
123,8911,0.1048324932
123,8912,-0.7219927758
123,8913,-0.3160941037
123,8914,0.3497702864
123,8915,0.4043299204
123,8916,-0.5386288837
123,8917,0.7141975545
123,8918,-0.0733535576
123,8919,-0.1570977349
123,8920,0.0147033798
123,8921,0.1529551656
123,8922,-0.3339981329
123,8923,-0.2349399937
123,8924,0.4674069940
123,8925,-0.5862330117
123,8926,-0.6099405077
123,8927,-1.0684700285
123,8928,0.2241864395
123,8929,-0.5874467991
123,8930,0.3188057340
123,8931,-0.5859937615
123,8932,-0.2136156944
123,8933,0.3051197536
123,8934,-1.0091197479
123,8935,-0.4619384999
123,8936,-0.1195074586
123,8937,-0.5709186990
123,8938,-0.6695705773
123,8939,1.1278657120
123,8940,-0.0339226592
123,8941,-0.5092733083
123,8942,0.5952373969
123,8943,-0.1317129000
123,8944,-0.8070213573
123,8945,-1.2091512002
123,8946,-0.2582967924
123,8947,-0.2745287732
123,8948,-1.7354539078
123,8949,1.0162980440
123,8950,-0.3112234183
123,8951,-0.7759101706
123,8952,-0.2962506608
123,8953,0.7158144807
123,8954,0.1196025892
123,8955,-0.1685650532
123,8956,-0.1006394613
123,8957,-0.4294040217
123,8958,-0.1560761060
123,8959,-0.6066457475
123,8960,-0.3251830473
123,8961,0.5948336673
123,8962,1.1230533914
123,8963,0.4944974915
123,8964,-0.2497015471
123,8965,-0.8436751715
123,8966,-0.2994185127
123,8967,-0.5807200316
123,8968,-0.7605642730
123,8969,0.6832584560
123,8970,0.2562607689
123,8971,0.7181591539
123,8972,-0.6813879239
123,8973,0.1489597021
123,8974,0.4237615519
123,8975,-0.2253546338
123,8976,-0.3220853919
123,8977,-0.0507691588
123,8978,-0.0912936691
123,8979,0.0379999161
123,8980,-1.0920582374
123,8981,0.4072334047
123,8982,0.3707729683
123,8983,-0.1270606551
123,8984,0.0799626981
123,8985,-0.4611637394
123,8986,-0.2986618361
123,8987,0.0962801903
123,8988,-0.4118413050
123,8989,-0.8186009888
123,8990,0.7645558692
123,8991,1.0956404486
123,8992,-0.9381864501
123,8993,0.2172231223
123,8994,-0.3794160039
123,8995,0.3408465049
123,8996,0.8529767798
123,8997,-0.2956447430
123,8998,1.0006775193
123,8999,0.4802662810
123,9000,-0.0235822888
123,9001,0.3406485492
123,9002,-0.5801155412
123,9003,0.0354620440
123,9004,0.8368264167
123,9005,-0.4798196693
123,9006,0.0735777642
123,9007,0.6960061684
123,9008,-1.2701549884
123,9009,0.1529644084
123,9010,-0.3195895507
123,9011,0.3346159499
123,9012,0.1936119789
123,9013,-0.6051817283
123,9014,-0.5807090720
123,9015,-0.5776943574
123,9016,0.3576539992
123,9017,0.1723251265
123,9018,0.0498274205
123,9019,-1.0648562120
123,9020,0.4593403801
123,9021,-0.4609838190
123,9022,0.3450882824
123,9023,-0.1404833977
123,9024,0.0286329795
123,9025,-0.2475412320
123,9026,0.1852469586
123,9027,0.2936941871
123,9028,1.4086936603
123,9029,0.4901784143
123,9030,0.5864888271
123,9031,0.4764255632
123,9032,-0.0335658463
123,9033,-0.1370506035
123,9034,0.1953399576
123,9035,0.1025674003
123,9036,0.8525224154
123,9037,-0.1649235800
123,9038,-0.4850702918
123,9039,-0.6641988874
123,9040,0.4929006038
123,9041,0.2655084725
123,9042,-0.8177025364
123,9043,-0.1009724899
123,9044,0.9155176985
123,9045,-0.3781737892
123,9046,-0.3582654551
123,9047,-0.3678643122
123,9048,0.5548232830
123,9049,-0.1101708207
123,9050,1.0882872164
123,9051,-0.4803723025
123,9052,0.4824717325
123,9053,-0.9176249131
123,9054,-0.8011597560
123,9055,0.0290149258
123,9056,0.8599329122
123,9057,0.3752531932
123,9058,-0.9603274002
123,9059,-0.7767498983
123,9060,-0.8519481413
123,9061,0.5448491541
123,9062,-0.6032227606
123,9063,0.4514460504
123,9064,1.0982245685
123,9065,0.6530793225
123,9066,-0.4751215808
123,9067,-0.8748452378
123,9068,0.2615205138
123,9069,-0.3107247425
123,9070,0.3719069856
123,9071,0.0539801137
123,9072,0.1013796220
123,9073,-0.7059899874
123,9074,0.3476718735
123,9075,0.5135784118
123,9076,-0.5029284270
123,9077,0.2874331779
123,9078,-0.2744544696
123,9079,-1.0637462178
123,9080,-0.4035316133
123,9081,0.1285565779
123,9082,-0.7930360319
123,9083,-0.1444754329
123,9084,0.3658188080
123,9085,0.1933720864
123,9086,-0.4755660298
123,9087,0.3481397436
123,9088,0.0293425086
123,9089,0.9974637144
123,9090,-0.0780530024
123,9091,0.6227673366
123,9092,-0.3239469897
123,9093,0.4666096772
123,9094,0.2188928582
123,9095,-0.1892195165
123,9096,-0.3437663031
123,9097,-0.5411485926
123,9098,-0.7937703557
123,9099,-0.8654538659
123,9100,0.6985674853
123,9101,-0.9307005699
123,9102,-0.3594787143
123,9103,0.1133909422
123,9104,1.0380246329
123,9105,0.3276411687
123,9106,0.1237475533
123,9107,-0.1146754705
123,9108,0.3859955470
123,9109,0.0375190089
123,9110,-0.3112776653
123,9111,0.4349655242
123,9112,-0.0525236360
123,9113,0.1937324085
123,9114,-0.0987257538
123,9115,0.9616636413
123,9116,0.0637772808
123,9117,0.9554711079
123,9118,0.0802480400
123,9119,-0.7044188135
123,9120,-0.8757618925
123,9121,0.4966507736
123,9122,-0.7085121364
123,9123,0.5064128463
123,9124,0.3265038292
123,9125,0.9482886497
123,9126,-0.5168394994
123,9127,-0.0670647620
123,9128,-0.3004540819
123,9129,-0.0718843794
123,9130,-0.3585288987
123,9131,-0.0831405772
123,9132,-0.9342976854
123,9133,-0.4046704370
123,9134,-0.1761518791
123,9135,1.0523446748
123,9136,-0.2000796271
123,9137,0.0795484655
123,9138,0.7098296545
123,9139,-0.3058158285
123,9140,-0.0450584226
123,9141,0.7176547704
123,9142,-0.0614263542
123,9143,0.8823487675
123,9144,0.5127900324
123,9145,0.0997860037
123,9146,-0.1888570037
123,9147,0.1763017722
123,9148,0.8337737929
123,9149,0.3376403786
123,9150,-0.8734412427
123,9151,-0.7929273162
123,9152,1.0147187583
123,9153,0.1807264561
123,9154,0.8424641160
123,9155,-0.2653101334
123,9156,-0.5685751150
123,9157,-0.6033732120
123,9158,-0.4272004252
123,9159,-0.7464537549
123,9160,0.0693335739
123,9161,-0.4726283027
123,9162,0.1853683075
123,9163,-1.2979667264
123,9164,0.5846556583
123,9165,-1.1757011708
123,9166,-1.1426817395
123,9167,0.4334828441
123,9168,-0.5211687978
123,9169,0.0869863527
123,9170,-0.0679041930
123,9171,-0.6699572111
123,9172,0.4717394438
123,9173,-0.3189894120
123,9174,-0.1156257626
123,9175,-0.0362648746
123,9176,-0.7503254399
123,9177,0.9780482754
123,9178,-0.5168338362
123,9179,-0.3202938593
123,9180,-0.3512616710
123,9181,-0.4590863491
123,9182,0.2356879834
123,9183,-0.6037739261
123,9184,-0.2212918701
123,9185,0.2494580830
123,9186,0.4060527863
123,9187,-0.2630997913
123,9188,0.4257599283
123,9189,0.6988836441
123,9190,-0.1696108517
123,9191,0.1825252987
123,9192,0.2097818365
123,9193,-0.1307231762
123,9194,0.1213030723
123,9195,-0.7961459796
123,9196,0.1604445565
123,9197,-1.4875038568
123,9198,1.0358562226
123,9199,-0.2265240148
123,9200,0.3773224014
123,9201,-0.6936265036
123,9202,-0.6344086170
123,9203,-1.1969378910
123,9204,-0.9751269736
123,9205,0.8989167309
123,9206,-0.8276686441
123,9207,0.0525190692
123,9208,0.4281155833
123,9209,-0.5105170670
123,9210,-0.2904029277
123,9211,-0.6551772113
123,9212,0.6137245001
123,9213,0.4935477602
123,9214,-0.1442312735
123,9215,-0.8705984218
123,9216,0.4234092003
123,9217,1.1011970526
123,9218,0.1581162651
123,9219,0.7458190690
123,9220,0.1208703939
123,9221,-0.2089089533
123,9222,-0.7195247657
123,9223,0.4351847040
123,9224,0.2759470802
123,9225,0.5513134108
123,9226,0.0822478620
123,9227,-0.2758401762
123,9228,0.0937282207
123,9229,-1.0577080161
123,9230,1.1214586140
123,9231,-0.1439377848
123,9232,-0.8625588897
123,9233,-0.6430031394
123,9234,0.0985650519
123,9235,-0.3087418577
123,9236,-0.4488728857
123,9237,0.2073339751
123,9238,0.4436282426
123,9239,0.3772233704
123,9240,-0.5300362536
123,9241,-0.4190613449
123,9242,-0.8521114775
123,9243,-0.1383683005
123,9244,-0.0087635801
123,9245,0.0053228921
123,9246,-0.0365897472
123,9247,-0.4146962523
123,9248,-0.2616395248
123,9249,0.0308394978
123,9250,0.7093031522
123,9251,0.6505124365
123,9252,0.3987405140
123,9253,0.3990382976
123,9254,1.2117737858
123,9255,-0.2155087268
123,9256,-0.4108489069
123,9257,-0.0691171439
123,9258,0.1046184335
123,9259,0.2825026394
123,9260,-0.1912045472
123,9261,0.5479764170
123,9262,0.0750063671
123,9263,0.3012753234
123,9264,-0.7868161058
123,9265,0.7230513470
123,9266,0.6197314270
123,9267,0.8792392989
123,9268,-0.1781416071
123,9269,0.7599396619
123,9270,-0.1538421445
123,9271,0.3711915787
123,9272,0.1163610029
123,9273,-0.1211581543
123,9274,1.3095100937
123,9275,-0.5792807739
123,9276,0.0765265747
123,9277,0.5398819944
123,9278,0.1467057958
123,9279,-0.6707112639
123,9280,0.9815502642
123,9281,0.1971477685
123,9282,1.0536751697
123,9283,-0.9252243809
123,9284,0.4898061311
123,9285,-0.3473117936
123,9286,0.1479407168
123,9287,0.1302116491
123,9288,0.2218453355
123,9289,0.1188444150
123,9290,-0.8648884111
123,9291,0.0994100938
123,9292,0.4368404074
123,9293,0.7475106125
123,9294,-0.7612389499
123,9295,0.6258866280
123,9296,0.4182512771
123,9297,-0.6179553761
123,9298,0.1315288967
123,9299,-0.2080507956
123,9300,-0.6288068676
123,9301,-0.8295328894
123,9302,0.2740599218
123,9303,0.4686373229
123,9304,-0.7359493171
123,9305,0.3164047186
123,9306,0.4825884845
123,9307,0.5144394790
123,9308,-0.5706218037
123,9309,0.0099238762
123,9310,0.7028916215
123,9311,0.7030544747
123,9312,0.6891336909
123,9313,0.1280953184
123,9314,-0.0820415843
123,9315,0.0374215068
123,9316,0.2171962884
123,9317,-0.1074204562
123,9318,-0.2799793333
123,9319,-0.4854344727
123,9320,0.0968635378
123,9321,0.6378393483
123,9322,0.8142780240
123,9323,0.1581794003
123,9324,-0.2629966245
123,9325,-0.1296174103
123,9326,-0.2675502746
123,9327,-0.5280973434
123,9328,-0.9629296541
123,9329,-0.6050636347
123,9330,-0.3973170241
123,9331,0.6261284446
123,9332,0.1255078923
123,9333,-0.3220026676
123,9334,0.4773005141
123,9335,0.2129455527
123,9336,-0.8125989891
123,9337,0.2068226252
123,9338,0.3235286470
123,9339,0.1175896232
123,9340,-0.4082001080
123,9341,-0.4533653672
123,9342,0.9059229432
123,9343,1.0926687848
123,9344,0.5810802524
123,9345,0.4880385847
123,9346,0.3736978822
123,9347,-0.1863543750
123,9348,-0.5314508818
123,9349,0.4083367856
123,9350,0.1861301169
123,9351,-0.6146753451
123,9352,-0.1200904288
123,9353,-0.9657608125
123,9354,-0.9243371118
123,9355,0.6469356555
123,9356,0.4266450623
123,9357,-0.2073969772
123,9358,0.6509192896
123,9359,-0.0538309370
123,9360,-0.4189944040
123,9361,-0.1000271737
123,9362,0.0930208045
123,9363,0.1976684092
123,9364,0.3271705208
123,9365,0.0040932559
123,9366,-0.2677728190
123,9367,-0.2581007142
123,9368,0.9892507887
123,9369,0.2939776626
123,9370,-0.7836968417
123,9371,0.4490613132
123,9372,0.0248794738
123,9373,-0.6074193581
123,9374,0.5961734547
123,9375,-0.0686138246
123,9376,-0.5838710156
123,9377,-0.3107582301
123,9378,-0.9755713578
123,9379,0.8787882564
123,9380,0.1256329190
123,9381,-0.2210690655
123,9382,-0.7467868773
123,9383,0.0580492437
123,9384,-1.4260393540
123,9385,-0.9761262048
123,9386,0.8726974233
123,9387,-0.6552175500
123,9388,0.5420709658
123,9389,0.8148741385
123,9390,0.3572606440
123,9391,0.2203427538
123,9392,0.1672629630
123,9393,0.0445206651
123,9394,-0.2695021229
123,9395,0.4504581485
123,9396,-0.2128469872
123,9397,-0.9612253523
123,9398,0.6800012927
123,9399,0.4937253710
123,9400,-0.1528692802
123,9401,-0.4739374508
123,9402,-0.0210183427
123,9403,-0.4226332241
123,9404,0.7889985809
123,9405,0.6000270676
123,9406,0.0898287804
123,9407,-0.0894835502
123,9408,0.2245914037
123,9409,0.4432264120
123,9410,0.2906526000
123,9411,0.2376572887
123,9412,-0.2589146981
123,9413,-0.0915120305
123,9414,0.2065848775
123,9415,0.4630684501
123,9416,0.6194603564
123,9417,-1.2989660917
123,9418,0.6086513728
123,9419,-0.2753868413
123,9420,-0.5464247752
123,9421,1.3235786959
123,9422,-0.2513271297
123,9423,-0.8371550549
123,9424,-0.1002585617
123,9425,0.8945501445
123,9426,-0.4748961172
123,9427,-0.1921131736
123,9428,-0.5324556909
123,9429,0.7143548957
123,9430,-0.0028784534
123,9431,-0.0829110886
123,9432,0.2391723331
123,9433,-0.1073560839
123,9434,-0.3627700860
123,9435,-0.0248408165
123,9436,0.4091335258
123,9437,0.0649752528
123,9438,0.5652431075
123,9439,-0.3172337389
123,9440,0.0479890640
123,9441,0.1406336578
123,9442,1.3774203834
123,9443,0.2109923071
123,9444,0.2871582098
123,9445,-0.5205071791
123,9446,0.0233982037
123,9447,-0.5304788093
123,9448,0.2718660012
123,9449,-0.2689339962
123,9450,-0.0340607781
123,9451,-0.7319249096
123,9452,1.3204007812
123,9453,0.1629523817
123,9454,0.1078055081
123,9455,0.0330582018
123,9456,-0.4097533001
123,9457,0.4964407424
123,9458,-0.8534826208
123,9459,-0.4340269295
123,9460,-0.7721365355
123,9461,-0.8871565237
123,9462,0.0579759188
123,9463,-0.3458267891
123,9464,0.0951258129
123,9465,0.0863748112
123,9466,-1.0250001978
123,9467,0.2582123523
123,9468,-0.1270512052
123,9469,-0.5460993953
123,9470,0.1657909671
123,9471,-0.4508725823
123,9472,-0.0369563325
123,9473,-0.5116618833
123,9474,0.2246490981
123,9475,-0.6693566960
123,9476,-0.0153413954
123,9477,-0.2380564278
123,9478,0.4224186916
123,9479,-0.4140907358
123,9480,-0.3568854436
123,9481,-0.1614021516
123,9482,0.4213701176
123,9483,-0.3499296724
123,9484,0.1940843450
123,9485,-0.4029653938
123,9486,0.2612618151
123,9487,-0.0785641482
123,9488,0.1007110247
123,9489,0.2367769863
123,9490,-0.3547008057
123,9491,-0.8967181197
123,9492,-0.2336026601
123,9493,1.2166934614
123,9494,-0.0966002212
123,9495,0.2416135794
123,9496,-0.8489365880
123,9497,-0.7977958434
123,9498,-0.9011192634
123,9499,-1.0252775673
123,9500,-0.9433998095
123,9501,-0.9227237495
123,9502,-0.0000706582
123,9503,-0.8716024619
123,9504,0.2054135159
123,9505,0.8030686192
123,9506,-0.2086821391
123,9507,0.5471470948
123,9508,-0.3591738604
123,9509,0.0228208157
123,9510,0.9003552917
123,9511,-0.0093952557
123,9512,0.0712407668
123,9513,1.3770326320
123,9514,0.9336947640
123,9515,0.2819583527
123,9516,-0.3057368842
123,9517,-0.2426113800
123,9518,0.1330611910
123,9519,-0.4935880002
123,9520,-0.0668857267
123,9521,0.8893717101
123,9522,-0.3092651032
123,9523,-0.6377858738
123,9524,0.3889859954
123,9525,0.6875519340
123,9526,0.4910698589
123,9527,0.4454963465
123,9528,0.2674159954
123,9529,-0.2676131482
123,9530,-0.2975334843
123,9531,-0.7627850067
123,9532,0.0826757516
123,9533,-0.1154575733
123,9534,-0.3349118201
123,9535,0.2737202299
123,9536,0.2584331684
123,9537,-0.3086300617
123,9538,-0.0168523207
123,9539,1.2310189278
123,9540,-0.0018176261
123,9541,-0.4389474403
123,9542,0.1607676422
123,9543,0.0399840702
123,9544,0.0880637093
123,9545,-0.7880657120
123,9546,-0.3204713820
123,9547,0.4715244371
123,9548,-0.0684602877
123,9549,0.4447573653
123,9550,-0.1420609113
123,9551,0.3397894409
123,9552,-1.2169024053
123,9553,0.4857019972
123,9554,-0.8491159318
123,9555,0.0847657203
123,9556,0.3835762930
123,9557,0.0435149762
123,9558,-0.2418616555
123,9559,0.3140688488
123,9560,0.0944471580
123,9561,1.0181060294
123,9562,0.0542589741
123,9563,0.5818283248
123,9564,-0.5026209612
123,9565,-0.9572304522
123,9566,-0.3777751684
123,9567,-0.5810900083
123,9568,0.6417060878
123,9569,0.5750970684
123,9570,-0.2446329804
123,9571,0.2337451021
123,9572,-0.1291450156
123,9573,-0.0306599220
123,9574,-0.0137136160
123,9575,0.9949387418
123,9576,0.2036857568
123,9577,0.9169704197
123,9578,0.1351329807
123,9579,-0.2776494921
123,9580,-0.5509052731
123,9581,-0.2858779198
123,9582,-0.9138131381
123,9583,1.2684564471
123,9584,-0.0781898671
123,9585,-1.1233430379
123,9586,-0.5727337574
123,9587,0.6491170296
123,9588,-0.8027993902
123,9589,-0.3105874169
123,9590,-0.4585389297
123,9591,-0.1089325756
123,9592,-0.5879721445
123,9593,-1.4639487224
123,9594,0.0476597249
123,9595,-0.1294555096
123,9596,0.0999345787
123,9597,-0.5340484710
123,9598,0.0818413424
123,9599,-0.5735475974
123,9600,0.9418902816
123,9601,0.6316495123
123,9602,0.1602641077
123,9603,0.5608818154
123,9604,-0.0563524831
123,9605,-0.0342331954
123,9606,0.0090930658
123,9607,-0.8902701585
123,9608,0.3620775773
123,9609,0.1603925900
123,9610,-0.9785787437
123,9611,-0.1578089840
123,9612,-0.4579384360
123,9613,0.5990375090
123,9614,-0.5277491807
123,9615,0.1641330469
123,9616,0.9120140642
123,9617,0.7912858158
123,9618,-0.3615074128
123,9619,-0.0254838834
123,9620,0.6302903267
123,9621,-0.1308728083
123,9622,0.2754350234
123,9623,-0.1415688769
123,9624,-0.0156129293
123,9625,-0.7350203566
123,9626,0.6528600620
123,9627,0.5382173467
123,9628,0.4630961276
123,9629,-0.4032892812
123,9630,0.4635091894
123,9631,0.0423927522
123,9632,0.3132632344
123,9633,-0.5555381887
123,9634,0.1410180595
123,9635,-0.3439055572
123,9636,0.1721325685
123,9637,-0.9816939614
123,9638,0.7452641925
123,9639,0.3536897506
123,9640,-0.1893992271
123,9641,0.0778421288
123,9642,0.2035042668
123,9643,-0.7428797644
123,9644,-0.6856855709
123,9645,0.4586744941
123,9646,0.4906005950
123,9647,0.5376077968
123,9648,-0.9139044523
123,9649,-0.1313517016
123,9650,-0.2614284551
123,9651,-0.2194896961
123,9652,-0.1325801077
123,9653,-0.1745916823
123,9654,0.6253495528
123,9655,-0.2290768594
123,9656,0.1675551404
123,9657,-0.8773534092
123,9658,1.3258278630
123,9659,-0.9241029208
123,9660,-0.1087418562
123,9661,0.0299027319
123,9662,0.8721675402
123,9663,0.1241277554
123,9664,-0.2316645399
123,9665,0.3228265870
123,9666,0.0866824823
123,9667,-0.3335661177
123,9668,-1.2179098831
123,9669,-0.0734100480
123,9670,-0.4572076553
123,9671,-0.3760154279
123,9672,-0.3542294070
123,9673,0.6581436560
123,9674,0.0448026103
123,9675,-0.3072825372
123,9676,-1.1984885021
123,9677,-1.0897608729
123,9678,-0.3490751832
123,9679,-0.0548691251
123,9680,0.4393296516
123,9681,0.7144655715
123,9682,0.2201333926
123,9683,0.3210630984
123,9684,0.1510032341
123,9685,-0.9035986786
123,9686,-0.4241477836
123,9687,-0.4092154542
123,9688,-0.1004468112
123,9689,-0.8842856993
123,9690,0.3642376193
123,9691,0.0476069101
123,9692,0.5585616624
123,9693,0.4023815661
123,9694,-0.5307345882
123,9695,-0.6006537519
123,9696,0.4945901169
123,9697,0.4233415414
123,9698,-0.3748531577
123,9699,-0.4217906901
123,9700,0.4960074361
123,9701,-0.4098118090
123,9702,0.3087168037
123,9703,-0.3996691596
123,9704,-0.8771720971
123,9705,-0.2770841406
123,9706,0.6778445593
123,9707,-0.1893682425
123,9708,0.1939515531
123,9709,0.6497544364
123,9710,-0.4855638918
123,9711,-0.2063345800
123,9712,-0.4556942958
123,9713,-0.7172173266
123,9714,-0.3021554067
123,9715,0.1394372505
123,9716,0.1109859280
123,9717,1.0762642706
123,9718,-0.2124683401
123,9719,-0.9417733260
123,9720,-0.6939212517
123,9721,-0.7563933314
123,9722,-0.3464436554
123,9723,0.1062448754
123,9724,0.4549492359
123,9725,0.0299665923
123,9726,0.6895151169
123,9727,0.1878144862
123,9728,-0.0301731519
123,9729,0.7074505380
123,9730,-0.4488103748
123,9731,0.5048411398
123,9732,-0.4976468942
123,9733,0.7989715263
123,9734,-0.0259471967
123,9735,0.1252340031
123,9736,0.2833413718
123,9737,0.5544408572
123,9738,0.2491905986
123,9739,1.0899506116
123,9740,-0.7858712858
123,9741,-0.0207966670
123,9742,0.1059389860
123,9743,0.2269988577
123,9744,-0.4215758146
123,9745,-0.5630822820
123,9746,-0.2393206264
123,9747,-0.0378175050
123,9748,0.7470114282
123,9749,-0.0312737489
123,9750,1.0011276497
123,9751,-0.1116401808
123,9752,-0.5500264005
123,9753,-0.6435675611
123,9754,-0.2116788113
123,9755,-0.2180329267
123,9756,0.0988798075
123,9757,0.4795874429
123,9758,-0.2190106911
123,9759,-0.2649117270
123,9760,-0.6194245527
123,9761,-1.0588061564
123,9762,-0.1702131680
123,9763,-0.3431946420
123,9764,0.4942669956
123,9765,-0.1345721199
123,9766,0.7954210347
123,9767,0.4246484138
123,9768,0.4236274001
123,9769,-0.1222762627
123,9770,0.5531559730
123,9771,0.4682295437
123,9772,0.2227980040
123,9773,0.2461042900
123,9774,-0.2902544972
123,9775,1.3052808043
123,9776,-0.8750763492
123,9777,-0.2998840983
123,9778,0.4917268450
123,9779,-0.5535750415
123,9780,-0.4485540830
123,9781,0.4135789735
123,9782,0.5214117839
123,9783,-0.6335506310
123,9784,-0.8443829172
123,9785,-0.1000929323
123,9786,-0.6283480118
123,9787,1.1086515138
123,9788,-0.3237729086
123,9789,-0.3844484065
123,9790,-0.4769160427
123,9791,-0.7540351515
123,9792,0.1235960764
123,9793,-0.8581677554
123,9794,-0.2429098826
123,9795,-0.2544584342
123,9796,-0.8343809843
123,9797,-0.5886077209
123,9798,-0.1309701719
123,9799,0.5436673841
123,9800,-0.4205668877
123,9801,0.8555139573
123,9802,0.7230260049
123,9803,0.3528908306
123,9804,-0.0094722907
123,9805,0.4290725254
123,9806,0.1724686066
123,9807,0.4460167280
123,9808,-0.6201164440
123,9809,0.0337843240
123,9810,0.7890634242
123,9811,0.3094758737
123,9812,-1.1670693708
123,9813,0.9410663877
123,9814,0.2650493246
123,9815,-0.4925563828
123,9816,-0.6332012038
123,9817,0.0624471873
123,9818,0.3886237424
123,9819,-0.2556173072
123,9820,0.1733338967
123,9821,0.2880528333
123,9822,-0.4232606117
123,9823,-0.0258221007
123,9824,0.5575170357
123,9825,-0.0223760487
123,9826,-0.0356604500
123,9827,0.2724283958
123,9828,0.2459305443
123,9829,-0.3602429796
123,9830,0.1972309075
123,9831,1.0029350769
123,9832,0.0919784615
123,9833,0.8251713319
123,9834,-0.7329156526
123,9835,-0.2221634832
123,9836,-0.4350316336
123,9837,0.6499950028
123,9838,0.5743355953
123,9839,-0.7658186154
123,9840,-0.5799837046
123,9841,-0.5376173484
123,9842,0.2345748473
123,9843,-0.4922717952
123,9844,-0.2305197918
123,9845,-0.7163065713
123,9846,-1.2335533572
123,9847,0.5773022890
123,9848,0.5283112441
123,9849,0.3032268778
123,9850,0.2300231438
123,9851,-0.6019575642
123,9852,-0.8909698791
123,9853,-0.5204592014
123,9854,0.2032439267
123,9855,-0.6963206709
123,9856,0.5916968461
123,9857,-1.0649827859
123,9858,0.0693387883
123,9859,0.9087328710
123,9860,-1.0440652422
123,9861,0.3677560254
123,9862,0.0002599274
123,9863,0.9594942944
123,9864,-0.0024486867
123,9865,-0.2465660455
123,9866,0.3064479539
123,9867,-0.2056768555
123,9868,-0.0368370898
123,9869,-0.0848001276
123,9870,0.1203512438
123,9871,-0.1803433891
123,9872,-0.0467266304
123,9873,0.3525858808
123,9874,0.2487063103
123,9875,-0.1177770601
123,9876,0.3401772413
123,9877,-1.0626897259
123,9878,-0.6197080994
123,9879,-0.6229232939
123,9880,-0.5659668628
123,9881,0.0962181812
123,9882,0.6134090712
123,9883,-0.0377637287
123,9884,0.8150108557
123,9885,0.9223237636
123,9886,1.1819454984
123,9887,-0.5240750238
123,9888,-0.1920085487
123,9889,0.2324290564
123,9890,0.0895073554
123,9891,0.7177004410
123,9892,-0.0518488683
123,9893,-0.3766892663
123,9894,0.5408830168
123,9895,-0.0088053383
123,9896,0.3197674163
123,9897,-0.3060121934
123,9898,0.4686788783
123,9899,-0.2773960730
123,9900,-0.6634108326
123,9901,-0.5086556270
123,9902,-0.4790483690
123,9903,0.3539869131
123,9904,-0.8608684517
123,9905,-0.2262363630
123,9906,0.1335891868
123,9907,-0.1033765140
123,9908,0.4191379262
123,9909,-0.2358732176
123,9910,-0.1895235996
123,9911,-0.1609358920
123,9912,-0.5444928041
123,9913,-0.8049399418
123,9914,0.1460878303
123,9915,-0.0356341436
123,9916,-1.2656736832
123,9917,-0.2244396264
123,9918,0.1831479601
123,9919,0.3950569547
123,9920,1.0030225921
123,9921,0.6235231552
123,9922,0.8285897420
123,9923,-0.6895017620
123,9924,0.6575086230
123,9925,0.4051372725
123,9926,-0.4622728750
123,9927,-1.2139629699
123,9928,-1.3179325031
123,9929,0.9421376149
123,9930,0.3822364853
123,9931,0.0407836031
123,9932,0.2512276740
123,9933,-0.1173908532
123,9934,-0.2434456124
123,9935,0.5361316994
123,9936,1.0207255582
123,9937,0.5333964870
123,9938,-0.4147105823
123,9939,0.0361168872
123,9940,-0.5673592304
123,9941,-0.5045087944
123,9942,0.0717528120
123,9943,0.5467137290
123,9944,-0.2361371640
123,9945,0.6133637599
123,9946,-0.1125420262
123,9947,0.3929894333
123,9948,-0.7443852714
123,9949,-1.0006276960
123,9950,0.8352465698
123,9951,0.1625559958
123,9952,-0.2693500837
123,9953,0.5492970390
123,9954,0.1332001122
123,9955,-0.4790311956
123,9956,0.2199279479
123,9957,0.2743529572
123,9958,0.7320944962
123,9959,-0.1976473345
123,9960,-1.2912406003
123,9961,-0.5791634399
123,9962,1.0145980305
123,9963,-0.8356918535
123,9964,-0.1343350034
123,9965,0.1878487323
123,9966,-0.1666858725
123,9967,0.1058423559
123,9968,0.5198807520
123,9969,-0.7984527967
123,9970,-0.7052632248
123,9971,-0.4061317986
123,9972,0.9434313704
123,9973,-0.1961273085
123,9974,-1.1455953537
123,9975,0.4499341241
123,9976,0.0683776251
123,9977,0.3444265462
123,9978,-0.4565514694
123,9979,0.3719481819
123,9980,-0.5323696043
123,9981,-0.2213190575
123,9982,0.1853954798
123,9983,0.2715526418
123,9984,0.5774010473
123,9985,0.2071057756
123,9986,-1.4237899611
123,9987,0.0102713307
123,9988,-0.3717550587
123,9989,-0.0382101076
123,9990,0.0872390059
123,9991,-0.7528064146
123,9992,-0.8491405614
123,9993,0.7471422314
123,9994,0.1262191738
123,9995,0.9530864820
123,9996,-0.6591391030
123,9997,-0.2236725810
123,9998,0.7660968410
123,9999,0.2987101634
123,10000,0.3816303379
2026,1,-1.3595529843
2026,2,-0.0952063376
2026,3,0.2805383268
2026,4,-0.9836549232
2026,5,-0.4554027176
2026,6,0.0268896023
2026,7,0.6278013862
2026,8,0.0313933243
2026,9,0.0988824973
2026,10,-0.9257474856
2026,11,0.0298899498
2026,12,0.3893638432
2026,13,-0.7285976021
2026,14,-0.9805873157
2026,15,-0.4362202335
2026,16,0.1540154757
2026,17,-0.1830212684
2026,18,-0.4157943947
2026,19,-0.5391112664
2026,20,-0.4470819657
2026,21,-0.6369107487
2026,22,0.5153671990
2026,23,-0.5770863382
2026,24,-0.4430498916
2026,25,0.2785076102
2026,26,-0.6781044871
2026,27,-0.0722994025
2026,28,1.0611719034
2026,29,-0.6897851681
2026,30,0.1077384076
2026,31,-0.1775319020
2026,32,-0.5393180940
2026,33,0.3043685047
2026,34,0.4456176504
2026,35,0.1059041974
2026,36,0.6933535915
2026,37,0.4844800608
2026,38,-1.0301224864
2026,39,-0.2984234128
2026,40,-0.3755755090
2026,41,-0.1065422234
2026,42,0.3580959919
2026,43,0.2859982841
2026,44,-0.1336410527
2026,45,0.0713997445
2026,46,0.2878231202
2026,47,-0.1666873580
2026,48,-0.1367342003
2026,49,-0.3848304375
2026,50,0.2335620563
2026,51,0.5558472750
2026,52,0.7297689603
2026,53,-0.9455454354
2026,54,0.4604613377
2026,55,-0.1133348314
2026,56,-0.5140591123
2026,57,0.3599999916
2026,58,-0.5701503035
2026,59,0.1460153273
2026,60,0.4270101460
2026,61,-0.2314032812
2026,62,-0.2173649129
2026,63,0.3481831515
2026,64,0.5633130668
2026,65,-0.7073818357
2026,66,0.3042198385
2026,67,-0.0142772167
2026,68,-0.7415449090
2026,69,0.6018998034
2026,70,0.7567505942
2026,71,0.6121327851
2026,72,-0.7946963398
2026,73,0.2417280568
2026,74,-0.5881294561
2026,75,-0.5573683898
2026,76,-0.3075636661
2026,77,0.9521039004
2026,78,0.2539042265
2026,79,-0.0432412956
2026,80,-1.0117363897
2026,81,-0.4978161569
2026,82,-0.0737598126
2026,83,0.3065554196
2026,84,0.0137479628
2026,85,0.2022740975
2026,86,0.1703796365
2026,87,-0.4196700814
2026,88,-0.4918933353
2026,89,0.6309471035
2026,90,-0.2983229228
2026,91,-0.4734815007
2026,92,-0.0242293576
2026,93,0.7430402588
2026,94,-0.5826839275
2026,95,0.1797692707
2026,96,0.3561607790
2026,97,-0.2248074047
2026,98,0.3824281516
2026,99,0.0888652168
2026,100,0.0459511701
2026,101,0.2524207510
2026,102,0.6460483143
2026,103,0.8336457800
2026,104,-0.1801905748
2026,105,-0.0886289521
2026,106,0.5719504849
2026,107,0.4518520105
2026,108,0.3037923231
2026,109,0.6111117567
2026,110,0.8106995048
2026,111,0.0491142079
2026,112,-0.2059415350
2026,113,-0.9116201046
2026,114,0.1566400399
2026,115,0.0231185991
2026,116,0.3491992192
2026,117,-0.6726869693
2026,118,0.4825925019
2026,119,0.5936101955
2026,120,0.2851042229
2026,121,0.0897832815
2026,122,-0.0818076836
2026,123,0.3127335939
2026,124,-0.5519651569
2026,125,-0.1191181571
2026,126,-0.0849021613
2026,127,-0.0363898586
2026,128,0.8908880864
2026,129,-0.0413549152
2026,130,1.3624586512
2026,131,-0.3956208572
2026,132,-0.5190108585
2026,133,0.0904933238
2026,134,-0.3231241325
2026,135,-0.1052203574
2026,136,-0.2332941096
2026,137,-0.0095358096
2026,138,0.1514791488
2026,139,1.2990243741
2026,140,-0.2114422083
2026,141,1.1108415630
2026,142,-0.3589503256
2026,143,-0.1272752125
2026,144,0.0417966774
2026,145,-0.3312849429
2026,146,0.4397468927
2026,147,0.2598558217
2026,148,0.7014471508
2026,149,-0.1623766120
2026,150,-0.3751038536
2026,151,-0.2856634476
2026,152,0.3897948064
2026,153,0.1489451226
2026,154,-0.4493188657
2026,155,0.8019261525
2026,156,-0.2040193002
2026,157,-0.3671529203
2026,158,0.0540441386
2026,159,0.3437892770
2026,160,0.6974708189
2026,161,-0.2500557426
2026,162,-0.0252477560
2026,163,0.4324555543
2026,164,0.3872723966
2026,165,-0.6102821511
2026,166,0.3415350231
2026,167,-0.4363840301
2026,168,0.0199274767
2026,169,0.2928418705
2026,170,0.5202138030
2026,171,0.4983162917
2026,172,0.5936936123
2026,173,0.1025320393
2026,174,-0.1430994474
2026,175,-0.5708724953
2026,176,0.3757628264
2026,177,-0.0574019403
2026,178,-0.5539526948
2026,179,0.6348054947
2026,180,-0.1927732909
2026,181,-0.5390616053
2026,182,-0.9361708178
2026,183,-0.1652669724
2026,184,-0.1352424932
2026,185,-0.2078063319
2026,186,-0.0866579688
2026,187,-0.5426731970
2026,188,-0.5296883666
2026,189,-0.3263254553
2026,190,-1.1985961023
2026,191,-0.3628151515
2026,192,-0.8714500826
2026,193,-0.3121979277
2026,194,0.5765740914
2026,195,-0.3262752492
2026,196,-0.1672513726
2026,197,1.0587163714
2026,198,1.3470820144
2026,199,-0.4289933677
2026,200,-0.0162326716
2026,201,0.6650306451
2026,202,-0.1796974197
2026,203,-0.7661722001
2026,204,0.5477932044
2026,205,-0.8822286742
2026,206,0.7605447690
2026,207,0.7818484420
2026,208,0.2102598093
2026,209,-0.1414007557
2026,210,-0.0763389709
2026,211,0.5784567063
2026,212,0.0408737800
2026,213,-0.4727688196
2026,214,-0.3430973487
2026,215,-0.0725077258
2026,216,0.4332567300
2026,217,0.0930493176
2026,218,-0.7055793994
2026,219,-0.0193335138
2026,220,-1.2936924252
2026,221,0.0429322089
2026,222,0.9269761987
2026,223,-0.9666120021
2026,224,0.8190989979
2026,225,0.7559932857
2026,226,0.6565184351
2026,227,-0.6902594189
2026,228,-0.3745299577
2026,229,-0.0190892087
2026,230,-0.3108642937
2026,231,-1.1497044967
2026,232,-0.0706973833
2026,233,-0.0119162912
2026,234,0.9783203331
2026,235,-0.1682540876
2026,236,0.2409178129
2026,237,-0.5342187138
2026,238,-0.3125639940
2026,239,0.6097787627
2026,240,0.5607501745
2026,241,0.1406959994
2026,242,0.1206951645
2026,243,0.1615307942
2026,244,0.7568719939
2026,245,0.3264023963
2026,246,0.5114313583
2026,247,0.9674055954
2026,248,0.4689901763
2026,249,-0.9649840701
2026,250,0.0191775570
2026,251,0.1516313838
2026,252,0.1614328393
2026,253,-0.2214898339
2026,254,0.2176334124
2026,255,-0.0002366450
2026,256,0.4712076169
2026,257,0.6450620279
2026,258,-0.2409202832
2026,259,-0.4161498341
2026,260,1.0787844592
2026,261,-0.1229469687
2026,262,0.0566055327
2026,263,0.3306148314
2026,264,0.4292521811
2026,265,-0.7122042495
2026,266,0.1146153901
2026,267,-0.8427252548
2026,268,-0.0255766138
2026,269,-0.7808723818
2026,270,-0.1286665553
2026,271,-0.1376955704
2026,272,-0.3454264586
2026,273,-0.3447756777
2026,274,-0.5726563076
2026,275,-0.3195975632
2026,276,-0.1246708256
2026,277,0.1583012819
2026,278,1.0953629425
2026,279,-0.0106438176
2026,280,0.3662325549
2026,281,-0.2285786040
2026,282,0.0035155503
2026,283,-0.4584927170
2026,284,-0.4345509701
2026,285,0.8868206294
2026,286,-0.9823633581
2026,287,-0.4926218136
2026,288,0.7853063772
2026,289,0.6521133767
2026,290,0.1947525993
2026,291,-0.2944272677
2026,292,-0.0496747184
2026,293,0.2464486850
2026,294,-0.8500321567
2026,295,-0.0468569756
2026,296,-0.4818577414
2026,297,0.4540038558
2026,298,-0.8361097054
2026,299,-0.4920165706
2026,300,-0.8873266506
2026,301,-0.2559540827
2026,302,0.0055051224
2026,303,-0.3836182053
2026,304,0.0851953807
2026,305,0.2783665768
2026,306,-0.7270913007
2026,307,-0.6107771420
2026,308,0.2092561062
2026,309,0.0632170421
2026,310,0.5368257901
2026,311,-0.5585781038
2026,312,-0.2799096693
2026,313,-0.4276705118
2026,314,-1.0518209218
2026,315,-0.2565265114
2026,316,-0.2299369065
2026,317,1.2240405058
2026,318,0.2228925608
2026,319,0.1903380868
2026,320,-0.1239658389
2026,321,0.5685838580
2026,322,0.0168350452
2026,323,0.2439024440
2026,324,-0.0900778479
2026,325,0.0439274170
2026,326,-0.5118090327
2026,327,0.2051359224
2026,328,0.2671883763
2026,329,-0.3945947527
2026,330,0.8168240087
2026,331,0.1562230535
2026,332,0.5066624494
2026,333,0.4455073298
2026,334,-0.4664293730
2026,335,-0.2984696555
2026,336,0.3366191447
2026,337,-0.5766018186
2026,338,0.4704858784
2026,339,1.5382471488
2026,340,-0.5052004244
2026,341,0.3350441390
2026,342,0.5380536352
2026,343,0.2202734288
2026,344,0.5336245237
2026,345,-0.3361792624
2026,346,-0.4401691639
2026,347,-0.5611541923
2026,348,-0.0535498682
2026,349,-1.3844892458
2026,350,1.1608761374
2026,351,-0.1277447374
2026,352,0.7487826221
2026,353,-0.1992489849
2026,354,-0.5122245432
2026,355,-0.3592413375
2026,356,0.0550441401
2026,357,0.1478102603
2026,358,-0.2380179536
2026,359,-0.2844080218
2026,360,-0.6081848137
2026,361,-0.4068788270
2026,362,0.2542346209
2026,363,-0.0786380931
2026,364,-0.0158634528
2026,365,-0.3758576490
2026,366,-0.1091189619
2026,367,-0.2870160439
2026,368,-0.2343952558
2026,369,1.2409598124
2026,370,0.4624608099
2026,371,0.0180905063
2026,372,0.3789327892
2026,373,0.5415722745
2026,374,-0.6187087584
2026,375,0.0554623239
2026,376,-0.1602222025
2026,377,0.1562463751
2026,378,0.5977594861
2026,379,-0.5899626902
2026,380,-0.1119128954
2026,381,-0.0155172138
2026,382,-1.2780183812
2026,383,-0.0343537971
2026,384,-1.0931517198
2026,385,0.4651285868
2026,386,-0.2754574444
2026,387,-0.4790438473
2026,388,-0.4370428927
2026,389,0.1697046669
2026,390,-0.0583010025
2026,391,-0.8733466440
2026,392,1.0093680011
2026,393,0.5136719466
2026,394,-0.3144289775
2026,395,-0.1315689494
2026,396,0.1592367656
2026,397,0.2437639525
2026,398,-0.4062100669
2026,399,-0.3300192631
2026,400,-0.2225050672
2026,401,-0.2639536841
2026,402,-0.9713454547
2026,403,-0.4773179764
2026,404,-0.1173942881
2026,405,0.1627813747
2026,406,-0.3666946913
2026,407,0.1056968362
2026,408,0.6267085843
2026,409,-0.9023595499
2026,410,0.0849710173
2026,411,0.5369241554
2026,412,-0.5791010108
2026,413,-0.5497481763
2026,414,0.2809899192
2026,415,0.0437029598
2026,416,-0.4008667471
2026,417,0.0955738269
2026,418,-0.4566789467
2026,419,0.0498592986
2026,420,0.7764900493
2026,421,0.5544982548
2026,422,-0.1855270634
2026,423,0.4433535867
2026,424,0.4368912730
2026,425,-0.4297315095
2026,426,-0.2199333791
2026,427,-0.5348936562
2026,428,-0.3850032607
2026,429,-0.5862112206
2026,430,0.2382215891
2026,431,0.0239760535
2026,432,0.5074750085
2026,433,0.6498932300
2026,434,-0.4794297261
2026,435,0.5577420254
2026,436,-0.7071803762
2026,437,-0.2616748982
2026,438,-0.1691340531
2026,439,-0.4892742236
2026,440,-0.4157458762
2026,441,0.4466942179
2026,442,-0.3063817037
2026,443,1.1958348884
2026,444,0.3465654315
2026,445,-0.2744946744
2026,446,0.0649715695
2026,447,1.0519036578
2026,448,0.8187451409
2026,449,0.6155168699
2026,450,-1.1828373330
2026,451,0.1617800619
2026,452,0.1882993087
2026,453,0.8187386466
2026,454,0.3789142021
2026,455,0.2873753364
2026,456,0.0862220426
2026,457,0.7641090607
2026,458,0.0670391962
2026,459,0.4012389049
2026,460,0.8309196554
2026,461,0.3811972423
2026,462,0.6939302813
2026,463,0.0838442004
2026,464,-0.7998270127
2026,465,0.0914567060
2026,466,0.7776234875
2026,467,-0.2230811202
2026,468,-0.5103952799
2026,469,1.0489808783
2026,470,0.3718957319
2026,471,0.2339125605
2026,472,0.0258144840
2026,473,-0.1167250599
2026,474,0.5445209185
2026,475,0.0228334267
2026,476,-1.2135027989
2026,477,-0.7566846688
2026,478,0.1561163739
2026,479,0.4980786605
2026,480,-0.0021146872
2026,481,-0.4786375545
2026,482,-0.2325926708
2026,483,-0.2059359481
2026,484,0.5297067271
2026,485,0.0895479693
2026,486,-0.2841883429
2026,487,-0.0750145060
2026,488,-0.9974174864
2026,489,0.1583026263
2026,490,-0.5372121196
2026,491,-0.6860726198
2026,492,0.6782008688
2026,493,-0.1816273257
2026,494,-0.2355311516
2026,495,-0.7250937888
2026,496,0.3945113388
2026,497,-0.4984933047
2026,498,-0.5162677896
2026,499,-0.6993257429
2026,500,-0.7373450646
2026,501,0.7752886107
2026,502,0.4644929766
2026,503,0.3112423895
2026,504,-0.0898948682
2026,505,0.2451552998
2026,506,1.1967049572
2026,507,-0.6459262596
2026,508,-0.3219346681
2026,509,0.1130141618
2026,510,-0.3950527204
2026,511,0.1286197350
2026,512,0.6451014850
2026,513,0.8676131657
2026,514,0.1713674387
2026,515,0.9206624298
2026,516,0.6442905365
2026,517,-0.4535960580
2026,518,0.0257561050
2026,519,0.4044589403
2026,520,-0.4424775441
2026,521,0.3107601735
2026,522,-0.1154856817
2026,523,-0.2839326457
2026,524,-0.2254994997
2026,525,0.4468235833
2026,526,-0.7982502162
2026,527,-0.4118477094
2026,528,0.9841879517
2026,529,-0.1877596890
2026,530,-0.1147810374
2026,531,0.2165186572
2026,532,-0.4607126756
2026,533,-0.2928797003
2026,534,0.2762592114
2026,535,-0.6278984364
2026,536,-0.8316184938
2026,537,0.1796068356
2026,538,0.5411094187
2026,539,0.5590338068
2026,540,0.4832952552
2026,541,-0.1684617200
2026,542,-0.1945841386
2026,543,0.7829674922
2026,544,0.0848382743
2026,545,0.1911559714
2026,546,-0.4787482496
2026,547,-0.6552422748
2026,548,-0.3370368034
2026,549,0.3228532502
2026,550,-0.3316555623
2026,551,-0.0711690251
2026,552,-0.1666672328
2026,553,0.4007185374
2026,554,0.0654057023
2026,555,-0.4647374897
2026,556,0.1941745507
2026,557,0.0637128836
2026,558,0.7402560156
2026,559,0.0733964931
2026,560,-0.1095029491
2026,561,-0.4772251108
2026,562,-0.2038371651
2026,563,0.3868035318
2026,564,0.1479391051
2026,565,0.6240474706
2026,566,0.5465467275
2026,567,-0.0525461443
2026,568,0.4468374963
2026,569,-0.3024109251
2026,570,-0.2827020913
2026,571,-0.8722309012
2026,572,0.8682135065
2026,573,-0.3303342190
2026,574,0.4519778567
2026,575,-1.2291436863
2026,576,0.4454289296
2026,577,-1.0457700517
2026,578,-0.1786635735
2026,579,-0.0573182462
2026,580,0.0026139406
2026,581,-0.0810536811
2026,582,-0.3559180254
2026,583,0.7612650960
2026,584,-0.4900300299
2026,585,0.4126582908
2026,586,0.6584851318
2026,587,0.2853776812
2026,588,0.3012920378
2026,589,0.1106087742
2026,590,0.4055751788
2026,591,0.0075814576
2026,592,0.3993455715
2026,593,-0.6697470847
2026,594,-0.1784099473
2026,595,-1.0183013760
2026,596,0.4524698097
2026,597,-0.6410513930
2026,598,-1.2068357103
2026,599,-0.0469136568
2026,600,0.1654532285
2026,601,0.2241361275
2026,602,-0.4423062381
2026,603,0.9340325033
2026,604,0.0534010824
2026,605,0.0554281604
2026,606,0.3643509495
2026,607,-0.6894505806
2026,608,-0.2921195060
2026,609,-0.1043145329
2026,610,-0.3412985911
2026,611,0.0398861145
2026,612,0.0034399872
2026,613,0.0913930699
2026,614,0.5438416615
2026,615,-0.6134234489
2026,616,-0.2624514525
2026,617,-0.9331087190
2026,618,0.2264093819
2026,619,0.6297449722
2026,620,0.2309745509
2026,621,-0.8248467963
2026,622,0.3892382583
2026,623,-0.3901684341
2026,624,0.2482197816
2026,625,0.8476325055
2026,626,1.1029806219
2026,627,0.5413459136
2026,628,-0.3606090038
2026,629,-0.0885208156
2026,630,0.7985095185
2026,631,0.7981120643
2026,632,-0.5514190433
2026,633,-0.6932002824
2026,634,-0.7210093523
2026,635,-0.9310922847
2026,636,-0.7228240069
2026,637,0.2871768571
2026,638,-0.8536066748
2026,639,0.4227136610
2026,640,-0.2563848443
2026,641,-0.0909643377
2026,642,0.3992444200
2026,643,0.4479136400
2026,644,0.2023775009
2026,645,-0.1640473832
2026,646,-0.0169132666
2026,647,0.3017355550
2026,648,0.5709973868
2026,649,-1.3124877154
2026,650,-0.6153980249
2026,651,1.0098466355
2026,652,-0.0156157359
2026,653,0.3505468357
2026,654,0.7157119283
2026,655,-0.2537051158
2026,656,-0.4113095054
2026,657,-0.4650770177
2026,658,0.9242824028
2026,659,0.7005723161
2026,660,0.3878938898
2026,661,-0.4730182288
2026,662,-0.0570828735
2026,663,-0.1985915833
2026,664,-0.4453310213
2026,665,-1.0540237561
2026,666,0.7680527124
2026,667,-0.0944710646
2026,668,-1.2250490156
2026,669,-1.0241698942
2026,670,0.6046085009
2026,671,-0.2707726060
2026,672,-0.3362404280
2026,673,-1.1361869728
2026,674,-0.3042909164
2026,675,-0.4430518273
2026,676,0.1807687347
2026,677,-0.2096331195
2026,678,-0.3940847965
2026,679,0.3064545714
2026,680,-0.4296951611
2026,681,0.1749081922
2026,682,-0.4708221001
2026,683,0.5526726504
2026,684,0.4082805976
2026,685,-0.2134494005
2026,686,-0.6182177698
2026,687,0.0027087529
2026,688,-0.6522658484
2026,689,-1.3631971108
2026,690,1.0048434584
2026,691,0.1254976823
2026,692,-0.1220193321
2026,693,0.2616510720
2026,694,0.2531637848
2026,695,0.0145614793
2026,696,0.8259973037
2026,697,-0.9119658508
2026,698,0.3469060736
2026,699,-0.5623010269
2026,700,0.4074631592
2026,701,-0.0861986089
2026,702,-0.7963198082
2026,703,0.4911087355
2026,704,0.8634186693
2026,705,-0.4914085113
2026,706,-0.3909707675
2026,707,0.1548057592
2026,708,0.3125871165
2026,709,0.6515979749
2026,710,1.2710322300
2026,711,-0.1300676365
2026,712,-0.3867283271
2026,713,-0.5500897803
2026,714,0.8141070528
2026,715,-0.4418538654
2026,716,-0.0401552393
2026,717,0.3905044979
2026,718,-0.7028977836
2026,719,-0.5419456733
2026,720,-0.3149736397
2026,721,-0.3373474831
2026,722,0.8952647288
2026,723,-0.4115856534
2026,724,0.0442941882
2026,725,0.3863530717
2026,726,0.4118460651
2026,727,0.6578292384
2026,728,1.1427664459
2026,729,0.7741413647
2026,730,0.0420779479
2026,731,-0.8853481370
2026,732,-0.5542992557
2026,733,-0.2174180729
2026,734,1.0724713019
2026,735,-0.0917341305
2026,736,-0.4408931265
2026,737,-0.2695347340
2026,738,0.0147226978
2026,739,1.0123372354
2026,740,0.6980173614
2026,741,0.6436216890
2026,742,-0.4103835329
2026,743,-0.4123495845
2026,744,-0.7465147869
2026,745,-0.1639353261
2026,746,-0.3862747792
2026,747,-0.3416284785
2026,748,-0.4098226665
2026,749,-0.2405350448
2026,750,-0.5338571617
2026,751,0.5178279971
2026,752,-1.0607364293
2026,753,0.5237847821
2026,754,0.0328899633
2026,755,-0.3015081868
2026,756,0.7731190336
2026,757,-0.1861749786
2026,758,0.0077615437
2026,759,-0.4501687954
2026,760,0.2334900068
2026,761,-0.4377107037
2026,762,0.1082196482
2026,763,0.0308431877
2026,764,0.3186708468
2026,765,-0.5592137081
2026,766,-0.5517034971
2026,767,-0.9475487443
2026,768,0.1111820794
2026,769,0.5295742280
2026,770,-0.3261586956
2026,771,0.3462031669
2026,772,0.5628099706
2026,773,0.9721728156
2026,774,0.3203250265
2026,775,-0.3261114556
2026,776,0.2912525392
2026,777,0.1948751382
2026,778,-0.4521838461
2026,779,-0.3571176896
2026,780,0.6294278609
2026,781,0.1219301407
2026,782,-0.0296891616
2026,783,-0.1952726068
2026,784,0.3641465134
2026,785,0.5935543045
2026,786,0.5892766097
2026,787,-0.3354626227
2026,788,-0.7200302644
2026,789,-0.2775838324
2026,790,0.2264331120
2026,791,-0.2702300863
2026,792,0.0672975923
2026,793,0.7859901865
2026,794,0.1906405224
2026,795,-0.3969908084
2026,796,-0.8392167242
2026,797,0.5788864885
2026,798,0.5162086802
2026,799,0.2735676396
2026,800,0.4044511335
2026,801,-0.3882684160
2026,802,0.5002389758
2026,803,-0.1846734807
2026,804,-0.8893988257
2026,805,1.0933405021
2026,806,0.0477662145
2026,807,0.6204565336
2026,808,-0.7926572495
2026,809,1.1607987823
2026,810,0.1970776919
2026,811,-0.5428694424
2026,812,0.6896345149
2026,813,0.0800114239
2026,814,0.2355439378
2026,815,0.4408733643
2026,816,0.2097285269
2026,817,-0.1660655132
2026,818,-0.3890841326
2026,819,0.7272899003
2026,820,-0.6987552609
2026,821,0.5540731976
2026,822,0.0804820884
2026,823,0.0106277439
2026,824,0.0469992077
2026,825,-0.0966946646
2026,826,0.5439903195
2026,827,0.0546605729
2026,828,0.7108922906
2026,829,0.1675011875
2026,830,-0.7672093334
2026,831,-0.9836083331
2026,832,-0.3613460146
2026,833,0.4036711490
2026,834,0.1034279587
2026,835,-0.6235471228
2026,836,-0.8342243169
2026,837,0.4036053176
2026,838,0.4422140830
2026,839,-0.4284257124
2026,840,-0.5702517567
2026,841,-0.2080303855
2026,842,0.6157400189
2026,843,-0.2237152057
2026,844,0.8665353998
2026,845,0.3215049345
2026,846,0.3775390361
2026,847,-0.2347641934
2026,848,-0.1656219608
2026,849,0.3422397742
2026,850,0.3419375308
2026,851,-0.4233056203
2026,852,0.2178166479
2026,853,0.1258550907
2026,854,0.2341795154
2026,855,0.2634952686
2026,856,-0.4141862905
2026,857,-0.5242551598
2026,858,-0.0039381300
2026,859,-0.3544431583
2026,860,-0.3646532327
2026,861,0.4183117836
2026,862,0.5746824749
2026,863,-0.2288882389
2026,864,0.5350439720
2026,865,-0.7320688680
2026,866,-0.4831203942
2026,867,-0.5138450562
2026,868,0.3013847799
2026,869,0.2048376642
2026,870,-1.1311318614
2026,871,-0.0141364422
2026,872,-0.3055328839
2026,873,-0.1663192779
2026,874,0.1279079273
2026,875,-0.5735762666
2026,876,-0.0847019598
2026,877,0.0609927122
2026,878,-0.7218365414
2026,879,0.7809087871
2026,880,0.0202562100
2026,881,0.2692358435
2026,882,-0.7302282230
2026,883,-0.4074614776
2026,884,0.0081243750
2026,885,-0.1905560882
2026,886,0.5276117223
2026,887,-0.0589020788
2026,888,0.2304253770
2026,889,-0.0505187193
2026,890,0.4015851359
2026,891,-1.0820614560
2026,892,0.4527483951
2026,893,0.0898001792
2026,894,0.4493175510
2026,895,0.8155226841
2026,896,-0.8091742328
2026,897,0.2240413754
2026,898,-0.2416540014
2026,899,0.2642182997
2026,900,0.0126058951
2026,901,0.0922985531
2026,902,0.2835534839
2026,903,0.5308364006
2026,904,0.8113510634
2026,905,-0.6698660314
2026,906,0.8998560568
2026,907,0.4159586863
2026,908,-1.4823139094
2026,909,-0.6642441123
2026,910,-0.7710937632
2026,911,-0.1883140237
2026,912,0.2152228000
2026,913,0.4040663435
2026,914,-1.0161896951
2026,915,-0.1658649540
2026,916,-0.7738733304
2026,917,0.5751024860
2026,918,-0.7442800628
2026,919,-0.3896123429
2026,920,-0.0763075948
2026,921,-0.3206662895
2026,922,0.2157383798
2026,923,-1.0093417093
2026,924,0.1629252839
2026,925,0.3613708151
2026,926,-0.5760158022
2026,927,-0.3298572668
2026,928,0.6647785964
2026,929,-0.3848922806
2026,930,-0.3794349674
2026,931,-0.6344033509
2026,932,-0.4426263115
2026,933,-1.1261897841
2026,934,0.0617831957
2026,935,0.2495468126
2026,936,0.5058527970
2026,937,0.5658209696
2026,938,0.1611641422
2026,939,0.4219879395
2026,940,0.5552280247
2026,941,-0.5159636741
2026,942,-0.5891663787
2026,943,-0.0347144735
2026,944,0.3147232227
2026,945,-0.4172807866
2026,946,-0.5745123546
2026,947,-0.6051099289
2026,948,0.7364540692
2026,949,0.7503500299
2026,950,-0.8105369836
2026,951,-0.6392337190
2026,952,0.8576591116
2026,953,0.0086865884
2026,954,-0.3583995354
2026,955,0.6079889397
2026,956,0.6867974072
2026,957,0.3292933082
2026,958,-0.1757863386
2026,959,-0.1435550367
2026,960,-0.5531458793
2026,961,-0.5813245933
2026,962,0.2224906397
2026,963,0.3710864155
2026,964,-0.9939069978
2026,965,-0.3014690512
2026,966,-0.1820950345
2026,967,-0.2887000794
2026,968,0.1874984353
2026,969,0.1464949323
2026,970,-0.4796710474
2026,971,-0.0221686300
2026,972,0.9365333924
2026,973,0.0777437453
2026,974,0.9818467585
2026,975,-0.3735161110
2026,976,-0.5351729459
2026,977,0.2538815786
2026,978,0.0336711681
2026,979,-0.7112222418
2026,980,-0.2037068902
2026,981,-0.9042225752
2026,982,0.7090600280
2026,983,0.4410248215
2026,984,0.1166323260
2026,985,0.4828356082
2026,986,0.0295214783
2026,987,-0.1624013203
2026,988,0.8017811992
2026,989,-0.6614510834
2026,990,0.5554647986
2026,991,0.1744414249
2026,992,0.3613812716
2026,993,1.0094235017
2026,994,-0.0135758678
2026,995,0.1468828451
2026,996,-0.0696805952
2026,997,0.7209369317
2026,998,0.3948776748
2026,999,0.7357628111
2026,1000,-0.2296942075
2026,1001,-0.7560999718
2026,1002,0.4634826077
2026,1003,-0.3605184934
2026,1004,0.1770638056
2026,1005,0.0972382947
2026,1006,-0.3015401630
2026,1007,0.2036141015
2026,1008,0.4258225979
2026,1009,-0.2362768670
2026,1010,0.1969691988
2026,1011,0.3382783345
2026,1012,-0.5917087354
2026,1013,-0.1263093064
2026,1014,-1.0270873520
2026,1015,0.2988882518
2026,1016,-0.4057376735
2026,1017,0.2856066362
2026,1018,-1.0268894950
2026,1019,-0.2760838995
2026,1020,-0.6082316147
2026,1021,0.6630601711
2026,1022,-0.1100692269
2026,1023,-1.2489712272
2026,1024,1.0924647037
2026,1025,0.5823405346
2026,1026,1.3030042817
2026,1027,-0.2189276336
2026,1028,0.0800599245
2026,1029,-1.1641409644
2026,1030,-0.4309288537
2026,1031,-0.1966864710
2026,1032,0.1355182072
2026,1033,-0.7014905817
2026,1034,0.1630374745
2026,1035,-0.3273877249
2026,1036,0.0161839209
2026,1037,0.1661601142
2026,1038,-0.2420717352
2026,1039,0.8494395172
2026,1040,0.0843335338
2026,1041,-0.2685788743
2026,1042,0.5473564407
2026,1043,0.2679281514
2026,1044,-0.2827995716
2026,1045,-0.2846343491
2026,1046,0.2000825012
2026,1047,0.6476063233
2026,1048,0.7306176671
2026,1049,-0.0111764379
2026,1050,0.6408519834
2026,1051,-0.2266285235
2026,1052,-0.4735376495
2026,1053,-0.4376355443
2026,1054,0.1240104015
2026,1055,0.8090375600
2026,1056,-0.6346453852
2026,1057,0.0638729911
2026,1058,-0.0970331457
2026,1059,0.4105137630
2026,1060,-0.8551399997
2026,1061,-0.3726213287
2026,1062,0.4888273139
2026,1063,0.0012527660
2026,1064,0.2951306837
2026,1065,-0.5286826507
2026,1066,-0.2304303206
2026,1067,-0.2854895590
2026,1068,0.6961076188
2026,1069,-0.0027146126
2026,1070,0.0759886786
2026,1071,0.3105501644
2026,1072,0.9595363666
2026,1073,0.9357019453
2026,1074,0.1431705773
2026,1075,-0.3613421576
2026,1076,-0.8652405285
2026,1077,-0.0900880813
2026,1078,0.2678137216
2026,1079,-0.5037844286
2026,1080,0.3800204834
2026,1081,-0.3947279300
2026,1082,0.6440210516
2026,1083,0.8616981232
2026,1084,0.0859324557
2026,1085,0.6013373362
2026,1086,0.1473239180
2026,1087,0.9303008958
2026,1088,0.5433610861
2026,1089,0.5499704828
2026,1090,0.5386538188
2026,1091,-0.9707631060
2026,1092,-0.2835291292
2026,1093,-0.1451397993
2026,1094,-0.8558348322
2026,1095,-0.5818348779
2026,1096,-0.3897505458
2026,1097,0.4464674066
2026,1098,-1.3263999716
2026,1099,0.8237321897
2026,1100,0.4419590178
2026,1101,0.1109382000
2026,1102,-0.3991715476
2026,1103,0.0605512363
2026,1104,-0.4218218562
2026,1105,0.2211001678
2026,1106,-0.3563138210
2026,1107,0.4425446127
2026,1108,-0.9166248875
2026,1109,0.1929106671
2026,1110,-0.2899932396
2026,1111,0.5401078128
2026,1112,0.1524315075
2026,1113,0.4523147592
2026,1114,-0.7772163568
2026,1115,-0.1375227412
2026,1116,0.0465399670
2026,1117,-0.1618834646
2026,1118,0.5537530289
2026,1119,-0.1102836786
2026,1120,0.2532437928
2026,1121,-0.7866890614
2026,1122,-0.1119849845
2026,1123,-1.1338664246
2026,1124,-0.1438212161
2026,1125,0.1129090471
2026,1126,0.2798328032
2026,1127,0.4383451624
2026,1128,-0.1792580585
2026,1129,-0.1953231959
2026,1130,-1.1698651480
2026,1131,0.5235154328
2026,1132,0.6282212292
2026,1133,-0.8312439332
2026,1134,0.0130232802
2026,1135,-0.6266626837
2026,1136,-0.4613543979
2026,1137,-0.3573745699
2026,1138,-0.5828167834
2026,1139,0.2775417203
2026,1140,-0.3659665437
2026,1141,-0.5701849809
2026,1142,-0.2915014958
2026,1143,0.0737804074
2026,1144,0.2654896995
2026,1145,0.4717862788
2026,1146,0.1419701210
2026,1147,0.6551075172
2026,1148,0.0771755741
2026,1149,-0.2100481233
2026,1150,-0.5503892806
2026,1151,-0.1899461032
2026,1152,-0.2816430977
2026,1153,-0.4154253427
2026,1154,0.7279459633
2026,1155,0.5691921289
2026,1156,-0.2436756332
2026,1157,0.0286048974
2026,1158,0.3625980054
2026,1159,0.1725535002
2026,1160,0.6568818712
2026,1161,0.6725700477
2026,1162,-1.2286141715
2026,1163,-0.4413894403
2026,1164,-0.5835662099
2026,1165,0.0334917789
2026,1166,-0.4077223668
2026,1167,-0.2136229368
2026,1168,0.2961830445
2026,1169,0.3394660148
2026,1170,-0.3060499310
2026,1171,-0.0541254734
2026,1172,-0.8219655914
2026,1173,-0.0588703257
2026,1174,-0.4672254219
2026,1175,-0.3416546520
2026,1176,0.5913008011
2026,1177,-0.3444276328
2026,1178,-0.3758705160
2026,1179,-0.6833495327
2026,1180,1.1205768063
2026,1181,-0.0508255996
2026,1182,-0.3404055564
2026,1183,-0.0528368546
2026,1184,0.7407769009
2026,1185,0.9405974302
2026,1186,0.7247981770
2026,1187,0.5648755769
2026,1188,-0.0416040317
2026,1189,0.3368812284
2026,1190,1.0832529481
2026,1191,-0.6016079216
2026,1192,0.0509297549
2026,1193,0.2320693998
2026,1194,-0.2005902505
2026,1195,-0.7298381865
2026,1196,-0.5797088035
2026,1197,-0.4062902597
2026,1198,0.1313959767
2026,1199,0.6714003018
2026,1200,0.1729504710
2026,1201,0.0549673922
2026,1202,-0.5422086236
2026,1203,-0.0329763096
2026,1204,0.4890023640
2026,1205,0.3831684102
2026,1206,0.9613031496
2026,1207,-0.0341602569
2026,1208,0.1979240494
2026,1209,-0.1815177940
2026,1210,-0.7693148996
2026,1211,-0.1009038566
2026,1212,0.4832019106
2026,1213,-0.8174059933
2026,1214,1.1432968152
2026,1215,-0.3910437888
2026,1216,-0.5922538440
2026,1217,0.0825950733
2026,1218,-0.7825561229
2026,1219,-0.0148183830
2026,1220,0.0656518992
2026,1221,-0.1415505055
2026,1222,0.3253745402
2026,1223,0.0873221027
2026,1224,-0.0621337337
2026,1225,0.0300864361
2026,1226,0.1143779617
2026,1227,0.2775545428
2026,1228,-0.2423446438
2026,1229,0.6299346386
2026,1230,0.6505438929
2026,1231,-0.0129168792
2026,1232,0.1769300278
2026,1233,-0.0158399750
2026,1234,0.5521912573
2026,1235,0.1233761369
2026,1236,0.3201994681
2026,1237,0.1641966963
2026,1238,0.2442417633
2026,1239,-0.2068020489
2026,1240,1.1830268948
2026,1241,-0.0092132239
2026,1242,-0.3770770762
2026,1243,0.3436966759
2026,1244,0.5982366447
2026,1245,-0.1428692517
2026,1246,-0.1954337036
2026,1247,0.7250274551
2026,1248,-0.5888384041
2026,1249,0.4248242015
2026,1250,-0.3221205963
2026,1251,0.4928773829
2026,1252,-0.4813032833
2026,1253,0.2796219105
2026,1254,-0.4250354794
2026,1255,-0.9919330320
2026,1256,-0.5617237178
2026,1257,0.4915354927
2026,1258,0.1804362787
2026,1259,0.0592609355
2026,1260,0.4141623619
2026,1261,-1.0398686697
2026,1262,0.4944534949
2026,1263,-0.1419597353
2026,1264,-0.0709795526
2026,1265,-0.2875952187
2026,1266,0.2975273296
2026,1267,-0.8957689724
2026,1268,-0.4204819630
2026,1269,0.3839586037
2026,1270,-0.2349907909
2026,1271,1.0068947065
2026,1272,0.9818775696
2026,1273,0.0599444736
2026,1274,-0.0565865072
2026,1275,-0.4245948426
2026,1276,0.9139285789
2026,1277,-0.4692639082
2026,1278,0.5046946406
2026,1279,-0.7937156467
2026,1280,-0.1126158133
2026,1281,-0.2623822719
2026,1282,-0.0042512415
2026,1283,-0.2956866760
2026,1284,-0.4077375150
2026,1285,-0.7281220333
2026,1286,0.2222512519
2026,1287,0.6464524121
2026,1288,-0.1927731984
2026,1289,-0.5086364399
2026,1290,-0.8117420181
2026,1291,0.7951877326
2026,1292,-0.3324126067
2026,1293,-0.5036209229
2026,1294,0.6044291287
2026,1295,0.2939669437
2026,1296,-0.8363163039
2026,1297,0.0586653672
2026,1298,-0.3053290518
2026,1299,0.0177052511
2026,1300,1.2374840653
2026,1301,-0.6537182858
2026,1302,0.6219837462
2026,1303,-0.2512260916
2026,1304,-0.5626704141
2026,1305,0.5157011365
2026,1306,-0.5489008889
2026,1307,0.1801826174
2026,1308,-0.1606608321
2026,1309,-0.5717153874
2026,1310,-0.5215023979
2026,1311,-0.5406979641
2026,1312,0.1188615406
2026,1313,-0.5693244465
2026,1314,-0.8265037773
2026,1315,-0.1864805450
2026,1316,0.1633472025
2026,1317,-0.6545088166
2026,1318,-0.6986078581
2026,1319,0.8476367697
2026,1320,-0.2539556662
2026,1321,-0.4994991479
2026,1322,-1.2805228115
2026,1323,0.5897067424
2026,1324,0.1587363726
2026,1325,-0.3164922060
2026,1326,-0.3217041002
2026,1327,0.1968538880
2026,1328,0.5686277939
2026,1329,0.5667253494
2026,1330,-0.1557092694
2026,1331,-0.3392361479
2026,1332,0.4257959762
2026,1333,-1.1414130196
2026,1334,-0.2559156907
2026,1335,-0.2665463583
2026,1336,-0.6272817049
2026,1337,0.8629077816
2026,1338,-0.1148302331
2026,1339,-0.6148633824
2026,1340,-0.6333893099
2026,1341,0.7728659326
2026,1342,1.0110750353
2026,1343,0.4756722971
2026,1344,0.5334019258
2026,1345,-0.4306480761
2026,1346,-1.0209765712
2026,1347,0.5808184592
2026,1348,-1.1353443007
2026,1349,0.4772919517
2026,1350,-0.4507729619
2026,1351,0.0091375232
2026,1352,0.9711111610
2026,1353,-0.0674788106
2026,1354,-0.3500788438
2026,1355,-0.8003015073
2026,1356,-0.1935438464
2026,1357,-0.0650245235
2026,1358,0.5468519963
2026,1359,1.0755274450
2026,1360,0.5966629387
2026,1361,0.8771154459
2026,1362,0.1521582836
2026,1363,-0.3081728273
2026,1364,-0.7082046650
2026,1365,-0.0948449767
2026,1366,-0.4383868430
2026,1367,0.3342041433
2026,1368,0.1580706861
2026,1369,-0.2552111153
2026,1370,0.9278937567
2026,1371,0.8403073052
2026,1372,0.1029833356
2026,1373,-0.0555285573
2026,1374,-1.1822432041
2026,1375,0.4564533498
2026,1376,0.5209209207
2026,1377,-0.0776764108
2026,1378,-0.3049265148
2026,1379,-0.1971105495
2026,1380,0.7463003352
2026,1381,-0.1760342542
2026,1382,-0.0798701737
2026,1383,0.0712246252
2026,1384,0.0511267174
2026,1385,-0.2359941943
2026,1386,-0.0302088169
2026,1387,-0.6220696401
2026,1388,-1.0460700460
2026,1389,0.1803016971
2026,1390,-0.4169926011
2026,1391,-0.2182361241
2026,1392,0.4971559578
2026,1393,-0.3877460077
2026,1394,-0.1214504361
2026,1395,0.0323536101
2026,1396,-0.0161276626
2026,1397,-0.2490381838
2026,1398,0.7508377968
2026,1399,-0.2838723057
2026,1400,0.1423236904
2026,1401,-1.0179202885
2026,1402,-0.9578421083
2026,1403,-0.4296600811
2026,1404,0.7189099695
2026,1405,-0.7408498706
2026,1406,0.2604769286
2026,1407,-0.0219455897
2026,1408,-0.4948470183
2026,1409,-0.4929454717
2026,1410,-0.5889992820
2026,1411,-0.5944114286
2026,1412,0.5210381594
2026,1413,-0.3590621409
2026,1414,0.3216740175
2026,1415,0.4291789228
2026,1416,0.2940185393
2026,1417,0.4034539328
2026,1418,0.2435550266
2026,1419,-0.4201990775
2026,1420,-0.1957441887
2026,1421,0.1151290256
2026,1422,0.0327274553
2026,1423,-0.6543128545
2026,1424,0.8734104632
2026,1425,0.3462314371
2026,1426,0.2660726507
2026,1427,0.7814320798
2026,1428,0.0778948757
2026,1429,1.2280793261
2026,1430,-1.1417330707
2026,1431,-0.5573095361
2026,1432,0.5673238267
2026,1433,-0.5726843585
2026,1434,1.0602208475
2026,1435,-1.0020392101
2026,1436,-0.5268324662
2026,1437,-0.1252213057
2026,1438,0.3130714999
2026,1439,-0.3752744443
2026,1440,-0.1503218704
2026,1441,-0.0931399131
2026,1442,-0.0396108095
2026,1443,-0.1966276757
2026,1444,-0.3079397088
2026,1445,-0.1631667092
2026,1446,-0.2751679239
2026,1447,0.0732106160
2026,1448,-0.8382853688
2026,1449,-0.5648916927
2026,1450,0.2567746572
2026,1451,-0.7575220789
2026,1452,0.6773978908
2026,1453,-0.3050714645
2026,1454,-0.4692378340
2026,1455,1.1243039297
2026,1456,0.5551476418
2026,1457,0.3688837213
2026,1458,-0.8546887984
2026,1459,0.3107981789
2026,1460,-0.6822242577
2026,1461,0.0599308885
2026,1462,0.2175353013
2026,1463,-0.2371326189
2026,1464,-0.2561993403
2026,1465,-0.3036701469
2026,1466,0.2943347808
2026,1467,0.2413917143
2026,1468,-0.5456001640
2026,1469,0.0014311076
2026,1470,-0.2804731995
2026,1471,0.3904895273
2026,1472,0.2244060778
2026,1473,-0.4939780605
2026,1474,0.2786828743
2026,1475,0.3640138751
2026,1476,0.6314938238
2026,1477,0.0651969722
2026,1478,-0.1024830260
2026,1479,-0.4761246841
2026,1480,0.0425375741
2026,1481,0.0642442619
2026,1482,-0.5951482514
2026,1483,0.5833414220
2026,1484,1.0380961294
2026,1485,-0.2653538800
2026,1486,-0.1980388463
2026,1487,1.4374208672
2026,1488,0.0071959365
2026,1489,0.4744047541
2026,1490,0.4445134470
2026,1491,0.4936575110
2026,1492,-0.2577762758
2026,1493,-0.9280171542
2026,1494,-0.2729729339
2026,1495,0.8215741742
2026,1496,0.0192043461
2026,1497,-0.4620083404
2026,1498,-0.4699468239
2026,1499,0.6985488226
2026,1500,-1.2691734888
2026,1501,-0.0142561092
2026,1502,-0.0940576739
2026,1503,-0.2283497038
2026,1504,0.1211962767
2026,1505,0.0419445146
2026,1506,-0.4597212890
2026,1507,-0.0983625217
2026,1508,-1.1161049739
2026,1509,0.9740480657
2026,1510,-0.7967347493
2026,1511,0.1098782257
2026,1512,0.0499198075
2026,1513,-0.6141881367
2026,1514,-0.5286932424
2026,1515,-0.3206311513
2026,1516,-0.1909748035
2026,1517,0.4678807498
2026,1518,-0.5569960438
2026,1519,0.7065916667
2026,1520,-0.3115458523
2026,1521,0.5574288223
2026,1522,-0.6989322917
2026,1523,0.0865614651
2026,1524,-0.4447503290
2026,1525,-1.0857633463
2026,1526,0.2545636999
2026,1527,-0.6020940158
2026,1528,-0.4625652177
2026,1529,-0.1890029535
2026,1530,0.5559053202
2026,1531,-0.2344038898
2026,1532,-0.2494293936
2026,1533,0.9925057098
2026,1534,0.7018512318
2026,1535,-1.0301814646
2026,1536,0.5465773352
2026,1537,-0.5558732160
2026,1538,0.6906289367
2026,1539,-1.0454135650
2026,1540,0.8796149403
2026,1541,0.3480566162
2026,1542,1.1347751935
2026,1543,0.4939790466
2026,1544,0.0363302638
2026,1545,0.3387492927
2026,1546,0.7443275502
2026,1547,0.5651233503
2026,1548,0.6424102761
2026,1549,-0.9615767079
2026,1550,0.0950516029
2026,1551,-0.9331560299
2026,1552,1.1063263429
2026,1553,-0.1725695819
2026,1554,-0.0105201925
2026,1555,0.2978965921
2026,1556,0.0384167517
2026,1557,-0.0739703785
2026,1558,-0.6152708193
2026,1559,0.4715851891
2026,1560,0.5160685301
2026,1561,0.3200660463
2026,1562,-0.4210747945
2026,1563,-0.3354278387
2026,1564,-0.8584208719
2026,1565,-0.9807733867
2026,1566,-0.8075593358
2026,1567,-0.2362894139
2026,1568,0.9773696696
2026,1569,-0.2683082058
2026,1570,1.0207301962
2026,1571,-0.4565647537
2026,1572,0.3367388965
2026,1573,-0.6257045314
2026,1574,0.6949264705
2026,1575,0.2322051322
2026,1576,-0.0632843056
2026,1577,-0.5194667681
2026,1578,0.2021591899
2026,1579,-0.4841594467
2026,1580,0.7397406797
2026,1581,-0.6098286263
2026,1582,1.4335429971
2026,1583,-0.7544940035
2026,1584,0.9873396429
2026,1585,-0.5438825071
2026,1586,-0.4921905504
2026,1587,0.3802014697
2026,1588,-0.1296769741
2026,1589,0.3430078643
2026,1590,0.1665852341
2026,1591,-0.9183519238
2026,1592,0.7346615821
2026,1593,-0.6694356171
2026,1594,0.7662290102
2026,1595,-0.9694394507
2026,1596,0.2720339588
2026,1597,0.5992197910
2026,1598,-0.7969596571
2026,1599,0.1792842744
2026,1600,-0.4405417389
2026,1601,0.2800103906
2026,1602,-0.5084194540
2026,1603,-0.9076995607
2026,1604,-0.1798919593
2026,1605,-0.6613354425
2026,1606,0.3147428572
2026,1607,0.2406623907
2026,1608,0.5988582645
2026,1609,-0.2469830975
2026,1610,-0.2425911867
2026,1611,0.0814081589
2026,1612,0.1077154204
2026,1613,-0.1172796392
2026,1614,0.2077333921
2026,1615,-0.3818674686
2026,1616,-1.2313120235
2026,1617,-0.2575092897
2026,1618,0.8348689151
2026,1619,0.2828270358
2026,1620,-0.6515039367
2026,1621,-0.7215373045
2026,1622,0.3310136428
2026,1623,-0.8415754993
2026,1624,0.3537297013
2026,1625,0.1499849554
2026,1626,-0.8545319758
2026,1627,-0.5407911372
2026,1628,0.0166681464
2026,1629,-0.4010001080
2026,1630,0.2444814162
2026,1631,-0.1265035796
2026,1632,0.5122387705
2026,1633,-0.6044436683
2026,1634,-0.0660913969
2026,1635,-0.3515721860
2026,1636,-0.0767992180
2026,1637,0.0190012727
2026,1638,-0.5468548205
2026,1639,-1.0464127498
2026,1640,-1.1324519048
2026,1641,0.1855476699
2026,1642,0.6552367893
2026,1643,0.1792409926
2026,1644,-0.7697999254
2026,1645,-0.6077567566
2026,1646,0.0875297351
2026,1647,-0.3605533037
2026,1648,-1.1109629948
2026,1649,-0.1732953693
2026,1650,0.2247826868
2026,1651,0.2815233708
2026,1652,-0.4766557293
2026,1653,0.3854602809
2026,1654,0.1635980305
2026,1655,-1.2104168895
2026,1656,0.3558306839
2026,1657,0.5858569355
2026,1658,0.4670736276
2026,1659,-0.0916364747
2026,1660,0.1256993861
2026,1661,0.6746506576
2026,1662,-0.0620432575
2026,1663,0.0533198788
2026,1664,-1.0073160703
2026,1665,0.3127038653
2026,1666,-0.5749648819
2026,1667,0.2452492324
2026,1668,-0.3425643545
2026,1669,-0.8961278449
2026,1670,0.5362417057
2026,1671,0.6958670760
2026,1672,0.4983081657
2026,1673,-0.4046508088
2026,1674,-0.1451130853
2026,1675,0.5576899636
2026,1676,0.5991659088
2026,1677,0.2252319923
2026,1678,-0.0503175748
2026,1679,0.2587795575
2026,1680,-0.4442343155
2026,1681,-0.6948900705
2026,1682,0.1377217940
2026,1683,0.6365226272
2026,1684,0.5688010390
2026,1685,-0.1405885399
2026,1686,0.6657409156
2026,1687,0.2521500613
2026,1688,0.4625353930
2026,1689,-0.2620388967
2026,1690,-0.6809011418
2026,1691,-0.3734863166
2026,1692,-1.1903364088
2026,1693,-0.2816826590
2026,1694,-0.3000475701
2026,1695,0.8114466631
2026,1696,-0.0808651671
2026,1697,0.2010249576
2026,1698,-0.0580442507
2026,1699,-0.5786938514
2026,1700,0.0214909493
2026,1701,0.0917450009
2026,1702,0.4146550825
2026,1703,0.9353368317
2026,1704,-0.3455751703
2026,1705,-0.3302989325
2026,1706,-0.7096403503
2026,1707,-0.5902834858
2026,1708,-0.3072796115
2026,1709,0.4320523561
2026,1710,0.2274565926
2026,1711,-0.1289779613
2026,1712,-0.2898579322
2026,1713,1.1083350873
2026,1714,0.7968922685
2026,1715,-0.4020245115
2026,1716,-0.2454657184
2026,1717,-0.4986938063
2026,1718,-0.0436927851
2026,1719,0.0519866269
2026,1720,-0.6483849596
2026,1721,-0.5507616839
2026,1722,-0.9979332703
2026,1723,-0.1601605089
2026,1724,-0.2036198078
2026,1725,0.8515215708
2026,1726,0.2387286287
2026,1727,-1.1637434681
2026,1728,0.2714548209
2026,1729,0.0892647182
2026,1730,0.4220901048
2026,1731,-0.7306723479
2026,1732,-0.5681520176
2026,1733,0.1000510989
2026,1734,-0.1335526116
2026,1735,0.3928655014
2026,1736,-0.6042035577
2026,1737,-0.1648915782
2026,1738,-1.0179867183
2026,1739,1.0587278829
2026,1740,0.2749685887
2026,1741,-0.1415915001
2026,1742,0.0821167373
2026,1743,0.3033678618
2026,1744,1.0896281066
2026,1745,-0.2134758797
2026,1746,0.8512548780
2026,1747,-0.1912226648
2026,1748,0.7106943810
2026,1749,0.8813630116
2026,1750,-0.1178218298
2026,1751,-0.0757156262
2026,1752,0.5682979815
2026,1753,0.1293464117
2026,1754,0.5348929207
2026,1755,0.2005289431
2026,1756,0.1455925052
2026,1757,0.4200221930
2026,1758,0.1417487898
2026,1759,0.3515455308
2026,1760,-0.2876998735
2026,1761,-0.1824503109
2026,1762,0.8385129180
2026,1763,0.2117200904
2026,1764,0.4065949854
2026,1765,-0.2381796865
2026,1766,0.0114145270
2026,1767,0.2124581928
2026,1768,0.1223716937
2026,1769,-0.2701758323
2026,1770,-0.2999927892
2026,1771,0.0336331660
2026,1772,0.9572842884
2026,1773,-0.5325584452
2026,1774,-0.0925425345
2026,1775,-0.9177953150
2026,1776,0.1774001563
2026,1777,0.1719189556
2026,1778,-0.0861874399
2026,1779,-0.1971754580
2026,1780,1.1070977066
2026,1781,0.3255037336
2026,1782,-0.6021270979
2026,1783,-0.2372575673
2026,1784,0.2010313251
2026,1785,0.4118752277
2026,1786,0.3440354053
2026,1787,0.2247639473
2026,1788,0.2351277708
2026,1789,-0.2671905718
2026,1790,0.2096239161
2026,1791,-0.8548467682
2026,1792,0.8442127468
2026,1793,0.5475806258
2026,1794,-0.1515894893
2026,1795,-0.2488222254
2026,1796,0.5761671823
2026,1797,-0.6477825844
2026,1798,0.4295749797
2026,1799,-0.2950672248
2026,1800,-0.2479541366
2026,1801,0.1237724253
2026,1802,0.4451996365
2026,1803,0.2193758927
2026,1804,-0.3730248432
2026,1805,0.7033277716
2026,1806,0.5525566121
2026,1807,0.0481797343
2026,1808,0.4436574778
2026,1809,-0.7098611804
2026,1810,-0.2003950400
2026,1811,0.1530664639
2026,1812,0.2010157583
2026,1813,0.1366654581
2026,1814,0.1005553702
2026,1815,-0.0397837160
2026,1816,-0.2228507722
2026,1817,0.3930699685
2026,1818,-0.4540196083
2026,1819,0.1467176291
2026,1820,0.5244727004
2026,1821,-0.1225290491
2026,1822,0.0075620963
2026,1823,-0.4311411097
2026,1824,0.2268743762
2026,1825,0.0682470951
2026,1826,0.3779758846
2026,1827,0.2823062652
2026,1828,0.3849168954
2026,1829,-0.2184887832
2026,1830,0.0860888631
2026,1831,-0.6175741383
2026,1832,0.6711180572
2026,1833,-0.2451377452
2026,1834,-0.6086471604
2026,1835,-0.1515955568
2026,1836,-0.1374884665
2026,1837,0.2580073122
2026,1838,0.2748546631
2026,1839,0.8816694046
2026,1840,0.0895067643
2026,1841,0.5312303528
2026,1842,0.4518094496
2026,1843,-0.1826513313
2026,1844,0.1670883770
2026,1845,0.3126682464
2026,1846,0.2331826371
2026,1847,1.5423173706
2026,1848,-0.1001530484
2026,1849,0.4445995068
2026,1850,0.3031879946
2026,1851,0.1472464333
2026,1852,0.4154409866
2026,1853,-0.0841705671
2026,1854,-0.7448818240
2026,1855,0.5645932720
2026,1856,-0.6908193867
2026,1857,-0.6189653186
2026,1858,-0.1011665538
2026,1859,0.5300884118
2026,1860,-0.3774874123
2026,1861,-0.7858945852
2026,1862,0.2193467957
2026,1863,-0.4909915576
2026,1864,0.1136862967
2026,1865,-0.2983870332
2026,1866,-0.6376241127
2026,1867,-0.5076959010
2026,1868,-0.6402900362
2026,1869,0.3693883850
2026,1870,0.7566100098
2026,1871,0.1589359595
2026,1872,-0.0542496547
2026,1873,0.3589935406
2026,1874,-0.2624076278
2026,1875,0.5049330166
2026,1876,-0.1382827333
2026,1877,-0.2427704821
2026,1878,0.6296650095
2026,1879,1.5859382053
2026,1880,0.0089176153
2026,1881,-0.0044005865
2026,1882,-0.8666129593
2026,1883,-0.0496923530
2026,1884,0.2666219706
2026,1885,-0.8709063807
2026,1886,-0.1802521497
2026,1887,0.5570191705
2026,1888,0.4947776150
2026,1889,-0.5348910471
2026,1890,0.3940677582
2026,1891,0.5461727308
2026,1892,-0.7461287869
2026,1893,0.0991939857
2026,1894,-0.3441911264
2026,1895,0.3242883230
2026,1896,-0.0211562217
2026,1897,0.5264022631
2026,1898,0.5608604305
2026,1899,0.7344581780
2026,1900,-0.0686244809
2026,1901,0.4129296972
2026,1902,0.1632254073
2026,1903,0.2644949845
2026,1904,0.3738421673
2026,1905,-0.1350584867
2026,1906,-0.6496846404
2026,1907,0.4645646516
2026,1908,0.7314394476
2026,1909,0.5239945345
2026,1910,0.2960142572
2026,1911,0.0740322730
2026,1912,-0.0195207991
2026,1913,-0.9042332543
2026,1914,-0.3035272522
2026,1915,0.6190663457
2026,1916,0.3179150608
2026,1917,1.1323535287
2026,1918,0.6916374777
2026,1919,0.1866146108
2026,1920,-1.1642868471
2026,1921,0.2706183297
2026,1922,-0.7174324060
2026,1923,-0.2747667093
2026,1924,-0.0489799115
2026,1925,0.4515132336
2026,1926,-0.3513834772
2026,1927,-0.3658463766
2026,1928,-0.2383336038
2026,1929,-0.9178165035
2026,1930,0.4494353812
2026,1931,1.2858297612
2026,1932,-0.7384524629
2026,1933,0.2610598169
2026,1934,-0.4849580875
2026,1935,-0.5198572119
2026,1936,-0.7442195133
2026,1937,-1.2902975977
2026,1938,-0.0090674512
2026,1939,-0.6099202945
2026,1940,0.6527159344
2026,1941,-1.0577450666
2026,1942,0.2307128889
2026,1943,-0.4323107998
2026,1944,-0.4612178290
2026,1945,-0.0273954649
2026,1946,0.6747482165
2026,1947,-0.2152556666
2026,1948,0.0014895203
2026,1949,0.2423098363
2026,1950,0.2639724872
2026,1951,0.6268556831
2026,1952,-0.1769710988
2026,1953,-0.0390525384
2026,1954,-0.8312203799
2026,1955,0.3967957765
2026,1956,0.2692460637
2026,1957,0.5303116223
2026,1958,0.9460739797
2026,1959,0.7069719738
2026,1960,0.0165793858
2026,1961,0.5478735628
2026,1962,-0.0381334023
2026,1963,-0.4826061595
2026,1964,0.5752121682
2026,1965,0.9819554480
2026,1966,0.1747504096
2026,1967,0.1437513367
2026,1968,-0.0430139759
2026,1969,0.0875853775
2026,1970,-0.4267303124
2026,1971,-0.6023681770
2026,1972,0.0759936198
2026,1973,-0.0538040269
2026,1974,0.1157304369
2026,1975,0.1053431698
2026,1976,-0.1625971658
2026,1977,0.7996434632
2026,1978,0.1793803464
2026,1979,0.4746080394
2026,1980,1.0217865043
2026,1981,0.8796754915
2026,1982,-0.2536752876
2026,1983,-0.1267084783
2026,1984,-0.0720435434
2026,1985,0.1974251541
2026,1986,0.0471103534
2026,1987,-0.2765536867
2026,1988,-0.6717274762
2026,1989,0.3897424968
2026,1990,-0.4598011762
2026,1991,-0.7968962825
2026,1992,0.7527933953
2026,1993,-0.3815178581
2026,1994,-0.5978474217
2026,1995,0.2344133907
2026,1996,0.6432956137
2026,1997,-0.2680957326
2026,1998,0.5123685793
2026,1999,-0.5543843521
2026,2000,-1.0384571077
2026,2001,0.5364228215
2026,2002,0.3293699825
2026,2003,-0.3986847806
2026,2004,-0.2808543992
2026,2005,-0.7267415528
2026,2006,-0.1026021136
2026,2007,-0.0364884738
2026,2008,-0.3622930585
2026,2009,0.2465718048
2026,2010,0.1676095831
2026,2011,0.2776637432
2026,2012,-0.3985904912
2026,2013,-0.5569241130
2026,2014,0.3275389713
2026,2015,-0.5502809838
2026,2016,0.9351700684
2026,2017,-0.1112171502
2026,2018,0.9770566576
2026,2019,-0.4550070383
2026,2020,0.4478081463
2026,2021,0.7375944155
2026,2022,0.0747175050
2026,2023,0.8242529920
2026,2024,-0.2333929505
2026,2025,-0.7060146529
2026,2026,-0.1372155758
2026,2027,-0.4436532210
2026,2028,0.4992192850
2026,2029,-0.8131718261
2026,2030,0.6032514161
2026,2031,0.3449703207
2026,2032,0.1649074467
2026,2033,0.7512025392
2026,2034,-0.4352420449
2026,2035,-0.0886475269
2026,2036,-0.3831886731
2026,2037,-0.0416836985
2026,2038,0.6827347144
2026,2039,-0.1127693151
2026,2040,-0.5199769682
2026,2041,0.8245516453
2026,2042,0.4966225202
2026,2043,0.2221932548
2026,2044,0.8227299402
2026,2045,0.3235948623
2026,2046,-1.1347457915
2026,2047,-0.1505765615
2026,2048,-0.0450452630
2026,2049,-0.0183834950
2026,2050,0.7271032111
2026,2051,-0.5130146240
2026,2052,0.4477514065
2026,2053,0.5328877231
2026,2054,-1.0995473651
2026,2055,0.2002569259
2026,2056,-1.0183067312
2026,2057,-0.7248727902
2026,2058,-0.5143136889
2026,2059,-0.3685922388
2026,2060,0.5353745040
2026,2061,0.6113029879
2026,2062,0.2916460633
2026,2063,0.5000936850
2026,2064,-0.1030591572
2026,2065,-0.3812206311
2026,2066,-0.2600497863
2026,2067,-0.0878701598
2026,2068,-0.1355039066
2026,2069,0.4795283465
2026,2070,0.4094306822
2026,2071,0.0385176788
2026,2072,-0.0730560541
2026,2073,0.0722012060
2026,2074,0.2183292919
2026,2075,-1.2341308702
2026,2076,-0.3227391885
2026,2077,-0.5210682347
2026,2078,-0.2389584999
2026,2079,-0.1660021504
2026,2080,0.4264085396
2026,2081,-0.2900941809
2026,2082,0.1603197115
2026,2083,0.4979400642
2026,2084,0.3798727445
2026,2085,0.5068197091
2026,2086,-0.2589856052
2026,2087,0.4784976806
2026,2088,-0.7673481386
2026,2089,-0.0176750782
2026,2090,0.6293656794
2026,2091,-0.2654552075
2026,2092,0.6134754439
2026,2093,-1.0885652467
2026,2094,-0.2520416527
2026,2095,0.2619986300
2026,2096,-0.2220867494
2026,2097,0.0307488364
2026,2098,0.0354548017
2026,2099,-0.6934783584
2026,2100,-0.1721997321
2026,2101,-0.8252950564
2026,2102,-0.6172506197
2026,2103,0.5698452716
2026,2104,0.2776274575
2026,2105,-0.2107101731
2026,2106,0.0855346182
2026,2107,-0.2670048942
2026,2108,-0.1528795396
2026,2109,0.1947039503
2026,2110,0.3525679662
2026,2111,0.4991687519
2026,2112,-0.5510934935
2026,2113,-0.6233271672
2026,2114,0.0566566000
2026,2115,0.8660451218
2026,2116,0.5482190860
2026,2117,-0.3402964922
2026,2118,-0.4300087681
2026,2119,-0.8028892621
2026,2120,0.0455212618
2026,2121,0.0480135486
2026,2122,1.0291989465
2026,2123,0.6653408525
2026,2124,0.5652613700
2026,2125,0.4495968962
2026,2126,0.2877819039
2026,2127,-0.7644127934
2026,2128,-0.5438893407
2026,2129,-0.5674073236
2026,2130,0.0614022259
2026,2131,0.2851633027
2026,2132,0.7740649267
2026,2133,-0.1670204715
2026,2134,0.5583062668
2026,2135,-0.6378970760
2026,2136,0.5871900874
2026,2137,-0.4333213259
2026,2138,0.3685961738
2026,2139,0.5275038431
2026,2140,0.6704854548
2026,2141,-0.4738876556
2026,2142,-0.5968082254
2026,2143,0.0759435886
2026,2144,-0.5877337758
2026,2145,-0.0521944160
2026,2146,-0.0253763643
2026,2147,-0.0239327033
2026,2148,-0.7285513194
2026,2149,-0.2060978890
2026,2150,-0.9788860825
2026,2151,-0.2021289452
2026,2152,-0.0094628146
2026,2153,0.4353172993
2026,2154,0.6210095509
2026,2155,-0.9292719413
2026,2156,0.7580225248
2026,2157,-0.6153172219
2026,2158,0.8651082693
2026,2159,0.1059167692
2026,2160,-0.2562882240
2026,2161,-0.0557543062
2026,2162,-0.2783389614
2026,2163,-0.3319268364
2026,2164,1.0152561052
2026,2165,0.3371062607
2026,2166,0.6782866440
2026,2167,0.1378126786
2026,2168,0.1315131191
2026,2169,-0.2261807650
2026,2170,-0.2362845984
2026,2171,-0.0811709549
2026,2172,-0.5208981930
2026,2173,0.4449283781
2026,2174,-0.3397087331
2026,2175,-0.4085506877
2026,2176,-0.7004912752
2026,2177,-0.8987693987
2026,2178,0.1527799903
2026,2179,0.2164919097
2026,2180,0.2035780467
2026,2181,0.3503682671
2026,2182,-0.8435026760
2026,2183,0.7520682588
2026,2184,0.3969259835
2026,2185,0.1862094822
2026,2186,0.0258995982
2026,2187,0.7866760515
2026,2188,-0.3204374223
2026,2189,0.8022676202
2026,2190,0.4063592242
2026,2191,-0.6696492260
2026,2192,0.6694235241
2026,2193,0.3638775274
2026,2194,-0.8016112135
2026,2195,1.0313554690
2026,2196,0.2042114475
2026,2197,-0.6381442599
2026,2198,-0.0788900235
2026,2199,-0.9293033829
2026,2200,-0.1625952497
2026,2201,-0.9447831137
2026,2202,-0.1380004588
2026,2203,0.3403041553
2026,2204,1.0027066205
2026,2205,-0.1087561260
2026,2206,-0.1994490171
2026,2207,-0.2047743259
2026,2208,0.8125699286
2026,2209,0.2618604778
2026,2210,0.1973953426
2026,2211,0.1608366476
2026,2212,-0.9134726503
2026,2213,0.2368318518
2026,2214,-0.1130081687
2026,2215,0.1631935222
2026,2216,0.3828720191
2026,2217,0.2783504401
2026,2218,0.3609697036
2026,2219,-0.2966773470
2026,2220,0.1505597357
2026,2221,-0.6175223774
2026,2222,-0.5117636660
2026,2223,0.6246507596
2026,2224,-0.1400556725
2026,2225,0.2870529807
2026,2226,-0.4328672093
2026,2227,-0.2885781155
2026,2228,-0.4140828061
2026,2229,0.0610047393
2026,2230,0.9838877919
2026,2231,0.2104409621
2026,2232,-0.9921697253
2026,2233,0.3111473488
2026,2234,0.9150324996
2026,2235,-0.0267102049
2026,2236,-0.2654007927
2026,2237,0.0897736685
2026,2238,0.3750114481
2026,2239,0.0789478654
2026,2240,-0.6692829608
2026,2241,-0.2206764674
2026,2242,-0.2691931950
2026,2243,0.2474686617
2026,2244,0.5444512315
2026,2245,-0.1126004849
2026,2246,1.0202867579
2026,2247,-0.1208971547
2026,2248,0.5927914087
2026,2249,-0.0642909661
2026,2250,1.1073479376
2026,2251,-0.2071945795
2026,2252,-0.3332384079
2026,2253,-0.4291047344
2026,2254,-0.5592129007
2026,2255,-0.3055948060
2026,2256,0.4853905295
2026,2257,-0.1082885453
2026,2258,-0.5315466161
2026,2259,-0.3313614720
2026,2260,-0.7868119121
2026,2261,-0.1655791421
2026,2262,-0.0436833824
2026,2263,-0.3052464656
2026,2264,0.1858607884
2026,2265,0.3807825474
2026,2266,0.7068424694
2026,2267,-1.0064508821
2026,2268,0.0010227640
2026,2269,0.1976758095
2026,2270,0.2686537186
2026,2271,-0.3326454755
2026,2272,-0.0195525997
2026,2273,0.0199460966
2026,2274,0.6940307035
2026,2275,-0.2958950638
2026,2276,0.1950188240
2026,2277,0.5818324478
2026,2278,-1.2854037506
2026,2279,0.9360667694
2026,2280,0.4021385139
2026,2281,-0.5079242197
2026,2282,-0.0643058466
2026,2283,-0.6491198726
2026,2284,0.0386879995
2026,2285,-0.0971994033
2026,2286,0.5576233730
2026,2287,0.0903146437
2026,2288,0.4423620526
2026,2289,-0.6742529786
2026,2290,-0.1203041730
2026,2291,0.2777339976
2026,2292,0.4377518761
2026,2293,-0.0464072825
2026,2294,0.4594989236
2026,2295,1.3975765840
2026,2296,0.3316209670
2026,2297,0.2733275244
2026,2298,-0.3415374313
2026,2299,-0.2284938486
2026,2300,0.4831752496
2026,2301,-0.2815846975
2026,2302,0.3506881719
2026,2303,1.0397725992
2026,2304,-0.5124592694
2026,2305,-0.2872244333
2026,2306,0.4840725531
2026,2307,0.0665422417
2026,2308,-0.2222946270
2026,2309,-1.1926863539
2026,2310,0.1270276726
2026,2311,0.5501842578
2026,2312,-0.2420785593
2026,2313,-0.2866504475
2026,2314,-0.4702162229
2026,2315,1.0517297685
2026,2316,0.4268621574
2026,2317,0.8127654616
2026,2318,0.2889926780
2026,2319,-0.0197778779
2026,2320,0.1096905306
2026,2321,0.4724490008
2026,2322,-0.2461996233
2026,2323,-0.5374752343
2026,2324,0.5693703495
2026,2325,-0.3432062723
2026,2326,0.0810578569
2026,2327,0.3940669975
2026,2328,0.3582293883
2026,2329,-0.5378281630
2026,2330,0.6206625183
2026,2331,-0.0252448559
2026,2332,0.5570849902
2026,2333,0.4883521805
2026,2334,-0.4126584821
2026,2335,0.6049695054
2026,2336,0.0165818015
2026,2337,-0.3506963715
2026,2338,-0.0992015741
2026,2339,1.1048358641
2026,2340,0.9157017512
2026,2341,-0.1620874607
2026,2342,0.8718594322
2026,2343,0.3897530594
2026,2344,-0.8319448070
2026,2345,-0.0451634667
2026,2346,-0.4589643320
2026,2347,0.4779517969
2026,2348,0.0167177279
2026,2349,0.1748796396
2026,2350,-0.1160670422
2026,2351,0.3880377701
2026,2352,0.1207807931
2026,2353,0.0546628018
2026,2354,-0.0424639328
2026,2355,0.2388963848
2026,2356,0.1984937677
2026,2357,0.0895267028
2026,2358,1.1807440012
2026,2359,0.2427947100
2026,2360,0.4998529748
2026,2361,-0.8684066161
2026,2362,-0.3380670181
2026,2363,0.2231650929
2026,2364,0.6435771065
2026,2365,-0.1376669102
2026,2366,-1.1879432288
2026,2367,0.3184752255
2026,2368,-0.0348189788
2026,2369,0.3263482981
2026,2370,0.5801256414
2026,2371,0.6161386726
2026,2372,-0.0009727470
2026,2373,-0.5825909810
2026,2374,-0.8093872281
2026,2375,0.1039947498
2026,2376,-1.1725580532
2026,2377,-0.0697290253
2026,2378,-0.2945443159
2026,2379,0.2934005554
2026,2380,0.5618232467
2026,2381,-0.1455787861
2026,2382,-0.3067445688
2026,2383,-0.8871213509
2026,2384,0.2046080137
2026,2385,-0.0656135168
2026,2386,-0.7899310335
2026,2387,0.4310102856
2026,2388,0.8961333917
2026,2389,-0.1350845193
2026,2390,0.6515807256
2026,2391,0.9117618886
2026,2392,0.3306914133
2026,2393,-0.4068119456
2026,2394,-0.1169699606
2026,2395,0.2724888906
2026,2396,-0.8486644792
2026,2397,-0.0089054213
2026,2398,0.7628039614
2026,2399,0.8919347365
2026,2400,0.2962598948
2026,2401,-0.3364934778
2026,2402,-0.2789254523
2026,2403,0.3287651473
2026,2404,-0.0061566425
2026,2405,0.0870699907
2026,2406,0.7512557888
2026,2407,-0.2310510600
2026,2408,0.3677948328
2026,2409,0.5032048843
2026,2410,-0.9903909518
2026,2411,0.7054799917
2026,2412,-0.8787142929
2026,2413,1.0077988525
2026,2414,0.9423125627
2026,2415,-0.3406322474
2026,2416,0.4147131022
2026,2417,-0.2548248263
2026,2418,-0.0501860997
2026,2419,-0.3684090721
2026,2420,-0.4091532795
2026,2421,-0.7111883030
2026,2422,-0.2837243641
2026,2423,0.2354723520
2026,2424,0.2247858919
2026,2425,-1.7540960567
2026,2426,-0.0828831103
2026,2427,0.3868588938
2026,2428,0.1459249762
2026,2429,0.1174208611
2026,2430,0.5490977954
2026,2431,0.2953047104
2026,2432,0.6512081510
2026,2433,0.5218526650
2026,2434,-0.6649653430
2026,2435,1.0191979317
2026,2436,-0.3752780415
2026,2437,0.7613762133
2026,2438,-0.2271384508
2026,2439,-0.4563315936
2026,2440,-0.1463406717
2026,2441,-0.5793741696
2026,2442,0.2797436785
2026,2443,-0.1644071741
2026,2444,-0.6404207114
2026,2445,-0.3912118794
2026,2446,0.0096308314
2026,2447,1.0180337976
2026,2448,0.2613519312
2026,2449,0.4941134772
2026,2450,0.3671037740
2026,2451,-0.7766172603
2026,2452,-0.1159183124
2026,2453,0.0777976740
2026,2454,-0.0878414370
2026,2455,0.4008174426
2026,2456,-0.9997840033
2026,2457,0.5385302515
2026,2458,-0.3566226437
2026,2459,1.1897879006
2026,2460,-0.8381290540
2026,2461,-0.5675706435
2026,2462,-0.5752604578
2026,2463,-0.1194050889
2026,2464,0.7440559932
2026,2465,0.6786942397
2026,2466,0.1357402661
2026,2467,0.2313407525
2026,2468,-0.2423549847
2026,2469,-1.1403619096
2026,2470,0.3199266999
2026,2471,0.1980837250
2026,2472,-0.2117407314
2026,2473,0.6096640902
2026,2474,0.1322766422
2026,2475,-0.4814812928
2026,2476,-0.9622964912
2026,2477,0.8453028828
2026,2478,-0.5739946317
2026,2479,-1.0956851295
2026,2480,0.3184106939
2026,2481,0.1673051840
2026,2482,0.2471267307
2026,2483,-0.0525469442
2026,2484,0.2161650695
2026,2485,-0.0371507194
2026,2486,0.0473258911
2026,2487,-0.0399887245
2026,2488,-0.1565051668
2026,2489,1.1145011943
2026,2490,-0.2703992506
2026,2491,0.3327227581
2026,2492,0.7407749020
2026,2493,0.1669251592
2026,2494,-0.8610455659
2026,2495,0.6285628662
2026,2496,-1.0078263409
2026,2497,0.7029283869
2026,2498,-0.4679540130
2026,2499,-0.4714560796
2026,2500,0.2847754486
2026,2501,0.7769523825
2026,2502,-0.0765420502
2026,2503,-0.2963899888
2026,2504,-0.0775146116
2026,2505,-0.4856381438
2026,2506,0.4133078942
2026,2507,-0.2675377463
2026,2508,0.2128101395
2026,2509,-0.9926252031
2026,2510,-0.4467916451
2026,2511,-0.1150969924
2026,2512,-0.4122069334
2026,2513,1.0901536485
2026,2514,-0.3847467408
2026,2515,-0.8809951097
2026,2516,0.2206583633
2026,2517,-0.5397854062
2026,2518,0.7481343485
2026,2519,-0.3335374649
2026,2520,0.0082889338
2026,2521,0.2457557452
2026,2522,0.7184650165
2026,2523,0.4022148463
2026,2524,0.6067186582
2026,2525,0.2907832138
2026,2526,0.3529219292
2026,2527,0.4879834351
2026,2528,0.5361108055
2026,2529,-1.2107497389
2026,2530,0.4451993942
2026,2531,-0.2382908926
2026,2532,-0.9658585267
2026,2533,0.1114401229
2026,2534,-0.5185811309
2026,2535,0.5789754697
2026,2536,0.0550221862
2026,2537,-0.0942985994
2026,2538,0.1897760593
2026,2539,-0.2527923760
2026,2540,-0.3837194467
2026,2541,-0.6600211701
2026,2542,0.1158974969
2026,2543,-0.4013576651
2026,2544,0.5106923766
2026,2545,-0.2786711452
2026,2546,0.2600862083
2026,2547,0.2156997198
2026,2548,0.3207865118
2026,2549,-0.2803136168
2026,2550,0.0538759919
2026,2551,-0.3756375547
2026,2552,0.3069653158
2026,2553,0.9406888392
2026,2554,0.0221254172
2026,2555,0.5716488427
2026,2556,-0.4143081458
2026,2557,0.0885071548
2026,2558,0.1735899816
2026,2559,0.1988194782
2026,2560,0.9720844161
2026,2561,0.7561786928
2026,2562,-0.6750909769
2026,2563,-0.3882080254
2026,2564,0.1147802006
2026,2565,0.1489853925
2026,2566,-0.9426753370
2026,2567,0.1266723394
2026,2568,0.3363004940
2026,2569,0.6773845961
2026,2570,0.4347648483
2026,2571,-0.1175193246
2026,2572,0.0527195198
2026,2573,-0.2434506708
2026,2574,-0.8987949700
2026,2575,-0.5015975131
2026,2576,-0.2122553641
2026,2577,-0.1922410650
2026,2578,-1.4637466651
2026,2579,-0.5125986154
2026,2580,0.7275603460
2026,2581,-0.3872814626
2026,2582,-0.3765748711
2026,2583,-0.3814870011
2026,2584,0.6827559248
2026,2585,-0.0406067185
2026,2586,-0.4777021235
2026,2587,-0.2879865060
2026,2588,0.1232528125
2026,2589,-0.5920732344
2026,2590,0.1006049067
2026,2591,0.2051884387
2026,2592,-0.3271932826
2026,2593,-0.7025261698
2026,2594,-0.1945943776
2026,2595,0.2785125424
2026,2596,0.6694175067
2026,2597,0.2059344739
2026,2598,-0.8387373317
2026,2599,-0.2264607431
2026,2600,0.5302567029
2026,2601,0.0748991860
2026,2602,0.2818263886
2026,2603,0.9944206927
2026,2604,-0.4005495962
2026,2605,0.2553575389
2026,2606,0.4094128250
2026,2607,-0.9528464929
2026,2608,-0.2654898098
2026,2609,1.3735827744
2026,2610,0.8145527279
2026,2611,0.9464040757
2026,2612,0.2332934132
2026,2613,0.4225870754
2026,2614,-0.4197090288
2026,2615,0.2769234211
2026,2616,-0.9975556275
2026,2617,0.0267104274
2026,2618,-0.2731916352
2026,2619,0.0006289551
2026,2620,0.3961916167
2026,2621,-0.1843716121
2026,2622,-1.0525920400
2026,2623,1.0491175666
2026,2624,-0.2289369575
2026,2625,0.6055479186
2026,2626,-0.8493134892
2026,2627,-0.2557556173
2026,2628,-0.4558412793
2026,2629,-0.2549261964
2026,2630,-0.9284988747
2026,2631,0.5158739692
2026,2632,-0.6559764465
2026,2633,0.0492871944
2026,2634,0.0578212532
2026,2635,0.2763502391
2026,2636,-0.4214018617
2026,2637,0.5045196738
2026,2638,0.0945748544
2026,2639,-0.1353374762
2026,2640,0.5953899041
2026,2641,-0.9030569217
2026,2642,-0.2720980276
2026,2643,-0.4412541170
2026,2644,-0.5526668351
2026,2645,-0.3830437847
2026,2646,0.4955860940
2026,2647,0.1247806894
2026,2648,0.4241565456
2026,2649,0.3490699085
2026,2650,-0.2103840881
2026,2651,-0.9259048939
2026,2652,0.1730650853
2026,2653,0.0744381187
2026,2654,-0.2220208961
2026,2655,-1.0338928119
2026,2656,0.2183014803
2026,2657,0.2219918570
2026,2658,0.1240984229
2026,2659,0.7116391924
2026,2660,-0.8985486017
2026,2661,0.2248597186
2026,2662,-0.3157628427
2026,2663,-1.0415582831
2026,2664,0.4501314863
2026,2665,0.0281203233
2026,2666,0.2704636786
2026,2667,-0.7078890830
2026,2668,-0.4135294645
2026,2669,0.2212818710
2026,2670,-1.1485108539
2026,2671,-0.2167701256
2026,2672,-0.1750319287
2026,2673,-0.4820717628
2026,2674,-0.0037670018
2026,2675,-0.0051872490
2026,2676,0.5677315686
2026,2677,-0.7762009403
2026,2678,0.5807388645
2026,2679,-0.2791795411
2026,2680,0.0457751115
2026,2681,-0.1467201930
2026,2682,0.4944319842
2026,2683,-0.5925754795
2026,2684,-0.5789858294
2026,2685,-0.6070560780
2026,2686,0.4853837532
2026,2687,0.2482818215
2026,2688,-0.6031668231
2026,2689,-0.1916596534
2026,2690,0.3075340979
2026,2691,0.0846343317
2026,2692,-0.5000386294
2026,2693,0.1156817855
2026,2694,0.1022801165
2026,2695,-0.4132693264
2026,2696,0.5746301221
2026,2697,0.4973902264
2026,2698,1.0680535007
2026,2699,-0.0387197179
2026,2700,0.2975836701
2026,2701,0.5079084779
2026,2702,0.2553081591
2026,2703,-0.2865506468
2026,2704,-0.5673711804
2026,2705,-0.0759822797
2026,2706,0.0564075700
2026,2707,-0.5078993780
2026,2708,0.9636334868
2026,2709,-0.2010378049
2026,2710,-0.3781521335
2026,2711,0.2363578627
2026,2712,0.2008204728
2026,2713,0.2856771493
2026,2714,0.5342940046
2026,2715,-0.4717067990
2026,2716,-0.2536859862
2026,2717,-0.1815599235
2026,2718,-0.4281261660
2026,2719,0.0617779909
2026,2720,0.3189844519
2026,2721,-0.2968472156
2026,2722,-0.5061756373
2026,2723,-0.2182029644
2026,2724,0.0304707260
2026,2725,0.5205857796
2026,2726,-0.1178332282
2026,2727,0.4184668909
2026,2728,0.1966628446
2026,2729,-0.0486440774
2026,2730,-0.5406084543
2026,2731,0.0075023497
2026,2732,-0.4354085290
2026,2733,-0.0185460909
2026,2734,0.2217633009
2026,2735,-1.0970566781
2026,2736,-0.7118070470
2026,2737,-0.1274990033
2026,2738,0.1213167610
2026,2739,0.4363769898
2026,2740,-0.1209591462
2026,2741,1.1623479799
2026,2742,0.4590280997
2026,2743,-0.6176810255
2026,2744,-0.4164741362
2026,2745,0.1758641877
2026,2746,0.1125563223
2026,2747,0.3289332834
2026,2748,0.4453653546
2026,2749,-0.6904914061
2026,2750,0.1829757557
2026,2751,-0.9269857050
2026,2752,-0.0689716905
2026,2753,-0.4770165154
2026,2754,-0.3229417893
2026,2755,-0.5818966284
2026,2756,0.6011041663
2026,2757,0.6864781482
2026,2758,-0.1895554124
2026,2759,0.9240988159
2026,2760,-0.1356305212
2026,2761,-0.1367933459
2026,2762,0.2820101774
2026,2763,-0.2601390223
2026,2764,0.0488886762
2026,2765,-0.3550512342
2026,2766,-0.6665997652
2026,2767,0.2171594813
2026,2768,-0.6146915117
2026,2769,0.7694977111
2026,2770,0.6931675110
2026,2771,0.8871089285
2026,2772,0.3761643914
2026,2773,1.2247061676
2026,2774,-0.6713237311
2026,2775,1.3106477704
2026,2776,-0.6317305111
2026,2777,0.5585431760
2026,2778,-0.1810124846
2026,2779,-0.1046958363
2026,2780,-0.2011791852
2026,2781,-0.4452329921
2026,2782,0.4612341503
2026,2783,-0.2329664747
2026,2784,0.1035634226
2026,2785,-0.4052338834
2026,2786,-1.3916426172
2026,2787,0.4376363969
2026,2788,-0.0713433122
2026,2789,-0.4724009972
2026,2790,-0.1309353425
2026,2791,0.0132363449
2026,2792,-0.5169562553
2026,2793,0.1937575736
2026,2794,0.6031131890
2026,2795,0.4366793327
2026,2796,-1.0978429183
2026,2797,0.1348744540
2026,2798,-0.6504243041
2026,2799,0.4949582937
2026,2800,0.6340414493
2026,2801,-0.3094111411
2026,2802,-0.6407217262
2026,2803,-0.3881022470
2026,2804,0.4743203368
2026,2805,-0.9118412443
2026,2806,0.7850682229
2026,2807,-0.1424540877
2026,2808,-0.1009790818
2026,2809,-0.1755348000
2026,2810,0.2082294384
2026,2811,-0.2893350123
2026,2812,0.3132498427
2026,2813,-1.2047488215
2026,2814,-0.1093209454
2026,2815,-1.6480171959
2026,2816,1.3999441496
2026,2817,0.0263304929
2026,2818,0.1636557230
2026,2819,-0.7336795353
2026,2820,0.1052272998
2026,2821,-0.3057726974
2026,2822,-0.2512924716
2026,2823,-0.2625381193
2026,2824,0.2564928359
2026,2825,-0.0539617623
2026,2826,-0.2831979655
2026,2827,-0.2265263089
2026,2828,0.9274324883
2026,2829,1.4039384612
2026,2830,-0.2849092967
2026,2831,-0.1915906325
2026,2832,0.1171135153
2026,2833,0.4489889991
2026,2834,-0.1091450207
2026,2835,0.2822655169
2026,2836,0.2049755137
2026,2837,1.4780044563
2026,2838,0.1015215461
2026,2839,0.0101168443
2026,2840,-0.3687156595
2026,2841,0.0965652380
2026,2842,-0.4245284218
2026,2843,1.5289408126
2026,2844,1.2090576982
2026,2845,0.6165458501
2026,2846,0.1082232129
2026,2847,-0.7951140088
2026,2848,0.0382942997
2026,2849,0.2485094798
2026,2850,0.5326910894
2026,2851,0.5362872183
2026,2852,-0.9987485597
2026,2853,-0.6859255225
2026,2854,-0.8439426095
2026,2855,0.1698297563
2026,2856,-0.1384781433
2026,2857,0.5394688159
2026,2858,0.3757217945
2026,2859,0.5778284126
2026,2860,0.0484565468
2026,2861,-0.4433240232
2026,2862,0.3296130335
2026,2863,-0.0600661870
2026,2864,0.8736260115
2026,2865,-0.3930251819
2026,2866,0.4501725956
2026,2867,0.0913111501
2026,2868,1.1989558336
2026,2869,-0.1413130719
2026,2870,-0.1785912182
2026,2871,0.6738985733
2026,2872,-1.0188177688
2026,2873,0.9341635471
2026,2874,0.7344524318
2026,2875,0.5404880584
2026,2876,-0.1228406418
2026,2877,0.7516913094
2026,2878,0.3070777483
2026,2879,0.7874574744
2026,2880,-0.4493471796
2026,2881,0.8708539670
2026,2882,1.0212714007
2026,2883,0.1600335886
2026,2884,0.4410471496
2026,2885,0.5903169676
2026,2886,0.0953754856
2026,2887,0.5645250178
2026,2888,-0.1753239988
2026,2889,-0.6188272546
2026,2890,0.1887321765
2026,2891,0.4975913000
2026,2892,-0.3615707303
2026,2893,-0.2132871909
2026,2894,0.0819562552
2026,2895,0.4128365065
2026,2896,0.6991724512
2026,2897,-0.0178451085
2026,2898,0.9402668806
2026,2899,0.3211951848
2026,2900,0.1987249111
2026,2901,1.1214763125
2026,2902,0.0344180985
2026,2903,-0.3009775561
2026,2904,-0.8618999228
2026,2905,-0.2772360169
2026,2906,1.7104201914
2026,2907,-0.0436845716
2026,2908,-1.2388414113
2026,2909,-0.1974355684
2026,2910,0.1915448357
2026,2911,0.7417635242
2026,2912,0.5847898984
2026,2913,-0.1357197230
2026,2914,0.3574381282
2026,2915,0.0092617126
2026,2916,0.4516292919
2026,2917,-0.3248619650
2026,2918,0.6373101724
2026,2919,-0.3259378088
2026,2920,-0.5661711818
2026,2921,0.1185616471
2026,2922,0.4011845359
2026,2923,0.1103112108
2026,2924,-0.6867932493
2026,2925,0.0388701534
2026,2926,-0.1623985805
2026,2927,-0.0686223929
2026,2928,0.7551981203
2026,2929,-1.0142494115
2026,2930,-0.3341946723
2026,2931,0.7655990516
2026,2932,-0.6282256261
2026,2933,-0.0748696514
2026,2934,0.4056248461
2026,2935,-0.0139050220
2026,2936,0.8996124668
2026,2937,0.3048513997
2026,2938,0.2035180998
2026,2939,0.5304274982
2026,2940,-0.0722511728
2026,2941,0.8525182169
2026,2942,0.4624999719
2026,2943,-0.9796710917
2026,2944,-0.0277619895
2026,2945,-0.5075308032
2026,2946,-0.4109475933
2026,2947,-0.2255412684
2026,2948,-0.3623728816
2026,2949,0.5760156858
2026,2950,-0.5133637682
2026,2951,-0.8362226305
2026,2952,0.4292851515
2026,2953,-0.0445578006
2026,2954,0.1614171946
2026,2955,-0.4107702663
2026,2956,0.4734797006
2026,2957,-0.3557647697
2026,2958,0.2047580760
2026,2959,0.2408096114
2026,2960,1.6866098632
2026,2961,0.0835638177
2026,2962,-0.3080270944
2026,2963,-0.0390658224
2026,2964,0.0897480528
2026,2965,1.0065045677
2026,2966,-0.1544438557
2026,2967,-0.5330598840
2026,2968,-0.0284306429
2026,2969,-0.2346030018
2026,2970,0.0351445444
2026,2971,0.1609079974
2026,2972,-0.3027880385
2026,2973,-0.2481439170
2026,2974,1.2385496635
2026,2975,-0.7044626073
2026,2976,0.0645348142
2026,2977,-0.3758419370
2026,2978,-0.3732835866
2026,2979,0.5824123997
2026,2980,-0.2624851229
2026,2981,0.6115069249
2026,2982,-0.3779990788
2026,2983,-0.0736181307
2026,2984,0.0825748932
2026,2985,0.8377879115
2026,2986,-0.6585009663
2026,2987,-0.5250958076
2026,2988,0.4429170892
2026,2989,-0.0085280726
2026,2990,-0.5813336560
2026,2991,1.1389214913
2026,2992,0.2109163182
2026,2993,-0.2169078516
2026,2994,-0.2430628501
2026,2995,0.4962721941
2026,2996,-0.9364148461
2026,2997,-0.1956436710
2026,2998,-0.4834015795
2026,2999,0.2010832676
2026,3000,-0.9619262263
2026,3001,0.3499177408
2026,3002,0.3670493986
2026,3003,-0.2288737435
2026,3004,0.3217563378
2026,3005,-0.4989059214
2026,3006,0.1066046545
2026,3007,-1.2401452061
2026,3008,0.0761906793
2026,3009,0.2366128070
2026,3010,-0.6410373794
2026,3011,-0.7249796636
2026,3012,0.2094148520
2026,3013,-0.1694044507
2026,3014,-0.6666823365
2026,3015,0.7741097347
2026,3016,-0.6535519419
2026,3017,0.6675937849
2026,3018,-0.0133260860
2026,3019,0.1531048978
2026,3020,0.2597677659
2026,3021,0.1186808074
2026,3022,0.4046526662
2026,3023,-0.2523483367
2026,3024,-0.3224208794
2026,3025,-0.2332957925
2026,3026,-0.0673709854
2026,3027,-0.8786449039
2026,3028,-0.0870063095
2026,3029,0.2930317700
2026,3030,-0.5123052358
2026,3031,-0.1408230281
2026,3032,0.4924980912
2026,3033,-0.2557353428
2026,3034,1.0044556480
2026,3035,-0.2107903309
2026,3036,0.8472710359
2026,3037,0.1387687007
2026,3038,0.4665133258
2026,3039,0.6916182476
2026,3040,0.9864280904
2026,3041,0.3888857127
2026,3042,0.8208419644
2026,3043,-0.1734245500
2026,3044,0.4946747800
2026,3045,-0.1087898758
2026,3046,0.3772832473
2026,3047,0.4065063559
2026,3048,-0.3471291525
2026,3049,-0.6431561214
2026,3050,0.6750624331
2026,3051,-0.0781455324
2026,3052,-1.0875511921
2026,3053,-0.0174006236
2026,3054,-0.5225722683
2026,3055,-0.2050310414
2026,3056,-0.0258224121
2026,3057,-0.1342009358
2026,3058,0.1022606778
2026,3059,-0.2084304983
2026,3060,0.5240951855
2026,3061,-0.1339827070
2026,3062,0.6124805097
2026,3063,0.6169954082
2026,3064,-0.3388055447
2026,3065,-0.0628658528
2026,3066,0.7146905356
2026,3067,-0.2473580113
2026,3068,0.3808884348
2026,3069,-0.3030596457
2026,3070,-0.2743207074
2026,3071,-0.1049106674
2026,3072,0.1716658782
2026,3073,-0.1415529021
2026,3074,-0.6189936660
2026,3075,-0.7010373475
2026,3076,0.5047778469
2026,3077,-0.0335893580
2026,3078,0.1202383376
2026,3079,-0.4840859704
2026,3080,0.3418369272
2026,3081,0.0992091902
2026,3082,-0.3844366286
2026,3083,0.0318454702
2026,3084,0.4133029255
2026,3085,-0.0834765789
2026,3086,0.2771530836
2026,3087,-0.5315894807
2026,3088,-1.1539249021
2026,3089,-0.2320736084
2026,3090,-0.9501343679
2026,3091,0.7614443421
2026,3092,0.9956152489
2026,3093,-0.4443189698
2026,3094,0.0591182921
2026,3095,-0.2073503817
2026,3096,0.2192524909
2026,3097,0.2690157257
2026,3098,0.1274678091
2026,3099,0.7782699608
2026,3100,0.3812319924
2026,3101,0.6188628363
2026,3102,-0.9462492404
2026,3103,-0.2229216436
2026,3104,-0.2062112759
2026,3105,0.7941538336
2026,3106,-0.3805213619
2026,3107,-0.3385619672
2026,3108,-0.3383115914
2026,3109,0.2702257853
2026,3110,0.4176467110
2026,3111,-0.3657940338
2026,3112,-0.4367542334
2026,3113,0.5646944075
2026,3114,0.5558937826
2026,3115,0.9345015923
2026,3116,-1.4168183039
2026,3117,-0.6482982326
2026,3118,-0.3096178556
2026,3119,-0.7421753426
2026,3120,-0.2696332082
2026,3121,-0.4631469017
2026,3122,-0.1795975112
2026,3123,0.0607910444
2026,3124,-0.5232303597
2026,3125,-0.1256636415
2026,3126,-0.0066392170
2026,3127,-0.3237278862
2026,3128,0.2906135232
2026,3129,0.1400532508
2026,3130,0.0408964200
2026,3131,1.4030050830
2026,3132,-0.8090941324
2026,3133,0.2628873738
2026,3134,0.7674513957
2026,3135,0.5098647145
2026,3136,-0.5833248729
2026,3137,-0.1550778146
2026,3138,0.5998236020
2026,3139,-1.0252175550
2026,3140,-0.0788168385
2026,3141,0.2059568931
2026,3142,-0.2468393557
2026,3143,-0.6804552462
2026,3144,0.9461727179
2026,3145,-0.8939418707
2026,3146,0.7104929669
2026,3147,-0.9546945453
2026,3148,-0.3649059196
2026,3149,-0.1826427992
2026,3150,-0.8271823547
2026,3151,0.1723313503
2026,3152,0.4473497135
2026,3153,-0.1634759755
2026,3154,0.8459495823
2026,3155,0.4088035013
2026,3156,-0.4639013849
2026,3157,0.7587735142
2026,3158,-0.0721408295
2026,3159,-0.7364953878
2026,3160,-0.2651875971
2026,3161,-0.0032948536
2026,3162,-0.0585178275
2026,3163,0.2924883733
2026,3164,-0.2793064053
2026,3165,-0.2668615429
2026,3166,0.2914730010
2026,3167,-0.3743919651
2026,3168,0.5337444817
2026,3169,-0.3848610606
2026,3170,-0.2544743422
2026,3171,-0.2635335938
2026,3172,0.5626298866
2026,3173,-0.5507005923
2026,3174,-0.3949419091
2026,3175,0.3545561319
2026,3176,0.5590855099
2026,3177,0.8201205895
2026,3178,0.2554837904
2026,3179,0.6668463067
2026,3180,0.2798079711
2026,3181,-0.1847213532
2026,3182,0.1307102246
2026,3183,-0.1282730085
2026,3184,-0.3777649722
2026,3185,-0.4119914606
2026,3186,0.6254653837
2026,3187,0.9391578787
2026,3188,-0.5356719330
2026,3189,0.2397384570
2026,3190,-0.3543454756
2026,3191,0.6384504795
2026,3192,0.1385978069
2026,3193,0.3435629218
2026,3194,-0.5227849875
2026,3195,0.0074346275
2026,3196,0.6638212606
2026,3197,0.8510849822
2026,3198,-0.4191035660
2026,3199,-0.0080503629
2026,3200,-0.5862960059
2026,3201,-0.1660068607
2026,3202,-0.9125837002
2026,3203,0.7694384633
2026,3204,-0.0952488307
2026,3205,-0.6686063387
2026,3206,-0.4282330522
2026,3207,0.0264193066
2026,3208,0.7301240366
2026,3209,0.1080973078
2026,3210,-0.9409181584
2026,3211,0.1890647101
2026,3212,-0.3434278812
2026,3213,-0.7381660797
2026,3214,-0.0549945173
2026,3215,-0.1137041255
2026,3216,0.6101097200
2026,3217,-0.0984804997
2026,3218,1.1766522731
2026,3219,0.9145242921
2026,3220,-0.2584786966
2026,3221,-0.2486361726
2026,3222,0.5333623829
2026,3223,0.2867696604
2026,3224,0.2424685731
2026,3225,-0.4499224138
2026,3226,-0.3717435217
2026,3227,0.1061908643
2026,3228,-0.7844918038
2026,3229,-0.4437525982
2026,3230,-0.8794068755
2026,3231,-0.4431119954
2026,3232,0.2242044494
2026,3233,-0.4594979177
2026,3234,0.0927799838
2026,3235,0.9261131802
2026,3236,-0.7444749826
2026,3237,0.2776240650
2026,3238,0.4969161328
2026,3239,-0.3761945560
2026,3240,-0.1694593961
2026,3241,0.6743221660
2026,3242,-0.4238911118
2026,3243,-0.7243364179
2026,3244,-0.8021724980
2026,3245,0.2019686813
2026,3246,0.2781828292
2026,3247,-0.4835495065
2026,3248,0.4443025269
2026,3249,0.0938672734
2026,3250,0.2632632332
2026,3251,-0.5624342073
2026,3252,-0.3533002753
2026,3253,-0.3372244956
2026,3254,0.2740207621
2026,3255,0.4322336956
2026,3256,-0.1822553107
2026,3257,-0.0837329666
2026,3258,-0.9458716250
2026,3259,0.2028482740
2026,3260,-0.3431824299
2026,3261,1.0683784567
2026,3262,0.2684547035
2026,3263,0.8708256377
2026,3264,-0.5006871525
2026,3265,-0.2517308292
2026,3266,-0.9171523521
2026,3267,0.2563328409
2026,3268,-0.4565501074
2026,3269,1.3496708820
2026,3270,0.0379182260
2026,3271,0.1342591981
2026,3272,-0.5289035856
2026,3273,0.7388435174
2026,3274,0.1904773594
2026,3275,-1.0228483567
2026,3276,-0.7057047146
2026,3277,-1.0377829460
2026,3278,-0.6050897224
2026,3279,0.7717056959
2026,3280,-0.7038991005
2026,3281,-0.3492252496
2026,3282,0.3102191622
2026,3283,-0.2603256325
2026,3284,0.1885703916
2026,3285,-0.1008662235
2026,3286,0.1747129897
2026,3287,0.2254686217
2026,3288,-0.2074142383
2026,3289,0.5091235856
2026,3290,-0.0080529561
2026,3291,0.6947509491
2026,3292,-0.0734423795
2026,3293,-0.1091746719
2026,3294,0.1496431883
2026,3295,0.8510668114
2026,3296,0.3405969626
2026,3297,0.7425543009
2026,3298,0.3464815572
2026,3299,-0.0933353365
2026,3300,0.4289336122
2026,3301,0.7827911049
2026,3302,0.4199286745
2026,3303,0.3478894356
2026,3304,-0.2462172462
2026,3305,-0.4909875511
2026,3306,-0.7208731315
2026,3307,-0.1773151088
2026,3308,-0.3488567746
2026,3309,0.0600365707
2026,3310,-0.3290435242
2026,3311,-0.4398296075
2026,3312,-1.2610369754
2026,3313,0.3675720243
2026,3314,0.0886734416
2026,3315,-0.6320406566
2026,3316,0.2481899764
2026,3317,-0.4260931265
2026,3318,-0.1843117461
2026,3319,0.6637407976
2026,3320,0.6008925882
2026,3321,-1.1462234400
2026,3322,-0.4499179770
2026,3323,-0.4292604024
2026,3324,-0.7800809375
2026,3325,0.1638613308
2026,3326,-0.8325873013
2026,3327,-0.9349511362
2026,3328,0.5095544075
2026,3329,1.3724682344
2026,3330,-0.5270216844
2026,3331,-0.0194401620
2026,3332,-0.1749651218
2026,3333,-0.0402054207
2026,3334,0.6578069747
2026,3335,-0.8077304802
2026,3336,-1.3965654446
2026,3337,0.0391721879
2026,3338,-0.0432600730
2026,3339,0.0959514502
2026,3340,0.4399064062
2026,3341,0.4009650159
2026,3342,0.6032416286
2026,3343,0.6423820256
2026,3344,0.7614010538
2026,3345,0.4366228104
2026,3346,-1.0827240078
2026,3347,-0.7643451649
2026,3348,0.5569735129
2026,3349,0.4527886281
2026,3350,-0.9452904769
2026,3351,0.5371942574
2026,3352,-0.0611555454
2026,3353,-0.8175620708
2026,3354,0.3855853149
2026,3355,-0.0417676345
2026,3356,0.6630396528
2026,3357,-1.3208463074
2026,3358,1.3502011195
2026,3359,0.5222957771
2026,3360,0.5418385342
2026,3361,-0.2186318827
2026,3362,-0.6349014159
2026,3363,-0.0962583245
2026,3364,0.3484127418
2026,3365,-0.1347671411
2026,3366,0.0248666466
2026,3367,0.1165078412
2026,3368,0.2989293546
2026,3369,0.2947219740
2026,3370,0.5694723411
2026,3371,-0.6808462265
2026,3372,0.0883949067
2026,3373,0.1058291278
2026,3374,-0.1253837384
2026,3375,-0.1616728482
2026,3376,0.2035632910
2026,3377,-0.4755459857
2026,3378,0.6284054607
2026,3379,-0.0236007717
2026,3380,0.0114231694
2026,3381,-1.2948145785
2026,3382,-0.5385573036
2026,3383,0.0256036882
2026,3384,-0.0563559479
2026,3385,-0.5266638620
2026,3386,0.0558122027
2026,3387,0.9124632590
2026,3388,-0.4060446778
2026,3389,-0.9879897462
2026,3390,-0.9499668551
2026,3391,-0.3334710343
2026,3392,-0.6209065359
2026,3393,-1.0064562164
2026,3394,-0.0086898942
2026,3395,0.5580363839
2026,3396,0.5624156646
2026,3397,-0.7520875999
2026,3398,0.4767537042
2026,3399,0.1749932342
2026,3400,-1.1699770800
2026,3401,-0.2922238183
2026,3402,0.3697977171
2026,3403,0.5813995649
2026,3404,-0.1462087244
2026,3405,0.0165365593
2026,3406,-0.1006095261
2026,3407,0.9408267058
2026,3408,-0.8341205197
2026,3409,-1.0946629724
2026,3410,-0.3299535392
2026,3411,-0.2305037398
2026,3412,0.8278328687
2026,3413,0.7589789281
2026,3414,-0.5595208565
2026,3415,0.4060391008
2026,3416,0.2918669178
2026,3417,-0.2812169408
2026,3418,0.2319112793
2026,3419,-0.9611763228
2026,3420,-0.0334190829
2026,3421,-0.0590978690
2026,3422,0.5886044585
2026,3423,0.7309136095
2026,3424,0.3624744715
2026,3425,-0.6603569366
2026,3426,-0.0071000820
2026,3427,0.5787213128
2026,3428,-0.6465575978
2026,3429,-0.8762664764
2026,3430,0.5891560853
2026,3431,0.3571726918
2026,3432,0.0604699643
2026,3433,0.6959743957
2026,3434,-0.1403655058
2026,3435,0.2804716057
2026,3436,0.2267519242
2026,3437,0.1448561985
2026,3438,-0.0763292768
2026,3439,-0.2522137033
2026,3440,0.0526357119
2026,3441,0.6301352426
2026,3442,0.9486197814
2026,3443,0.3909590249
2026,3444,-0.2059581160
2026,3445,-0.4263253199
2026,3446,0.8014522039
2026,3447,0.4836143795
2026,3448,0.6876032550
2026,3449,0.7705005739
2026,3450,0.5557123687
2026,3451,0.3154540989
2026,3452,0.3887281747
2026,3453,0.2491768476
2026,3454,-0.3943673072
2026,3455,-0.3798785115
2026,3456,0.1437689339
2026,3457,-0.0501017528
2026,3458,0.5025368729
2026,3459,0.4533010992
2026,3460,-1.0578380819
2026,3461,-0.1531669812
2026,3462,0.3003485510
2026,3463,0.3337812686
2026,3464,0.9215903523
2026,3465,-0.4742833176
2026,3466,0.0606531343
2026,3467,0.0767020334
2026,3468,-0.5456619096
2026,3469,-0.8908073499
2026,3470,0.4211629040
2026,3471,0.0381523424
2026,3472,0.2843057454
2026,3473,-0.2216951077
2026,3474,1.1252791129
2026,3475,-0.5677093117
2026,3476,0.7980158116
2026,3477,0.0225732716
2026,3478,-0.0594744924
2026,3479,0.3975177746
2026,3480,0.1026143208
2026,3481,-0.1547154750
2026,3482,0.8471613426
2026,3483,-0.5908244383
2026,3484,0.0335804635
2026,3485,0.8978017217
2026,3486,-0.0797419591
2026,3487,-0.4556356194
2026,3488,0.2752098876
2026,3489,0.8275377198
2026,3490,-0.2366257793
2026,3491,0.4706103830
2026,3492,-0.6597828001
2026,3493,-0.2316603269
2026,3494,-0.5845873483
2026,3495,-0.3949597062
2026,3496,0.8677388962
2026,3497,-0.0724015827
2026,3498,-0.3047815485
2026,3499,-0.5964279028
2026,3500,-0.2503080436
2026,3501,-0.2287114794
2026,3502,0.9703135697
2026,3503,0.0421453310
2026,3504,0.6854898469
2026,3505,-0.6189678299
2026,3506,-0.0841480438
2026,3507,-0.0373662463
2026,3508,-0.6682971340
2026,3509,0.0653359264
2026,3510,-0.2636001817
2026,3511,0.1488841600
2026,3512,0.2849103568
2026,3513,0.3677098185
2026,3514,0.1997458767
2026,3515,0.7088268203
2026,3516,0.3806897193
2026,3517,0.0765401682
2026,3518,0.1570437213
2026,3519,-0.1641456802
2026,3520,-0.5945516324
2026,3521,0.4808448519
2026,3522,-0.0262471189
2026,3523,-0.0909957570
2026,3524,0.0842473448
2026,3525,0.0700749186
2026,3526,0.0420248003
2026,3527,-0.5179332498
2026,3528,0.6582358430
2026,3529,-0.0538215686
2026,3530,-1.0260513164
2026,3531,-0.2011252478
2026,3532,0.1896394523
2026,3533,-0.2879288454
2026,3534,-0.2379774937
2026,3535,1.3224831849
2026,3536,-0.1915416537
2026,3537,0.3900126968
2026,3538,1.1422985937
2026,3539,-0.5842646581
2026,3540,0.4941938934
2026,3541,-0.3060441712
2026,3542,0.7334417782
2026,3543,0.7828391259
2026,3544,0.5571173414
2026,3545,-0.3619036581
2026,3546,-0.4985219945
2026,3547,0.3353668317
2026,3548,0.8850747402
2026,3549,0.2610823841
2026,3550,-0.2248866049
2026,3551,0.3542736649
2026,3552,0.4600940842
2026,3553,-0.8589224213
2026,3554,0.1807934457
2026,3555,-0.5178054209
2026,3556,0.1693028015
2026,3557,-0.1101062059
2026,3558,0.0787699093
2026,3559,0.6052848417
2026,3560,-0.3849730818
2026,3561,-0.6603789007
2026,3562,0.7819871416
2026,3563,0.1016198322
2026,3564,0.3303897000
2026,3565,0.1066821155
2026,3566,0.3448043097
2026,3567,-0.7140489959
2026,3568,1.1036351769
2026,3569,-0.4257940384
2026,3570,0.1744718113
2026,3571,0.1805349067
2026,3572,-0.4212545061
2026,3573,-0.5493341905
2026,3574,0.6922925848
2026,3575,0.0313515339
2026,3576,-0.2644947985
2026,3577,-0.7207774894
2026,3578,-0.1752112080
2026,3579,-1.1615004634
2026,3580,-0.5591987254
2026,3581,-0.1135527888
2026,3582,-0.2700745478
2026,3583,-0.1360933633
2026,3584,0.1442256278
2026,3585,-0.6838399621
2026,3586,0.1999453230
2026,3587,-0.2163505802
2026,3588,-0.7715106018
2026,3589,-0.7660294789
2026,3590,0.1428913466
2026,3591,-0.3839378776
2026,3592,-0.3695210763
2026,3593,-0.5654733607
2026,3594,-0.2340824996
2026,3595,0.5207790440
2026,3596,-0.5926306145
2026,3597,-0.5301220474
2026,3598,0.7890667586
2026,3599,0.4122647400
2026,3600,0.6213210081
2026,3601,-0.6435518067
2026,3602,0.2953804149
2026,3603,1.1754588532
2026,3604,0.9150002321
2026,3605,0.3139573815
2026,3606,0.3472388471
2026,3607,0.2033019291
2026,3608,-0.1979833710
2026,3609,0.4653635527
2026,3610,-0.4618413846
2026,3611,-0.5502737436
2026,3612,0.4150692390
2026,3613,0.3647846935
2026,3614,-0.8218018089
2026,3615,-0.0529726298
2026,3616,-0.8247418577
2026,3617,-0.4673190331
2026,3618,-0.6822476697
2026,3619,0.7706191274
2026,3620,0.4330396042
2026,3621,-0.6652600494
2026,3622,0.7641004671
2026,3623,0.5457922904
2026,3624,-0.9251174949
2026,3625,0.1139216591
2026,3626,0.8003772498
2026,3627,-0.1754003123
2026,3628,0.3837267657
2026,3629,0.8834062642
2026,3630,0.4745861832
2026,3631,0.2173717705
2026,3632,-0.1292215542
2026,3633,-0.1606737780
2026,3634,0.4579781756
2026,3635,-0.5413442123
2026,3636,-0.7255393546
2026,3637,-0.2275339000
2026,3638,1.0898782848
2026,3639,0.3521357046
2026,3640,-0.4870599196
2026,3641,0.5442232151
2026,3642,-0.4206310148
2026,3643,0.0203904903
2026,3644,0.0627505888
2026,3645,-1.0658817613
2026,3646,-1.3599551906
2026,3647,0.0040189777
2026,3648,-0.4697189926
2026,3649,-0.1757321091
2026,3650,0.7882016511
2026,3651,0.1107249413
2026,3652,0.8464944006
2026,3653,0.4350939550
2026,3654,0.1410761338
2026,3655,-0.2168026787
2026,3656,0.0554906845
2026,3657,0.0626171471
2026,3658,-0.9688878437
2026,3659,-0.4524629501
2026,3660,-0.1649713719
2026,3661,-0.2413083922
2026,3662,-0.0260117616
2026,3663,1.5176889401
2026,3664,-0.0099055965
2026,3665,-0.3439109081
2026,3666,0.5632708922
2026,3667,-0.8571029333
2026,3668,0.8041983246
2026,3669,-0.6080943986
2026,3670,0.0557479283
2026,3671,-0.0264613790
2026,3672,0.3938673315
2026,3673,0.5159025732
2026,3674,0.0879652778
2026,3675,0.0193123036
2026,3676,0.9754767333
2026,3677,0.0444913398
2026,3678,-0.8589167724
2026,3679,0.2964080418
2026,3680,0.2164126758
2026,3681,0.2548743900
2026,3682,0.3025014326
2026,3683,0.3742345063
2026,3684,0.4320432011
2026,3685,-0.0723213177
2026,3686,0.2695835416
2026,3687,0.5779802064
2026,3688,-1.2756013666
2026,3689,-0.1646863087
2026,3690,0.0416100304
2026,3691,0.1235342665
2026,3692,0.0285741397
2026,3693,0.4516139363
2026,3694,-0.4867977728
2026,3695,-0.4977692115
2026,3696,-0.0198403057
2026,3697,0.6844925701
2026,3698,-1.0371069784
2026,3699,0.2815412925
2026,3700,-0.0618000674
2026,3701,-0.0812130480
2026,3702,-0.3317520373
2026,3703,0.7312613722
2026,3704,0.4499204954
2026,3705,0.9250910722
2026,3706,-0.3424696767
2026,3707,-0.6993770916
2026,3708,0.2583674208
2026,3709,0.3975708103
2026,3710,0.4421880699
2026,3711,0.3820314266
2026,3712,-0.2126622314
2026,3713,-0.3033076461
2026,3714,0.6618194564
2026,3715,-0.4075244908
2026,3716,-0.2901838347
2026,3717,-0.0775443995
2026,3718,-0.2318140301
2026,3719,0.0730900440
2026,3720,-0.2460665265
2026,3721,-0.7418551456
2026,3722,0.2894396863
2026,3723,0.3887904012
2026,3724,0.8004040524
2026,3725,0.6474003967
2026,3726,0.3117550175
2026,3727,-0.4087992116
2026,3728,0.2826957306
2026,3729,-0.3777440719
2026,3730,-0.9038724018
2026,3731,-0.3225732231
2026,3732,-0.1152398961
2026,3733,-0.2121791849
2026,3734,-0.2623100630
2026,3735,-0.1675835139
2026,3736,0.0352087507
2026,3737,-0.2824251712
2026,3738,0.2869325135
2026,3739,0.0268542369
2026,3740,-0.0316714333
2026,3741,0.1523604947
2026,3742,0.4103555103
2026,3743,-0.2476249553
2026,3744,-0.5864148208
2026,3745,0.4395360422
2026,3746,-0.5091098808
2026,3747,-0.0936263471
2026,3748,0.4564230452
2026,3749,-0.2877009112
2026,3750,1.0362336628
2026,3751,0.1939433973
2026,3752,0.1730289349
2026,3753,0.4163237655
2026,3754,-0.6904358950
2026,3755,-0.3587661040
2026,3756,0.6335878693
2026,3757,0.0146004359
2026,3758,0.3843538401
2026,3759,-0.1059959930
2026,3760,-0.6339678827
2026,3761,0.5803493772
2026,3762,-0.2445821425
2026,3763,0.1885980926
2026,3764,-0.0593835532
2026,3765,-0.4816755110
2026,3766,0.3631065829
2026,3767,0.4799198087
2026,3768,-0.2553459480
2026,3769,0.1415506721
2026,3770,-0.9265648245
2026,3771,-1.2032872830
2026,3772,-0.0071390602
2026,3773,-0.5378439517
2026,3774,-0.2143547027
2026,3775,0.0588324896
2026,3776,-0.1473054334
2026,3777,-0.0016499197
2026,3778,-0.3816625517
2026,3779,0.2834866660
2026,3780,-0.6521737785
2026,3781,-0.0965289735
2026,3782,-0.0681743878
2026,3783,0.8720165226
2026,3784,-0.1983382451
2026,3785,0.0260743296
2026,3786,-0.3304990518
2026,3787,0.0070315552
2026,3788,0.6607930033
2026,3789,0.0103920325
2026,3790,0.6369755732
2026,3791,-0.5914596775
2026,3792,-0.8666448127
2026,3793,-0.4901610473
2026,3794,0.9901981090
2026,3795,-0.6444101093
2026,3796,-0.1705226561
2026,3797,-0.1904966526
2026,3798,0.3809056081
2026,3799,0.2047331995
2026,3800,-0.3135662748
2026,3801,-0.5098313766
2026,3802,0.3019632371
2026,3803,0.2914782873
2026,3804,0.2850709189
2026,3805,0.4845589258
2026,3806,-0.5945429051
2026,3807,0.0107067372
2026,3808,-0.8738295517
2026,3809,0.3270929888
2026,3810,0.0172000281
2026,3811,0.2730296373
2026,3812,0.5436113448
2026,3813,-0.0444410951
2026,3814,-0.7855413343
2026,3815,0.2529598745
2026,3816,0.2703629497
2026,3817,-0.0017051016
2026,3818,0.1458360867
2026,3819,-0.0774575017
2026,3820,0.1329215353
2026,3821,0.5119207296
2026,3822,-0.0749008224
2026,3823,-0.2899629864
2026,3824,-0.7608604390
2026,3825,-0.9008616428
2026,3826,-0.3651401868
2026,3827,0.1358403566
2026,3828,-0.3081697290
2026,3829,-0.0582019354
2026,3830,0.1869539472
2026,3831,-0.4941150953
2026,3832,-0.4699820721
2026,3833,-0.0133649848
2026,3834,-0.4174380853
2026,3835,0.8361180051
2026,3836,-0.5568241552
2026,3837,0.4957977165
2026,3838,-0.1688194099
2026,3839,0.1807875525
2026,3840,-0.8353395282
2026,3841,0.1384344155
2026,3842,-0.5451735477
2026,3843,-0.2094162955
2026,3844,0.4828387323
2026,3845,-0.2087837076
2026,3846,0.8261290228
2026,3847,-0.4254823993
2026,3848,0.3362811811
2026,3849,-0.5219323797
2026,3850,0.2008094926
2026,3851,-0.3720313812
2026,3852,-0.1683545326
2026,3853,0.2221481060
2026,3854,-0.3850291411
2026,3855,0.0336998873
2026,3856,0.1441111908
2026,3857,-0.2668876338
2026,3858,0.2987951115
2026,3859,-0.2703387636
2026,3860,-0.2454286777
2026,3861,-0.1382003099
2026,3862,0.7247294203
2026,3863,-0.2360775024
2026,3864,0.0671086474
2026,3865,-0.2448840244
2026,3866,-0.2389345142
2026,3867,0.1202709319
2026,3868,-0.0189443606
2026,3869,-0.2877940388
2026,3870,0.0178666393
2026,3871,0.6161427174
2026,3872,0.1015190496
2026,3873,-0.1248506140
2026,3874,-0.5375853481
2026,3875,-0.0879580737
2026,3876,-0.1356908031
2026,3877,-0.4199317797
2026,3878,0.1908645081
2026,3879,0.7978101631
2026,3880,0.2890497830
2026,3881,0.5716032159
2026,3882,-0.0318684628
2026,3883,0.1782016440
2026,3884,0.5439060060
2026,3885,0.6040294507
2026,3886,-0.4515836259
2026,3887,0.6807276844
2026,3888,0.3776300930
2026,3889,0.0046439215
2026,3890,0.4085902040
2026,3891,-0.6371855474
2026,3892,0.8092938973
2026,3893,0.0914442108
2026,3894,0.1011396762
2026,3895,0.8836591649
2026,3896,-0.1132169444
2026,3897,-0.5383331527
2026,3898,-0.2027319963
2026,3899,0.3717165265
2026,3900,-0.1255247182
2026,3901,-0.8405161633
2026,3902,-0.6440876793
2026,3903,0.6642543087
2026,3904,-0.2751349121
2026,3905,-0.2936749243
2026,3906,0.1857473026
2026,3907,-0.0670071783
2026,3908,-0.4706311030
2026,3909,0.3403809725
2026,3910,-0.0092496627
2026,3911,-0.0421086709
2026,3912,0.4465627456
2026,3913,0.3011367363
2026,3914,0.7513293976
2026,3915,0.4003355016
2026,3916,-0.6961933536
2026,3917,-1.0907150885
2026,3918,-0.7748956812
2026,3919,-0.4321564964
2026,3920,0.1775274117
2026,3921,-0.6987922173
2026,3922,-0.0254144960
2026,3923,0.3474600419
2026,3924,0.8309370083
2026,3925,0.2059265507
2026,3926,0.0481451648
2026,3927,-0.1253955343
2026,3928,-0.3236113288
2026,3929,0.4822634297
2026,3930,0.1261312066
2026,3931,-0.5656946745
2026,3932,1.0571244377
2026,3933,0.8296724926
2026,3934,0.4272098311
2026,3935,-0.4438869549
2026,3936,-0.2746394482
2026,3937,0.4494150312
2026,3938,-0.1269886359
2026,3939,-0.4096258474
2026,3940,0.5376404014
2026,3941,-0.7614902299
2026,3942,-0.1325192414
2026,3943,0.4650956848
2026,3944,-0.0782731198
2026,3945,0.7017556255
2026,3946,0.4024763776
2026,3947,0.3010312421
2026,3948,-0.5184127768
2026,3949,0.2006576619
2026,3950,0.1908426957
2026,3951,-0.2283453335
2026,3952,-1.0172331385
2026,3953,-0.3770995711
2026,3954,-0.8559853082
2026,3955,0.4991131855
2026,3956,-0.3192733422
2026,3957,0.3420252776
2026,3958,0.8753988012
2026,3959,0.2384591210
2026,3960,-0.4451990427
2026,3961,-0.8622604334
2026,3962,1.0230210189
2026,3963,-0.6918269139
2026,3964,-1.0231891738
2026,3965,-0.0668229944
2026,3966,0.0390251670
2026,3967,-0.8828076437
2026,3968,-0.8111532705
2026,3969,0.3080000497
2026,3970,0.2099794905
2026,3971,-0.7335746203
2026,3972,-0.2227983843
2026,3973,0.5258708841
2026,3974,-0.7265835333
2026,3975,0.4040011976
2026,3976,0.5626167939
2026,3977,1.2429171794
2026,3978,-0.9774370031
2026,3979,0.3179109615
2026,3980,0.1947939448
2026,3981,-0.6426355792
2026,3982,0.0851040584
2026,3983,0.0177095796
2026,3984,-0.2927821985
2026,3985,0.6104341928
2026,3986,0.2522104715
2026,3987,0.6459879611
2026,3988,-0.0004490920
2026,3989,0.8831507959
2026,3990,-1.0638623979
2026,3991,-0.5047987881
2026,3992,-0.2241073525
2026,3993,0.0692732227
2026,3994,0.7965660538
2026,3995,-0.0503699095
2026,3996,-0.1769571439
2026,3997,0.1543951502
2026,3998,0.3675559924
2026,3999,0.2439617585
2026,4000,0.6033777023
2026,4001,0.1966047880
2026,4002,-0.3001433168
2026,4003,0.7581749942
2026,4004,1.0738860833
2026,4005,0.8217015467
2026,4006,1.0255571642
2026,4007,0.4720641142
2026,4008,0.4990909870
2026,4009,-0.0757354062
2026,4010,-0.4957503228
2026,4011,0.2515670824
2026,4012,0.5292067167
2026,4013,0.1987034174
2026,4014,-0.6089427207
2026,4015,-0.1279408468
2026,4016,0.9509675836
2026,4017,-0.4343371171
2026,4018,0.1877079813
2026,4019,-0.2820121249
2026,4020,-0.7525372144
2026,4021,-0.0503614668
2026,4022,0.3500333931
2026,4023,0.9494145171
2026,4024,0.6097174033
2026,4025,0.3484671721
2026,4026,-0.2879855925
2026,4027,-0.3141875653
2026,4028,0.1853707189
2026,4029,-0.0286691798
2026,4030,0.5022716840
2026,4031,-0.2654152393
2026,4032,0.5708441330
2026,4033,-0.5438483574
2026,4034,-0.4266743842
2026,4035,-0.5569819063
2026,4036,-0.0096444433
2026,4037,-0.6758240017
2026,4038,-0.3172272592
2026,4039,0.6926968952
2026,4040,0.4850183473
2026,4041,0.8211164311
2026,4042,-0.5541525431
2026,4043,0.6611952894
2026,4044,0.8862808491
2026,4045,0.7064520824
2026,4046,0.3653783869
2026,4047,-0.8440588332
2026,4048,0.4735653265
2026,4049,-0.2371055423
2026,4050,0.8569908460
2026,4051,0.4096441988
2026,4052,-0.5374041766
2026,4053,-0.3863736428
2026,4054,-0.5010772071
2026,4055,-0.1551013134
2026,4056,-0.2809741658
2026,4057,0.1617383487
2026,4058,-0.4731101292
2026,4059,1.2604564867
2026,4060,0.1791759657
2026,4061,-0.8567712958
2026,4062,0.7757275862
2026,4063,-0.6378360510
2026,4064,0.1918355700
2026,4065,0.0487362410
2026,4066,-1.0167293842
2026,4067,-0.6160506583
2026,4068,0.2387255401
2026,4069,-0.2899519754
2026,4070,0.5960688877
2026,4071,0.3017858949
2026,4072,0.0433533812
2026,4073,0.3654631861
2026,4074,1.0463902766
2026,4075,-0.4070965134
2026,4076,0.1115773138
2026,4077,0.6465791682
2026,4078,0.8673564354
2026,4079,-0.0491733348
2026,4080,-0.0132416868
2026,4081,0.6541072444
2026,4082,-0.5779671603
2026,4083,-0.0572790821
2026,4084,0.4496312731
2026,4085,0.2635779671
2026,4086,0.2593040981
2026,4087,-0.3637445442
2026,4088,0.1678748590
2026,4089,-0.3722133958
2026,4090,-0.7927010935
2026,4091,-0.7721801215
2026,4092,0.5214993576
2026,4093,-0.1355922480
2026,4094,0.2409876532
2026,4095,-0.1875516724
2026,4096,-0.7784610973
2026,4097,-0.8868528709
2026,4098,-0.6172399953
2026,4099,0.7960396336
2026,4100,0.1162534863
2026,4101,0.3207256617
2026,4102,1.1720394015
2026,4103,0.0298562328
2026,4104,0.8793653577
2026,4105,-0.6685802270
2026,4106,-0.5685297743
2026,4107,-0.3273579234
2026,4108,-0.3891214407
2026,4109,0.1192288522
2026,4110,0.7234709496
2026,4111,0.6566420186
2026,4112,-0.4318976918
2026,4113,-0.3953061271
2026,4114,-0.4230944901
2026,4115,-0.3867273887
2026,4116,-0.1810745323
2026,4117,0.1320374833
2026,4118,-0.1336851516
2026,4119,-0.0857518432
2026,4120,0.1730990160
2026,4121,1.2794881393
2026,4122,0.1563778273
2026,4123,0.4531963127
2026,4124,-0.2549217539
2026,4125,0.6074022455
2026,4126,-0.1649678809
2026,4127,0.0986154637
2026,4128,0.1665078160
2026,4129,-0.1443595503
2026,4130,0.3305376241
2026,4131,0.1211094322
2026,4132,0.8503840439
2026,4133,0.1833618519
2026,4134,0.4658468637
2026,4135,-0.7147349176
2026,4136,1.1616232247
2026,4137,-0.7066297851
2026,4138,0.8795823816
2026,4139,-0.5853808212
2026,4140,-0.9527774425
2026,4141,-0.2099411738
2026,4142,0.1018966078
2026,4143,0.7371138579
2026,4144,0.0938562022
2026,4145,-0.2802672805
2026,4146,-0.6703361899
2026,4147,0.1901553410
2026,4148,0.0148566380
2026,4149,-0.2956803709
2026,4150,-0.6913136018
2026,4151,-0.1484039486
2026,4152,-0.3876738566
2026,4153,0.5160271469
2026,4154,0.6998525682
2026,4155,1.0246296727
2026,4156,0.4073237560
2026,4157,0.5274916754
2026,4158,0.2815895807
2026,4159,0.1060952771
2026,4160,0.3577883976
2026,4161,-0.5047875923
2026,4162,-0.2253657958
2026,4163,0.3196006097
2026,4164,0.5502711872
2026,4165,-0.0086221494
2026,4166,-0.8510142409
2026,4167,-0.6427074607
2026,4168,0.4034206887
2026,4169,-0.0284026921
2026,4170,-0.1345823473
2026,4171,-0.7146879718
2026,4172,-0.0949190775
2026,4173,0.8265827194
2026,4174,-0.9940482077
2026,4175,0.6283383019
2026,4176,0.1036094251
2026,4177,-0.7259947333
2026,4178,-0.1477184909
2026,4179,-0.5791978206
2026,4180,-0.3001917982
2026,4181,-1.1259291113
2026,4182,-1.3020400877
2026,4183,0.5011364175
2026,4184,0.7127510203
2026,4185,0.3209737846
2026,4186,-0.3812921835
2026,4187,-0.7536294001
2026,4188,-0.1732686221
2026,4189,1.3314304218
2026,4190,-0.4729773319
2026,4191,-0.7076184711
2026,4192,0.4346647146
2026,4193,0.8294279603
2026,4194,0.3027133242
2026,4195,-0.8528779908
2026,4196,-0.9017236352
2026,4197,-0.2819747149
2026,4198,0.0341534803
2026,4199,0.1809516215
2026,4200,0.9721319394
2026,4201,-0.6784328185
2026,4202,0.0835301271
2026,4203,-0.2767492288
2026,4204,-0.2740168050
2026,4205,0.7237142147
2026,4206,0.7336419107
2026,4207,-0.3896314660
2026,4208,0.7379537175
2026,4209,-0.1193024858
2026,4210,-0.3654758695
2026,4211,0.2102032074
2026,4212,0.8325518227
2026,4213,-0.3542513847
2026,4214,-0.1828567050
2026,4215,-0.1459215540
2026,4216,0.1650078744
2026,4217,-0.6095855357
2026,4218,0.7228940570
2026,4219,0.2098215302
2026,4220,0.0984168052
2026,4221,0.2815914470
2026,4222,-0.0144098150
2026,4223,0.4254536334
2026,4224,0.1024880279
2026,4225,-0.0052450198
2026,4226,0.2286681804
2026,4227,-0.5941982652
2026,4228,-0.0905186118
2026,4229,0.8631454924
2026,4230,-0.4146306201
2026,4231,-1.2688623346
2026,4232,-0.0814007320
2026,4233,-0.1389773771
2026,4234,0.3567170231
2026,4235,0.4203120123
2026,4236,0.5341735855
2026,4237,-0.9464806892
2026,4238,0.1421476860
2026,4239,-0.0378142990
2026,4240,0.6024972445
2026,4241,0.2397844289
2026,4242,0.2912597164
2026,4243,-0.3660635662
2026,4244,0.8700425685
2026,4245,-0.6077301956
2026,4246,0.0040101618
2026,4247,-0.4615631598
2026,4248,0.2766072899
2026,4249,-0.6178775215
2026,4250,-0.2110872017
2026,4251,-0.0696529446
2026,4252,0.7073375912
2026,4253,-1.0139053071
2026,4254,-0.1598348823
2026,4255,-0.1947180857
2026,4256,-0.5036142717
2026,4257,-0.0220140779
2026,4258,0.0194397694
2026,4259,0.3048391819
2026,4260,-0.2437187545
2026,4261,0.0985327178
2026,4262,0.2682873009
2026,4263,-0.4729162820
2026,4264,-0.5047908224
2026,4265,0.1526283578
2026,4266,0.0532684352
2026,4267,-0.2339444234
2026,4268,-0.6715450366
2026,4269,0.5075296770
2026,4270,-0.1552285848
2026,4271,-0.6602654592
2026,4272,-0.5817375301
2026,4273,-0.0048868288
2026,4274,-0.6742807324
2026,4275,-0.0235740218
2026,4276,0.3784748489
2026,4277,-0.2555888527
2026,4278,0.6908487127
2026,4279,-0.2654961088
2026,4280,-0.5165209575
2026,4281,-0.3803601885
2026,4282,-0.0959661131
2026,4283,-1.0096581462
2026,4284,-0.0124715690
2026,4285,-0.2728205662
2026,4286,-0.4818601095
2026,4287,-0.2141033507
2026,4288,-0.4366848230
2026,4289,0.7201900665
2026,4290,0.4973141712
2026,4291,-0.1266944855
2026,4292,-0.3473027056
2026,4293,0.2884563849
2026,4294,-0.0824491510
2026,4295,0.3387801391
2026,4296,-0.4860625464
2026,4297,-0.1838515598
2026,4298,0.3604720940
2026,4299,0.3071088082
2026,4300,-0.7924184864
2026,4301,-0.2019718127
2026,4302,0.7773415749
2026,4303,0.9024204388
2026,4304,-0.6625647523
2026,4305,0.5290533232
2026,4306,0.9364656776
2026,4307,-0.0411649214
2026,4308,0.2523838083
2026,4309,-0.1433753205
2026,4310,0.8364723919
2026,4311,-0.8264611773
2026,4312,0.1768685601
2026,4313,-1.1314156056
2026,4314,0.3525228036
2026,4315,0.5532687914
2026,4316,0.5819779677
2026,4317,-0.6835271139
2026,4318,-0.0827144937
2026,4319,0.1299303073
2026,4320,0.4641480774
2026,4321,-0.2604338323
2026,4322,0.0301199110
2026,4323,-0.0771185065
2026,4324,-0.1540105048
2026,4325,0.4729214660
2026,4326,-0.2396432166
2026,4327,-0.2206845962
2026,4328,-0.1982456184
2026,4329,0.0945140998
2026,4330,-0.4754585689
2026,4331,-1.0069376280
2026,4332,-0.4754025037
2026,4333,-0.3663938637
2026,4334,0.6653825247
2026,4335,-0.6362166816
2026,4336,-0.4028413161
2026,4337,0.3261077930
2026,4338,0.2068181474
2026,4339,0.4806580751
2026,4340,-0.2087400391
2026,4341,0.3865969913
2026,4342,-0.2325994379
2026,4343,0.3730092273
2026,4344,-0.0296193170
2026,4345,0.0996630701
2026,4346,0.3583500225
2026,4347,0.1010190350
2026,4348,-1.0971220270
2026,4349,0.2001381534
2026,4350,-0.6078275872
2026,4351,-0.3553536316
2026,4352,-0.2813042014
2026,4353,0.4596345147
2026,4354,-0.4704854743
2026,4355,-0.1972176041
2026,4356,-0.6383918431
2026,4357,1.2796840780
2026,4358,-0.1725573472
2026,4359,-1.0243346885
2026,4360,-0.0551669693
2026,4361,1.0984836906
2026,4362,0.6769048671
2026,4363,0.0764521803
2026,4364,0.5118917025
2026,4365,-0.4837727033
2026,4366,-0.2861111853
2026,4367,-0.9107369271
2026,4368,0.5144388807
2026,4369,-0.4987422667
2026,4370,-0.7549550799
2026,4371,-0.0697310062
2026,4372,-0.0526623683
2026,4373,-0.4676456506
2026,4374,-0.1723152419
2026,4375,0.5825759887
2026,4376,0.1828689284
2026,4377,0.5444904644
2026,4378,-0.0951071435
2026,4379,-1.1729684474
2026,4380,-0.3456112775
2026,4381,-0.0934581561
2026,4382,-0.1046431828
2026,4383,-1.6174577319
2026,4384,-0.8665011940
2026,4385,0.3770428584
2026,4386,-0.0843984693
2026,4387,-0.3361861287
2026,4388,0.4289911111
2026,4389,-0.1557526817
2026,4390,-0.7944139193
2026,4391,1.1714908836
2026,4392,-1.0814392491
2026,4393,-0.6114764454
2026,4394,0.0593974282
2026,4395,0.2410629687
2026,4396,-0.6463707322
2026,4397,0.6959128092
2026,4398,-0.1900123420
2026,4399,0.8620242207
2026,4400,0.5148552760
2026,4401,-0.3964775062
2026,4402,0.9879165584
2026,4403,-0.8577188787
2026,4404,-0.8485197702
2026,4405,0.1824138705
2026,4406,0.3572220771
2026,4407,0.0739706909
2026,4408,-0.1435173825
2026,4409,0.5342079824
2026,4410,0.4183695023
2026,4411,0.0238155117
2026,4412,-0.5970078423
2026,4413,-0.6017225729
2026,4414,0.8030598452
2026,4415,0.6355500187
2026,4416,-0.3878457098
2026,4417,-0.2049146530
2026,4418,-0.1098685582
2026,4419,1.4617685956
2026,4420,-0.0335117350
2026,4421,0.5393572404
2026,4422,-0.3539470611
2026,4423,0.3099872229
2026,4424,-0.0520388556
2026,4425,-0.1819442480
2026,4426,-0.5047855655
2026,4427,0.1478108029
2026,4428,-0.1195643212
2026,4429,-0.1308830918
2026,4430,-0.3698947409
2026,4431,0.0224522590
2026,4432,0.7680474410
2026,4433,0.4498871706
2026,4434,1.3203703139
2026,4435,0.1230557014
2026,4436,-0.5216183422
2026,4437,-0.0097436304
2026,4438,-0.7322966641
2026,4439,-0.0216886444
2026,4440,-0.8162871940
2026,4441,-0.3585493853
2026,4442,-0.5320669175
2026,4443,-0.0811047027
2026,4444,-0.4584659061
2026,4445,0.3970250630
2026,4446,-1.2272078086
2026,4447,-0.4093961431
2026,4448,0.0587773053
2026,4449,0.1572383402
2026,4450,0.3950417734
2026,4451,-1.2892869058
2026,4452,0.2915818299
2026,4453,-0.3326437759
2026,4454,-0.0957267472
2026,4455,0.7704063933
2026,4456,0.1068292351
2026,4457,-1.5003506777
2026,4458,0.5190593026
2026,4459,0.0534621961
2026,4460,-0.0400623202
2026,4461,0.8633459833
2026,4462,-0.0149667958
2026,4463,-0.5319886174
2026,4464,-0.4293818122
2026,4465,-1.3664622461
2026,4466,0.7120282127
2026,4467,0.1806314301
2026,4468,-0.4492779435
2026,4469,0.0230020705
2026,4470,0.3482170385
2026,4471,0.3320069890
2026,4472,-0.4841725992
2026,4473,0.6089945748
2026,4474,0.1198612748
2026,4475,-1.0672757080
2026,4476,1.2785373092
2026,4477,0.0306679764
2026,4478,0.4638603739
2026,4479,0.5524752122
2026,4480,-0.3976745921
2026,4481,0.6525513577
2026,4482,-0.2293856959
2026,4483,-0.1893081531
2026,4484,0.0523611425
2026,4485,0.1978701540
2026,4486,-0.1778210870
2026,4487,0.1100200889
2026,4488,-0.0748401785
2026,4489,0.4925422832
2026,4490,0.6689907299
2026,4491,-0.2566604728
2026,4492,0.5001793898
2026,4493,-0.5413657755
2026,4494,-1.1252127921
2026,4495,-0.5478308044
2026,4496,-0.6830804878
2026,4497,-0.2148562416
2026,4498,-0.1692054986
2026,4499,-0.5983994852
2026,4500,-0.3460706012
2026,4501,-0.1414313659
2026,4502,-0.0846248882
2026,4503,0.5089136568
2026,4504,-0.5135104243
2026,4505,-0.1078710710
2026,4506,0.1872096344
2026,4507,0.1877465952
2026,4508,0.3169979013
2026,4509,0.1740083805
2026,4510,0.7350719470
2026,4511,0.9040888551
2026,4512,0.1825752166
2026,4513,-0.4011700876
2026,4514,0.3157836859
2026,4515,0.5053661862
2026,4516,0.4513344431
2026,4517,-0.8550074405
2026,4518,-1.0723218099
2026,4519,-1.0594794255
2026,4520,-0.2385061879
2026,4521,0.3940462748
2026,4522,-0.4959207445
2026,4523,-0.6240763849
2026,4524,0.7719204572
2026,4525,-0.1450297476
2026,4526,0.4091365469
2026,4527,-0.3867403892
2026,4528,0.5600821165
2026,4529,-0.1861493266
2026,4530,-0.9068707239
2026,4531,0.0535346778
2026,4532,0.3448437865
2026,4533,-0.2265427291
2026,4534,-0.1134063987
2026,4535,0.7431470487
2026,4536,-0.7018496468
2026,4537,0.5784399674
2026,4538,-0.4538670553
2026,4539,0.0032020947
2026,4540,-0.5725764084
2026,4541,-0.0485290921
2026,4542,-0.5119150468
2026,4543,-0.3668995338
2026,4544,0.7046125722
2026,4545,-0.7112140476
2026,4546,0.0154601041
2026,4547,0.3406117791
2026,4548,0.3605692271
2026,4549,-0.5228819650
2026,4550,-0.9028648615
2026,4551,-0.0860019632
2026,4552,-0.0211596153
2026,4553,0.1011209522
2026,4554,0.2485840026
2026,4555,0.8436655510
2026,4556,0.1168521427
2026,4557,0.1426447237
2026,4558,0.6558690558
2026,4559,-0.1556396436
2026,4560,-0.2912550420
2026,4561,0.2876187879
2026,4562,-0.1257723511
2026,4563,-0.8744781266
2026,4564,0.3894235714
2026,4565,-0.3089414503
2026,4566,-0.1085106192
2026,4567,-0.0826634137
2026,4568,0.2260178207
2026,4569,-0.4404872807
2026,4570,0.5484771515
2026,4571,0.7694417091
2026,4572,0.1631879294
2026,4573,0.8220263020
2026,4574,0.4068524788
2026,4575,0.9940628140
2026,4576,-0.6924735211
2026,4577,0.7259177401
2026,4578,-0.2273315141
2026,4579,0.0242476243
2026,4580,0.3409502198
2026,4581,0.5463731352
2026,4582,0.6473594803
2026,4583,0.3704628939
2026,4584,0.9292042984
2026,4585,0.1330514333
2026,4586,0.2977217451
2026,4587,-0.3330978251
2026,4588,0.2657680449
2026,4589,-0.0855102753
2026,4590,-0.1413833307
2026,4591,-0.7393667479
2026,4592,-0.0631357710
2026,4593,-1.0943873042
2026,4594,0.2164821495
2026,4595,0.5001370622
2026,4596,0.7176205344
2026,4597,0.0169674208
2026,4598,1.1549031277
2026,4599,-0.6455903202
2026,4600,1.2695219469
2026,4601,0.5554121602
2026,4602,0.1950873565
2026,4603,0.0735956047
2026,4604,0.1510025006
2026,4605,0.9037696333
2026,4606,0.6664593253
2026,4607,-0.1809412515
2026,4608,0.6733698020
2026,4609,-0.0975371713
2026,4610,-0.8831897694
2026,4611,0.0669284130
2026,4612,0.4349835894
2026,4613,-0.3492095974
2026,4614,-0.5569490046
2026,4615,0.2784962768
2026,4616,0.2756030067
2026,4617,-0.3898200618
2026,4618,-0.4633037856
2026,4619,0.4247905296
2026,4620,0.0915875396
2026,4621,0.1558175497
2026,4622,0.3895952467
2026,4623,-1.3055973174
2026,4624,0.7239113575
2026,4625,0.9228345023
2026,4626,-0.5579998705
2026,4627,-0.1138468827
2026,4628,-0.0505438570
2026,4629,0.1562566402
2026,4630,-0.8606889613
2026,4631,-0.7319038866
2026,4632,-0.8928936215
2026,4633,-0.1080848521
2026,4634,-0.8694329002
2026,4635,-0.1782894901
2026,4636,0.6456563681
2026,4637,0.1658410149
2026,4638,-0.0121267930
2026,4639,-0.3314290826
2026,4640,-0.1892993113
2026,4641,-0.6262713952
2026,4642,0.2233041671
2026,4643,-0.6142474615
2026,4644,0.2159736344
2026,4645,-0.5573280775
2026,4646,0.4139084675
2026,4647,0.2969511318
2026,4648,-1.1053705907
2026,4649,-0.2238795654
2026,4650,0.2783487093
2026,4651,0.2460233203
2026,4652,0.5552348776
2026,4653,-0.0684956076
2026,4654,0.6972662226
2026,4655,0.3217621987
2026,4656,-0.1755676055
2026,4657,-0.9293498029
2026,4658,0.2299812223
2026,4659,-0.2489882785
2026,4660,-0.8627007195
2026,4661,0.9945733240
2026,4662,-0.2176307159
2026,4663,-0.9101605177
2026,4664,0.2307596268
2026,4665,0.4380058725
2026,4666,0.6166732838
2026,4667,0.4604050883
2026,4668,0.0326569834
2026,4669,0.6327454540
2026,4670,-0.7708877244
2026,4671,-0.4312006300
2026,4672,-1.6529734397
2026,4673,-0.0539781410
2026,4674,-0.1498962541
2026,4675,-0.7006171599
2026,4676,0.2206642283
2026,4677,-0.8331001676
2026,4678,-0.9344662560
2026,4679,0.2654946073
2026,4680,0.3413820278
2026,4681,0.4292878465
2026,4682,0.3940280931
2026,4683,-0.5075504445
2026,4684,-0.0501944492
2026,4685,-0.1713774757
2026,4686,0.6158319874
2026,4687,-0.8698907313
2026,4688,1.5469206917
2026,4689,0.1914110007
2026,4690,-0.4736945012
2026,4691,0.3119676858
2026,4692,-0.8266234461
2026,4693,-0.2199347807
2026,4694,-0.5890525190
2026,4695,-0.2686084572
2026,4696,0.3097232249
2026,4697,0.6967297388
2026,4698,-0.8445167889
2026,4699,-0.4338352367
2026,4700,-0.3805629921
2026,4701,-0.0974347670
2026,4702,-0.2489507211
2026,4703,0.8209404722
2026,4704,0.3176194915
2026,4705,0.1351663234
2026,4706,1.1773255480
2026,4707,-0.1679191927
2026,4708,-1.3107648236
2026,4709,0.8352523971
2026,4710,-0.4643491594
2026,4711,0.2019025532
2026,4712,0.6064229806
2026,4713,0.2634088842
2026,4714,-0.4862041245
2026,4715,-0.3263936404
2026,4716,0.3263614383
2026,4717,0.7583215606
2026,4718,-0.2551465475
2026,4719,0.0598474704
2026,4720,-0.4314922824
2026,4721,-0.1832188431
2026,4722,0.0517224237
2026,4723,0.9008141486
2026,4724,-0.1761002486
2026,4725,0.5355292292
2026,4726,-0.3683077674
2026,4727,0.7569528642
2026,4728,0.2746875324
2026,4729,0.7489954239
2026,4730,-0.3700701109
2026,4731,-0.5465181946
2026,4732,-0.0551194768
2026,4733,0.3870493848
2026,4734,-0.3888995396
2026,4735,-0.1811267661
2026,4736,-0.0114258346
2026,4737,-1.2680784724
2026,4738,0.1431318172
2026,4739,-1.0044100552
2026,4740,-0.1051024901
2026,4741,0.3353675710
2026,4742,0.6285792127
2026,4743,0.0420046639
2026,4744,0.7591391938
2026,4745,0.5299307452
2026,4746,0.7947548478
2026,4747,-0.3518646227
2026,4748,0.3470333308
2026,4749,0.9328863858
2026,4750,0.2387626011
2026,4751,0.5720556245
2026,4752,0.4793715135
2026,4753,0.3149803820
2026,4754,-0.3466629137
2026,4755,0.4111805996
2026,4756,1.2297309860
2026,4757,0.5603070145
2026,4758,-0.3483404693
2026,4759,0.3053321762
2026,4760,0.4081481368
2026,4761,-0.2194014156
2026,4762,0.5384629229
2026,4763,0.6249271608
2026,4764,0.6348610981
2026,4765,0.4762590318
2026,4766,0.7138716829
2026,4767,0.7473891372
2026,4768,-0.4145348771
2026,4769,-0.0638046061
2026,4770,0.1802354146
2026,4771,0.0621840538
2026,4772,-0.0778520667
2026,4773,0.6809495259
2026,4774,-0.2592100282
2026,4775,-0.5890548778
2026,4776,0.4095979582
2026,4777,0.2399741739
2026,4778,0.0493037513
2026,4779,-0.1654781758
2026,4780,0.1298231414
2026,4781,-0.5726005386
2026,4782,-0.3250473285
2026,4783,-0.4843582160
2026,4784,0.4900033490
2026,4785,0.1655696634
2026,4786,-0.6201821189
2026,4787,-1.0688143539
2026,4788,0.6451639470
2026,4789,-0.4044113290
2026,4790,-0.1758912322
2026,4791,0.4506465802
2026,4792,-0.2936538686
2026,4793,-0.6043673643
2026,4794,0.2901270846
2026,4795,0.3337571851
2026,4796,-0.3750954303
2026,4797,1.3254152800
2026,4798,0.1203055233
2026,4799,-0.4442953817
2026,4800,-0.6286314370
2026,4801,0.1855654424
2026,4802,-0.9215339926
2026,4803,-0.7158745153
2026,4804,0.0721289614
2026,4805,0.2052401730
2026,4806,-0.0740305665
2026,4807,-0.0182478660
2026,4808,0.8756658961
2026,4809,0.7978910003
2026,4810,0.2376014733
2026,4811,0.2296036399
2026,4812,-0.6305295585
2026,4813,-0.5174856305
2026,4814,0.4994453287
2026,4815,-0.0941788844
2026,4816,-0.6800707175
2026,4817,-0.5201308083
2026,4818,0.0560286340
2026,4819,-0.2768501821
2026,4820,0.9319409945
2026,4821,0.1533292044
2026,4822,-0.0161305759
2026,4823,0.3628170218
2026,4824,0.2038401160
2026,4825,-0.6471890017
2026,4826,-0.0386993660
2026,4827,1.0262697570
2026,4828,0.6136602974
2026,4829,-0.2595819615
2026,4830,-0.0953704573
2026,4831,0.3361718218
2026,4832,0.3706930606
2026,4833,-0.3955174113
2026,4834,-1.3142667162
2026,4835,0.8259785277
2026,4836,0.2494244555
2026,4837,-0.2664814584
2026,4838,-0.0313506659
2026,4839,0.2760390781
2026,4840,0.2406387024
2026,4841,0.6060679539
2026,4842,-0.4184890875
2026,4843,0.0462434138
2026,4844,-0.9314501331
2026,4845,1.4202250630
2026,4846,0.5283030740
2026,4847,-0.6362265269
2026,4848,-1.2683148675
2026,4849,0.4432040727
2026,4850,0.0188598911
2026,4851,-0.6498879702
2026,4852,0.4664036880
2026,4853,-0.7989497620
2026,4854,-1.1257578834
2026,4855,-0.4868809476
2026,4856,0.5128394563
2026,4857,0.3218911822
2026,4858,-0.4351081012
2026,4859,-0.0405666275
2026,4860,0.1869765598
2026,4861,0.0357926087
2026,4862,-0.4155070951
2026,4863,0.9554714667
2026,4864,-0.1980185241
2026,4865,-0.5644045199
2026,4866,0.5462344779
2026,4867,0.0240676818
2026,4868,0.0949124049
2026,4869,0.5576945748
2026,4870,0.7548820878
2026,4871,0.0116689383
2026,4872,-0.2717404707
2026,4873,-0.3517704139
2026,4874,0.8459340877
2026,4875,0.0872614075
2026,4876,0.0776165511
2026,4877,0.4817494809
2026,4878,-0.0122020043
2026,4879,-0.8890760245
2026,4880,0.3075934964
2026,4881,0.5935859674
2026,4882,0.2915947617
2026,4883,-0.2545551573
2026,4884,0.1552004174
2026,4885,0.2135831060
2026,4886,0.1742857774
2026,4887,0.6871891204
2026,4888,0.5662068609
2026,4889,0.5039608212
2026,4890,0.6919830960
2026,4891,-0.1372831852
2026,4892,0.1848147019
2026,4893,0.3122238667
2026,4894,0.4516453559
2026,4895,0.0109146849
2026,4896,0.2203940797
2026,4897,0.4876482092
2026,4898,0.6636405592
2026,4899,-0.2613655257
2026,4900,-0.1072953659
2026,4901,-0.3220477896
2026,4902,1.0158755472
2026,4903,-0.0018969043
2026,4904,0.0747995026
2026,4905,-0.4162498873
2026,4906,-0.0713452086
2026,4907,0.7847455194
2026,4908,-0.7180455276
2026,4909,-0.0408459254
2026,4910,-0.9775533271
2026,4911,-0.2192574105
2026,4912,0.4305073064
2026,4913,-0.9618689719
2026,4914,0.0661289425
2026,4915,-0.7022334079
2026,4916,0.0951612310
2026,4917,-0.8042613896
2026,4918,0.0953174936
2026,4919,0.7675443377
2026,4920,-0.5181105455
2026,4921,-0.0473010164
2026,4922,0.5091636821
2026,4923,-0.2192066783
2026,4924,0.1319269195
2026,4925,0.6294780655
2026,4926,-0.4392614782
2026,4927,-1.1245301288
2026,4928,0.4871105210
2026,4929,0.9757761948
2026,4930,-0.1578409508
2026,4931,0.0309895209
2026,4932,-0.2545768459
2026,4933,0.0656616320
2026,4934,-0.5716426799
2026,4935,0.4767631426
2026,4936,0.8436076670
2026,4937,-0.6213362722
2026,4938,-0.5697106748
2026,4939,0.7618489062
2026,4940,0.4696469192
2026,4941,0.2408164695
2026,4942,-0.2560021553
2026,4943,0.9848121357
2026,4944,-0.2542892986
2026,4945,-0.4596267410
2026,4946,-0.2189056572
2026,4947,1.0141795528
2026,4948,-0.2678159697
2026,4949,-0.5583316009
2026,4950,-0.4141180930
2026,4951,0.6658959590
2026,4952,-0.1987621916
2026,4953,-0.4266010949
2026,4954,1.0917607534
2026,4955,1.3760997139
2026,4956,1.0077398473
2026,4957,-0.1344802901
2026,4958,0.1253380650
2026,4959,0.6948269522
2026,4960,-0.1432449502
2026,4961,-0.0256335993
2026,4962,0.1131304176
2026,4963,0.6985896622
2026,4964,0.4226064888
2026,4965,-0.1817131617
2026,4966,0.1746495575
2026,4967,-0.0053615132
2026,4968,-0.5605010590
2026,4969,-0.5150300951
2026,4970,0.1194922180
2026,4971,0.0949419278
2026,4972,-0.6582158803
2026,4973,0.2107949947
2026,4974,-0.2240104141
2026,4975,0.1474974381
2026,4976,-0.4747213659
2026,4977,0.0326597872
2026,4978,0.3883114388
2026,4979,-0.1584732986
2026,4980,0.2516529249
2026,4981,0.7991954847
2026,4982,0.8485764649
2026,4983,0.6957201189
2026,4984,0.1789187349
2026,4985,-0.6157334899
2026,4986,0.0531072227
2026,4987,-0.7767531853
2026,4988,-0.1225797782
2026,4989,-0.6971194798
2026,4990,-0.2841595088
2026,4991,-0.4414015350
2026,4992,-0.1568770986
2026,4993,-0.3146619992
2026,4994,-0.1910832505
2026,4995,-0.7529414912
2026,4996,0.2468593577
2026,4997,0.9969078790
2026,4998,0.0390884948
2026,4999,0.5277049527
2026,5000,-0.0360049128
2026,5001,0.0687878288
2026,5002,0.7732149946
2026,5003,1.0053024300
2026,5004,0.3713398060
2026,5005,0.1135086744
2026,5006,-0.3443011570
2026,5007,0.3113451528
2026,5008,0.6841504939
2026,5009,-0.5734510274
2026,5010,1.1685137406
2026,5011,-0.5292525542
2026,5012,1.0328091417
2026,5013,0.4707602698
2026,5014,0.0687152425
2026,5015,0.1073988954
2026,5016,-0.7412318833
2026,5017,0.7034641296
2026,5018,-0.1427683166
2026,5019,-0.9745163287
2026,5020,-1.2973121776
2026,5021,-0.4579236305
2026,5022,0.1491323682
2026,5023,0.5511532202
2026,5024,-0.5692843006
2026,5025,0.0261230508
2026,5026,-0.6738653376
2026,5027,-0.2333723733
2026,5028,0.2689669309
2026,5029,0.8099309215
2026,5030,1.1245724236
2026,5031,0.5458672185
2026,5032,-0.1681331993
2026,5033,-0.0582995166
2026,5034,1.1724740613
2026,5035,-0.2249121030
2026,5036,0.8461443440
2026,5037,1.4215645685
2026,5038,-0.2140153827
2026,5039,-0.2656209033
2026,5040,0.6268695062
2026,5041,-0.7107913622
2026,5042,0.4207126532
2026,5043,-0.5437270941
2026,5044,0.0250497957
2026,5045,0.0970312771
2026,5046,-0.9187440209
2026,5047,0.3229270073
2026,5048,-0.0400673415
2026,5049,-0.3800319501
2026,5050,-0.5401333630
2026,5051,0.1745393274
2026,5052,0.7921179222
2026,5053,-0.3880460208
2026,5054,-0.3198760743
2026,5055,-0.8476438630
2026,5056,0.2723097216
2026,5057,0.2166492244
2026,5058,0.8104088245
2026,5059,0.3824828441
2026,5060,-1.0163097881
2026,5061,0.7383573431
2026,5062,-0.1032112305
2026,5063,0.0352549939
2026,5064,0.4393301861
2026,5065,-0.6585890185
2026,5066,0.8286381468
2026,5067,0.2585285266
2026,5068,-0.1701766444
2026,5069,-0.4467687279
2026,5070,0.6167961239
2026,5071,-0.0025222189
2026,5072,-0.2532894841
2026,5073,0.0455938117
2026,5074,0.4735089016
2026,5075,-0.0369000150
2026,5076,-0.1902490850
2026,5077,0.8589746476
2026,5078,-0.6775799225
2026,5079,-0.6525329071
2026,5080,-0.7626544010
2026,5081,0.3994309628
2026,5082,-0.1982389276
2026,5083,-0.5425603638
2026,5084,-0.4541925365
2026,5085,-0.1595639177
2026,5086,-0.6869620253
2026,5087,-0.5443182617
2026,5088,0.9414986612
2026,5089,0.4592626228
2026,5090,-0.4019127197
2026,5091,0.0402871607
2026,5092,0.0833541113
2026,5093,0.3938028859
2026,5094,-0.4683092024
2026,5095,0.1360067463
2026,5096,-1.2867998931
2026,5097,0.0413984612
2026,5098,-0.7910752461
2026,5099,-1.8999325542
2026,5100,1.1151039616
2026,5101,-0.7629231405
2026,5102,-0.1933655751
2026,5103,-0.1591059458
2026,5104,-0.3657491535
2026,5105,0.5241833924
2026,5106,-0.0429144313
2026,5107,0.2796595774
2026,5108,-0.3048554758
2026,5109,0.7594948229
2026,5110,-0.1345184065
2026,5111,0.3199406270
2026,5112,-0.8843095777
2026,5113,-0.1181966187
2026,5114,0.0315611527
2026,5115,-0.7039295758
2026,5116,0.5635176323
2026,5117,0.3717126093
2026,5118,0.3708912628
2026,5119,0.0214761085
2026,5120,0.5137644138
2026,5121,0.8266398734
2026,5122,-0.2288796557
2026,5123,0.1745194380
2026,5124,-0.4743207128
2026,5125,-0.8137195840
2026,5126,-0.3602654010
2026,5127,0.0511728640
2026,5128,0.6638900806
2026,5129,-0.2106648790
2026,5130,-0.7477091913
2026,5131,-0.1365387285
2026,5132,0.5033480370
2026,5133,-0.1893741958
2026,5134,0.2906152572
2026,5135,0.5342343916
2026,5136,-1.4811892212
2026,5137,0.6009522064
2026,5138,-0.7325934611
2026,5139,-0.8648878089
2026,5140,0.0453044196
2026,5141,0.5166239356
2026,5142,0.3312074157
2026,5143,-0.4351374412
2026,5144,0.4183599326
2026,5145,0.1241797366
2026,5146,0.6545909744
2026,5147,-0.1691215074
2026,5148,0.3659406811
2026,5149,-0.0597992868
2026,5150,-0.0443885565
2026,5151,0.4103269623
2026,5152,0.6227480862
2026,5153,0.6469530063
2026,5154,-0.8170005934
2026,5155,-0.4431481825
2026,5156,-0.1876468519
2026,5157,-0.3968180007
2026,5158,-0.6316262172
2026,5159,-0.3697278884
2026,5160,0.9815399816
2026,5161,-1.1320696357
2026,5162,-0.0500072458
2026,5163,-1.1152306373
2026,5164,0.1505377789
2026,5165,1.1262750859
2026,5166,0.1950316468
2026,5167,-0.2469828272
2026,5168,0.8737744175
2026,5169,0.0539065844
2026,5170,0.5391266001
2026,5171,-0.0378288495
2026,5172,0.0166230647
2026,5173,0.1119991317
2026,5174,-0.0299535563
2026,5175,0.5454467872
2026,5176,-0.1344689685
2026,5177,-0.6296067117
2026,5178,0.6223726960
2026,5179,-0.3398977389
2026,5180,0.5215377634
2026,5181,-0.9353705332
2026,5182,-0.7817822311
2026,5183,-0.1583054888
2026,5184,0.2775155903
2026,5185,0.3402195109
2026,5186,0.2223248478
2026,5187,-0.4297549369
2026,5188,-0.1134824702
2026,5189,-0.1875401070
2026,5190,0.5978438337
2026,5191,0.2330210160
2026,5192,-0.2523196888
2026,5193,-0.7639640245
2026,5194,-0.4168652324
2026,5195,-0.5110050367
2026,5196,0.3190158612
2026,5197,0.7025225451
2026,5198,0.5689168583
2026,5199,-0.3488990591
2026,5200,-0.2020334141
2026,5201,-0.8885355858
2026,5202,0.0835668120
2026,5203,0.2152207345
2026,5204,-0.1452907331
2026,5205,-0.1733195023
2026,5206,-0.5266297374
2026,5207,1.0522412382
2026,5208,0.4640385426
2026,5209,0.6754797637
2026,5210,0.9847543423
2026,5211,0.4673096641
2026,5212,0.1504876323
2026,5213,-0.6697039261
2026,5214,0.4883832971
2026,5215,-0.7580961604
2026,5216,0.4871076216
2026,5217,-0.4516032871
2026,5218,-0.8395803613
2026,5219,0.3037871989
2026,5220,-0.3223201308
2026,5221,-0.3380835954
2026,5222,0.2694724489
2026,5223,0.3518254833
2026,5224,-0.1282790552
2026,5225,0.0996715639
2026,5226,-0.3472947234
2026,5227,0.7146800234
2026,5228,-0.5553474022
2026,5229,-0.3440671064
2026,5230,0.1380628171
2026,5231,-0.0392165952
2026,5232,0.0344905435
2026,5233,-0.0260070924
2026,5234,0.5990272558
2026,5235,0.5294011132
2026,5236,-0.1561740248
2026,5237,0.0030634876
2026,5238,-0.3790247399
2026,5239,0.2573318782
2026,5240,-0.3046382914
2026,5241,-0.6867799840
2026,5242,0.5554032352
2026,5243,0.1973786000
2026,5244,-0.5436991950
2026,5245,0.0352788160
2026,5246,0.0269093780
2026,5247,-0.5891832922
2026,5248,-0.8007772826
2026,5249,0.6152128899
2026,5250,-0.2960935491
2026,5251,-0.3685236309
2026,5252,0.6829286823
2026,5253,-0.7262388643
2026,5254,0.5676714240
2026,5255,-0.6162931827
2026,5256,0.6636084377
2026,5257,0.2850476443
2026,5258,0.5404157479
2026,5259,-0.6208050913
2026,5260,-0.4038289129
2026,5261,0.1276753302
2026,5262,0.0563768841
2026,5263,-0.1611586040
2026,5264,-0.2070957686
2026,5265,0.3958677537
2026,5266,0.3061241500
2026,5267,0.4269467620
2026,5268,0.0792356934
2026,5269,0.1025346839
2026,5270,0.4028557604
2026,5271,0.5853222760
2026,5272,0.7012077802
2026,5273,0.2691194850
2026,5274,0.5301708126
2026,5275,-0.5798634966
2026,5276,0.2060292586
2026,5277,-0.0585091057
2026,5278,0.2817262184
2026,5279,-0.3528504234
2026,5280,0.1552318378
2026,5281,-0.2915156026
2026,5282,0.6542237845
2026,5283,0.3303812201
2026,5284,0.5187668748
2026,5285,-0.7119874652
2026,5286,0.8740223153
2026,5287,0.3625015777
2026,5288,-0.8462313170
2026,5289,-0.4618310014
2026,5290,0.3004136191
2026,5291,-0.2365360203
2026,5292,-0.8927910834
2026,5293,-0.3228644239
2026,5294,-0.3556318498
2026,5295,-0.1757770319
2026,5296,-0.5021051953
2026,5297,0.7877851286
2026,5298,0.1613365802
2026,5299,0.0431368992
2026,5300,-0.4584511968
2026,5301,-0.4835518827
2026,5302,-0.2927105203
2026,5303,0.3057336813
2026,5304,0.0202716673
2026,5305,-0.0045604803
2026,5306,-0.7277082067
2026,5307,0.2315241689
2026,5308,0.1577488087
2026,5309,-0.3385448667
2026,5310,-0.4441720398
2026,5311,-0.1144217941
2026,5312,-0.3288929943
2026,5313,-0.5343381853
2026,5314,0.2330567110
2026,5315,-0.8551967585
2026,5316,-0.4350528443
2026,5317,-0.4711443282
2026,5318,-0.0648017844
2026,5319,-0.0818165193
2026,5320,0.0144570257
2026,5321,0.4008324278
2026,5322,0.2212059870
2026,5323,-0.4718629223
2026,5324,-0.4335845236
2026,5325,0.5986068766
2026,5326,0.0222710134
2026,5327,0.9120206257
2026,5328,0.6948240355
2026,5329,-0.0866165259
2026,5330,0.0414640609
2026,5331,-0.6767822476
2026,5332,-0.1191119800
2026,5333,0.3345009191
2026,5334,-0.1049353210
2026,5335,-0.1364369692
2026,5336,-0.0653205553
2026,5337,0.5574170235
2026,5338,-0.6590120914
2026,5339,0.2715488346
2026,5340,-0.3502779784
2026,5341,-0.6292337041
2026,5342,-0.0217866411
2026,5343,-0.0576812856
2026,5344,0.2856404232
2026,5345,0.6614379433
2026,5346,0.0816465286
2026,5347,-0.4639048650
2026,5348,0.6477669082
2026,5349,0.2200017156
2026,5350,0.5701411026
2026,5351,-0.1884420547
2026,5352,-0.3891484350
2026,5353,0.2239786758
2026,5354,0.3374800535
2026,5355,0.6048635842
2026,5356,-0.0033464338
2026,5357,0.6549586152
2026,5358,0.5279763660
2026,5359,-0.5314047562
2026,5360,1.2189818148
2026,5361,-0.1882235951
2026,5362,-0.4188875713
2026,5363,0.1039704660
2026,5364,0.1126796213
2026,5365,1.4409829348
2026,5366,0.2498895164
2026,5367,0.1241310574
2026,5368,0.0729438982
2026,5369,0.2053803857
2026,5370,0.8825439407
2026,5371,0.1078044222
2026,5372,-1.1298467761
2026,5373,-0.0913813863
2026,5374,-0.9036867809
2026,5375,-0.5445289440
2026,5376,0.0591733967
2026,5377,0.6566864651
2026,5378,0.1641970740
2026,5379,1.4077735290
2026,5380,-0.3206724899
2026,5381,-0.7133469816
2026,5382,0.0690633648
2026,5383,0.7873767878
2026,5384,-0.4732736350
2026,5385,-0.5360098978
2026,5386,0.5885142541
2026,5387,0.9824730025
2026,5388,0.4343097171
2026,5389,0.0055969180
2026,5390,0.0347028919
2026,5391,0.0109819188
2026,5392,0.4404103505
2026,5393,-0.3517209881
2026,5394,-0.4840388477
2026,5395,0.1324981679
2026,5396,1.0139816866
2026,5397,-0.4340010956
2026,5398,-0.2072348079
2026,5399,-0.1224583587
2026,5400,0.0047244900
2026,5401,0.1094489854
2026,5402,0.4368824190
2026,5403,-0.3886751188
2026,5404,-0.0680535076
2026,5405,0.0356823092
2026,5406,0.9849467093
2026,5407,0.2727078865
2026,5408,0.1671728396
2026,5409,-0.2125245322
2026,5410,-0.1318185173
2026,5411,0.3743761520
2026,5412,-0.5266162356
2026,5413,0.2587742456
2026,5414,-0.7363891055
2026,5415,0.1170625405
2026,5416,1.0592476111
2026,5417,-0.4632856969
2026,5418,-0.2984147094
2026,5419,-0.4996251001
2026,5420,-0.6154309609
2026,5421,0.3265584155
2026,5422,-0.0587562362
2026,5423,0.7628746653
2026,5424,0.5139116172
2026,5425,-0.7615146515
2026,5426,-0.2300459789
2026,5427,-0.9165208356
2026,5428,0.8001223143
2026,5429,-0.3111734041
2026,5430,0.1334785126
2026,5431,0.0287185039
2026,5432,-0.9636790415
2026,5433,0.8494592255
2026,5434,-0.6262968741
2026,5435,0.4467508958
2026,5436,0.5589398376
2026,5437,-0.0531688273
2026,5438,-0.5747066749
2026,5439,-0.6494929918
2026,5440,-0.4752473653
2026,5441,-0.1869435024
2026,5442,-0.2681437208
2026,5443,-0.4672595900
2026,5444,-0.8221522409
2026,5445,-0.3219075168
2026,5446,0.0348588320
2026,5447,0.1735306548
2026,5448,-0.4831726757
2026,5449,-0.5658716021
2026,5450,-0.2612686529
2026,5451,-0.4000768248
2026,5452,0.2972399874
2026,5453,-0.5321613938
2026,5454,0.4027797721
2026,5455,-0.8202730728
2026,5456,0.4648413256
2026,5457,0.2553721228
2026,5458,-0.0189534890
2026,5459,0.2264166961
2026,5460,0.2674016732
2026,5461,0.2939635819
2026,5462,0.3249367918
2026,5463,-0.9017044996
2026,5464,0.4725505484
2026,5465,-0.5648717144
2026,5466,-0.9294332989
2026,5467,-0.9101574768
2026,5468,-0.0396450730
2026,5469,0.3080956092
2026,5470,0.4084249174
2026,5471,-0.3260522303
2026,5472,0.3636608568
2026,5473,0.7961895296
2026,5474,0.1579032281
2026,5475,-1.0584474298
2026,5476,0.0666639451
2026,5477,-0.1850247657
2026,5478,-0.7530493583
2026,5479,-0.2870703329
2026,5480,-0.7634884187
2026,5481,0.1051611646
2026,5482,0.7868590007
2026,5483,-0.2997515481
2026,5484,-0.2930233886
2026,5485,-0.1356279955
2026,5486,0.7919717192
2026,5487,-0.3103924412
2026,5488,-0.2415538751
2026,5489,-0.6319027467
2026,5490,0.1354314019
2026,5491,-0.0224329830
2026,5492,-0.4605279553
2026,5493,1.0648218976
2026,5494,0.5032981621
2026,5495,-0.7905023171
2026,5496,-0.4535745947
2026,5497,-0.5491519716
2026,5498,-0.1591519654
2026,5499,-0.2970405179
2026,5500,-0.6301342068
2026,5501,0.0670519014
2026,5502,-0.2387934073
2026,5503,0.5399931057
2026,5504,-0.0744436135
2026,5505,1.0839393756
2026,5506,0.2936667353
2026,5507,-0.1335569420
2026,5508,-0.0846061445
2026,5509,0.0744318265
2026,5510,0.2159771530
2026,5511,0.7387649641
2026,5512,0.3961990776
2026,5513,-0.1705716668
2026,5514,-1.0611178840
2026,5515,-1.2384030402
2026,5516,-0.8055077338
2026,5517,0.2720033679
2026,5518,-1.8815089595
2026,5519,0.1592758191
2026,5520,1.0741340097
2026,5521,-0.6727268761
2026,5522,-0.2979730567
2026,5523,-0.3976667810
2026,5524,-0.4529023835
2026,5525,-0.4183863902
2026,5526,-0.4940801317
2026,5527,0.2989485531
2026,5528,-1.0751236213
2026,5529,-0.4596847435
2026,5530,0.6727715318
2026,5531,0.4408085212
2026,5532,-1.1129306983
2026,5533,0.2675493280
2026,5534,1.3789880312
2026,5535,-0.0021263025
2026,5536,0.4577517779
2026,5537,0.4727145450
2026,5538,0.6275172611
2026,5539,0.3625517158
2026,5540,-0.5044721388
2026,5541,-0.3732918059
2026,5542,-0.3472868430
2026,5543,1.0671979862
2026,5544,-0.1215444720
2026,5545,-0.1937962890
2026,5546,-0.5902024783
2026,5547,-0.9707262635
2026,5548,0.4050294725
2026,5549,-0.9098265127
2026,5550,-0.0708745538
2026,5551,-1.2599226430
2026,5552,-0.1337891518
2026,5553,0.8893924688
2026,5554,-0.2491956740
2026,5555,-0.2657952121
2026,5556,0.4539206854
2026,5557,0.1820566134
2026,5558,-0.3279801802
2026,5559,-0.8539641279
2026,5560,1.0556441112
2026,5561,0.1272259428
2026,5562,1.0376103335
2026,5563,-0.6147668548
2026,5564,-0.1053565774
2026,5565,0.2383365202
2026,5566,0.1129512966
2026,5567,0.4240467708
2026,5568,0.5466329536
2026,5569,-0.1659349736
2026,5570,-0.2280666872
2026,5571,-0.0515796588
2026,5572,0.6925453733
2026,5573,0.4664674762
2026,5574,0.2272762577
2026,5575,-0.4470480229
2026,5576,0.0055781960
2026,5577,0.3286099036
2026,5578,0.2618926426
2026,5579,1.1330181952
2026,5580,-0.5325743247
2026,5581,-0.1696829794
2026,5582,0.6154930418
2026,5583,-0.3221081283
2026,5584,0.9252746124
2026,5585,-0.0320076394
2026,5586,-0.4974495123
2026,5587,0.8549390402
2026,5588,-0.3094731486
2026,5589,0.2502099846
2026,5590,0.6838920228
2026,5591,0.5383896672
2026,5592,0.0655536853
2026,5593,0.4242858299
2026,5594,-0.3944776795
2026,5595,-0.5860024610
2026,5596,0.0901935883
2026,5597,0.8069039238
2026,5598,0.7092905109
2026,5599,-0.7239097512
2026,5600,0.5837019646
2026,5601,-0.1334923400
2026,5602,0.6082462641
2026,5603,-0.0672216521
2026,5604,0.6571779818
2026,5605,0.0335369678
2026,5606,0.2605096409
2026,5607,0.0610355697
2026,5608,-0.5269352172
2026,5609,-0.2314031351
2026,5610,-0.3139347057
2026,5611,-0.6364828835
2026,5612,-0.5591323768
2026,5613,0.0556568788
2026,5614,-0.2974776557
2026,5615,-1.1227803876
2026,5616,-0.5478528937
2026,5617,0.1700776227
2026,5618,0.0940806083
2026,5619,-0.4217505269
2026,5620,1.1298409522
2026,5621,0.2772119056
2026,5622,-0.7557747142
2026,5623,-0.9009240889
2026,5624,0.4943957501
2026,5625,0.0155535495
2026,5626,0.3151015968
2026,5627,0.7217770822
2026,5628,0.4973223027
2026,5629,-0.1412615488
2026,5630,0.1664373893
2026,5631,-0.1604450105
2026,5632,0.1331994899
2026,5633,-0.7042634964
2026,5634,0.1382627667
2026,5635,0.2097710604
2026,5636,1.1123458992
2026,5637,0.2203663530
2026,5638,-0.2521935526
2026,5639,-0.3638826355
2026,5640,0.4035080344
2026,5641,0.2812301836
2026,5642,-0.4704836382
2026,5643,0.3051552454
2026,5644,-0.1485544897
2026,5645,-0.3771563381
2026,5646,0.0471264497
2026,5647,0.3172461206
2026,5648,0.8555221468
2026,5649,0.5863514206
2026,5650,0.1862478376
2026,5651,0.5573271174
2026,5652,-1.4687672374
2026,5653,-0.1386191903
2026,5654,-0.5281954399
2026,5655,0.1804178061
2026,5656,0.7849898992
2026,5657,-1.1192732594
2026,5658,0.1353864844
2026,5659,-0.6115461682
2026,5660,0.0242191779
2026,5661,0.2326483778
2026,5662,-0.0261039261
2026,5663,-0.2520074174
2026,5664,0.1278324874
2026,5665,-0.3061215392
2026,5666,0.4304580730
2026,5667,0.4133170907
2026,5668,-0.1844663449
2026,5669,0.1441366230
2026,5670,0.6000363047
2026,5671,0.2995095139
2026,5672,-0.0306940843
2026,5673,-0.5552795664
2026,5674,-1.0461559787
2026,5675,1.0185389508
2026,5676,-0.7006262155
2026,5677,-0.6440537050
2026,5678,-0.3941128252
2026,5679,0.7449718490
2026,5680,-0.9380459007
2026,5681,-0.5096245757
2026,5682,0.5323143613
2026,5683,-0.5967023720
2026,5684,-0.1767183494
2026,5685,-0.1574657701
2026,5686,-0.4560313878
2026,5687,0.3066851833
2026,5688,-0.2404613158
2026,5689,1.1428764605
2026,5690,0.6934046175
2026,5691,-0.1510713041
2026,5692,0.2721808624
2026,5693,0.9289586884
2026,5694,0.2874049143
2026,5695,0.1425761788
2026,5696,0.9404487119
2026,5697,0.3454156511
2026,5698,0.2978641606
2026,5699,0.7652125713
2026,5700,-0.2433581049
2026,5701,0.6162406175
2026,5702,0.0040877808
2026,5703,0.5714799968
2026,5704,0.0266001495
2026,5705,-0.0512104122
2026,5706,-0.4042644190
2026,5707,0.3109890817
2026,5708,0.5680998295
2026,5709,-0.0082306212
2026,5710,-0.8163582129
2026,5711,0.4699624291
2026,5712,0.1300422296
2026,5713,-0.6741464448
2026,5714,-0.9740607132
2026,5715,0.4083802170
2026,5716,0.4660670729
2026,5717,0.2489916797
2026,5718,0.0151245658
2026,5719,0.5498282985
2026,5720,-0.3928314633
2026,5721,0.9296688647
2026,5722,0.2790485011
2026,5723,0.4410436265
2026,5724,-0.3320154426
2026,5725,-0.2406241661
2026,5726,0.4793999417
2026,5727,0.2941903003
2026,5728,-0.0999985413
2026,5729,-0.8251858053
2026,5730,0.2417876198
2026,5731,1.2113265701
2026,5732,0.1554772072
2026,5733,0.3741757394
2026,5734,0.0452725461
2026,5735,-0.3305141115
2026,5736,-0.0582080870
2026,5737,1.1169021283
2026,5738,-0.3905039829
2026,5739,0.1487226709
2026,5740,-1.0290890198
2026,5741,-0.4528036968
2026,5742,0.1474237069
2026,5743,0.1657812721
2026,5744,-0.5875530716
2026,5745,-0.5811724035
2026,5746,0.3778343682
2026,5747,-0.0422208529
2026,5748,0.2803558179
2026,5749,0.1373742715
2026,5750,-1.0791779760
2026,5751,0.3770746420
2026,5752,-0.9179635295
2026,5753,0.5163985916
2026,5754,-0.7007996151
2026,5755,-0.3421160123
2026,5756,-0.6195350557
2026,5757,-0.2530640270
2026,5758,-0.8981058725
2026,5759,0.7396007448
2026,5760,0.3443743589
2026,5761,0.2865305369
2026,5762,0.9378186729
2026,5763,1.0066848171
2026,5764,-0.4212331347
2026,5765,-0.6344198417
2026,5766,0.0961625495
2026,5767,0.3866721338
2026,5768,-0.4474106206
2026,5769,-0.1023038873
2026,5770,0.9111075699
2026,5771,0.0471754124
2026,5772,0.1212710112
2026,5773,-0.1028989602
2026,5774,-0.7341138222
2026,5775,0.5300338535
2026,5776,0.0256288244
2026,5777,-0.2432894294
2026,5778,-0.4581780829
2026,5779,0.5183635154
2026,5780,-0.1168318014
2026,5781,-0.8456338927
2026,5782,0.2107877092
2026,5783,0.5137881693
2026,5784,0.3446820953
2026,5785,-0.6220236114
2026,5786,0.1362362571
2026,5787,0.8075733159
2026,5788,0.2992334397
2026,5789,0.2591319002
2026,5790,-0.5255236973
2026,5791,0.2424066182
2026,5792,0.6853956455
2026,5793,-0.6268506279
2026,5794,0.4851191994
2026,5795,-0.2870394227
2026,5796,0.1331592913
2026,5797,0.0392455802
2026,5798,-0.7637276536
2026,5799,0.4038903529
2026,5800,0.8941077170
2026,5801,0.1497896555
2026,5802,-0.1036639238
2026,5803,0.3564412634
2026,5804,0.2320288950
2026,5805,0.2978011178
2026,5806,-0.0041567300
2026,5807,-0.2952318790
2026,5808,-0.5240083893
2026,5809,0.0093331517
2026,5810,-0.0506027334
2026,5811,0.7719513935
2026,5812,0.2662439386
2026,5813,0.4348685213
2026,5814,0.3106905154
2026,5815,0.7597433471
2026,5816,1.5438564032
2026,5817,-0.0623665272
2026,5818,-0.1010177238
2026,5819,0.2410635805
2026,5820,-0.5495293224
2026,5821,-0.2148125747
2026,5822,-0.1274605620
2026,5823,-0.7058902396
2026,5824,0.1565903821
2026,5825,0.3213460562
2026,5826,-0.5319561447
2026,5827,0.2386992964
2026,5828,0.8404548287
2026,5829,0.6208149743
2026,5830,-0.3163019640
2026,5831,-0.6313658697
2026,5832,-0.5183890777
2026,5833,-0.1077494195
2026,5834,0.1426177466
2026,5835,-0.3488902059
2026,5836,0.0502929978
2026,5837,0.7757263670
2026,5838,0.9237769486
2026,5839,-0.9672515141
2026,5840,0.3242261698
2026,5841,-0.0373161308
2026,5842,-0.1673080471
2026,5843,0.6271389044
2026,5844,0.4640032498
2026,5845,0.0192503590
2026,5846,-0.3786991085
2026,5847,0.2631800018
2026,5848,0.0104415558
2026,5849,0.3503364258
2026,5850,0.4761885232
2026,5851,-0.0521270517
2026,5852,-0.0603645383
2026,5853,-0.8436317336
2026,5854,-0.0904314692
2026,5855,0.6740858851
2026,5856,-0.0579741134
2026,5857,-1.2790091744
2026,5858,0.2711046138
2026,5859,-0.2812319634
2026,5860,-0.0011787970
2026,5861,-0.1475402571
2026,5862,-0.0078819733
2026,5863,-0.6609449106
2026,5864,-0.0151219107
2026,5865,0.7731587227
2026,5866,0.0346876320
2026,5867,-0.9619523886
2026,5868,0.5102446289
2026,5869,-0.5116482604
2026,5870,-0.4439951185
2026,5871,-0.1803597184
2026,5872,0.2052381529
2026,5873,-0.6866862111
2026,5874,-0.4575256386
2026,5875,0.9951163888
2026,5876,-0.0194363055
2026,5877,-0.5214188648
2026,5878,-0.0802228387
2026,5879,0.3298161118
2026,5880,0.8322993330
2026,5881,0.3959858423
2026,5882,0.0685364558
2026,5883,0.2054118185
2026,5884,-0.6306541648
2026,5885,-0.5731018068
2026,5886,1.0549186393
2026,5887,-0.2402893757
2026,5888,0.1856784028
2026,5889,-0.3595652136
2026,5890,0.5438017010
2026,5891,0.2091743186
2026,5892,0.4323474954
2026,5893,0.5576206673
2026,5894,0.1818663772
2026,5895,-0.5860678922
2026,5896,0.9322714689
2026,5897,-0.0681946236
2026,5898,-0.5594836618
2026,5899,-0.3808850440
2026,5900,-0.2954008811
2026,5901,0.5171373339
2026,5902,0.4959580875
2026,5903,-0.5015856580
2026,5904,0.4786031200
2026,5905,-0.0255989904
2026,5906,-0.1188505671
2026,5907,-0.7759149687
2026,5908,-0.4065874890
2026,5909,-0.0752315126
2026,5910,-0.0802506189
2026,5911,-0.3984144752
2026,5912,-0.6107106725
2026,5913,0.1996003869
2026,5914,-0.4091377517
2026,5915,-0.2727860844
2026,5916,-0.5347910344
2026,5917,-0.9837941257
2026,5918,0.0263588866
2026,5919,-0.2363278656
2026,5920,-0.1025811185
2026,5921,0.3665318685
2026,5922,0.3803728436
2026,5923,-0.7829199625
2026,5924,0.7559484703
2026,5925,-0.1769900539
2026,5926,0.8427428979
2026,5927,0.7587502935
2026,5928,0.6160886374
2026,5929,0.0592437635
2026,5930,-0.9543677378
2026,5931,-0.0880230022
2026,5932,-0.9507899618
2026,5933,0.0040363673
2026,5934,-0.0998966527
2026,5935,1.2780396653
2026,5936,-0.9524263554
2026,5937,0.3237833513
2026,5938,0.0196035846
2026,5939,-0.3925880231
2026,5940,-0.1266260331
2026,5941,0.3978605847
2026,5942,-0.6912948557
2026,5943,0.6110820218
2026,5944,-0.0058026993
2026,5945,0.2068835633
2026,5946,0.0326617657
2026,5947,0.1330445529
2026,5948,-0.8825953527
2026,5949,-0.6857392459
2026,5950,-0.0323765696
2026,5951,0.8019391781
2026,5952,-0.1031020639
2026,5953,0.1286879239
2026,5954,0.0338054837
2026,5955,-0.4533137850
2026,5956,-0.4544135663
2026,5957,0.5452484005
2026,5958,0.3995100023
2026,5959,-0.0965860473
2026,5960,-0.1911748720
2026,5961,-0.9150641022
2026,5962,-0.4638521050
2026,5963,1.2271071237
2026,5964,0.8534053654
2026,5965,1.3928448699
2026,5966,0.1600450351
2026,5967,0.6377888507
2026,5968,-0.1147502237
2026,5969,0.0188232604
2026,5970,-0.3006548966
2026,5971,-0.5727084174
2026,5972,-0.5117472894
2026,5973,-0.2097108172
2026,5974,0.5769813556
2026,5975,-0.2472959241
2026,5976,0.3937251304
2026,5977,0.0113123430
2026,5978,-0.2187759647
2026,5979,0.2523357003
2026,5980,-0.8520154243
2026,5981,0.0367581890
2026,5982,-0.3786695025
2026,5983,0.0052190342
2026,5984,-0.4529586408
2026,5985,-0.1864986226
2026,5986,0.9115811037
2026,5987,-0.3198303792
2026,5988,-0.2082101098
2026,5989,1.0119733259
2026,5990,-0.5706032164
2026,5991,0.4735026767
2026,5992,-1.1195106210
2026,5993,0.3452177544
2026,5994,-0.4588968233
2026,5995,0.4797003416
2026,5996,-1.2128742537
2026,5997,0.8342312720
2026,5998,-0.2066438877
2026,5999,-0.1835528528
2026,6000,0.7418427922
2026,6001,0.0488115121
2026,6002,0.0811695199
2026,6003,-0.8384658382
2026,6004,-0.9111257000
2026,6005,0.1130155509
2026,6006,0.1705258872
2026,6007,0.0716896579
2026,6008,-0.3394009937
2026,6009,-0.0522612020
2026,6010,-0.3453794321
2026,6011,-0.6045803135
2026,6012,-0.3333092276
2026,6013,-0.3102850025
2026,6014,1.4996970748
2026,6015,0.1800286306
2026,6016,-0.0427521837
2026,6017,-0.0629278572
2026,6018,-0.6510392729
2026,6019,-0.1008188028
2026,6020,-0.5948432270
2026,6021,0.2383440060
2026,6022,0.1820165102
2026,6023,-0.1981721777
2026,6024,1.0216206637
2026,6025,-0.3179690299
2026,6026,-0.0842452844
2026,6027,-0.4812210573
2026,6028,-0.4561143841
2026,6029,-0.2345061997
2026,6030,-0.5935807933
2026,6031,0.5553093306
2026,6032,0.5638357938
2026,6033,0.2788069370
2026,6034,0.6123522007
2026,6035,0.6613998233
2026,6036,0.9101732215
2026,6037,-0.3581630029
2026,6038,-0.0052021329
2026,6039,0.8535834891
2026,6040,0.3328802451
2026,6041,0.8282570806
2026,6042,-0.0013296758
2026,6043,-0.4981093857
2026,6044,-0.7957578649
2026,6045,-0.0772230594
2026,6046,-0.7668766758
2026,6047,0.4495383912
2026,6048,-0.2118132426
2026,6049,0.8837283356
2026,6050,0.8232199905
2026,6051,-0.2812063682
2026,6052,-0.4542492959
2026,6053,-0.2910176774
2026,6054,0.6037956869
2026,6055,-0.0077710733
2026,6056,0.1746949505
2026,6057,0.2279233567
2026,6058,0.2469812661
2026,6059,0.6093886950
2026,6060,-0.3314169326
2026,6061,-1.4739388718
2026,6062,-0.8164482109
2026,6063,0.5053676999
2026,6064,-0.1644088812
2026,6065,0.2365712393
2026,6066,-0.0388054575
2026,6067,-0.0748563845
2026,6068,0.5201674661
2026,6069,0.0171982577
2026,6070,-0.2828402770
2026,6071,-0.1769207766
2026,6072,-1.0842503108
2026,6073,-1.3634781485
2026,6074,0.4737562847
2026,6075,0.3616793295
2026,6076,0.7311276621
2026,6077,0.3535477010
2026,6078,-0.8790486320
2026,6079,0.3629472511
2026,6080,-0.2363884540
2026,6081,0.5743222695
2026,6082,0.4879195005
2026,6083,-0.3954671698
2026,6084,-0.6236968112
2026,6085,0.1982933042
2026,6086,0.6488003837
2026,6087,0.4606527211
2026,6088,0.9030081679
2026,6089,0.0812687358
2026,6090,0.8891189701
2026,6091,0.1170848371
2026,6092,-0.0513102177
2026,6093,1.2702921850
2026,6094,-0.0438723184
2026,6095,-0.4021376207
2026,6096,-0.4723069434
2026,6097,0.4253405817
2026,6098,0.4133157647
2026,6099,0.9173282059
2026,6100,0.3825043514
2026,6101,0.3401168861
2026,6102,-0.2587516464
2026,6103,0.1775023633
2026,6104,0.0160956478
2026,6105,-0.0116008360
2026,6106,0.5333977628
2026,6107,-0.9204351350
2026,6108,1.0154214635
2026,6109,0.7430225949
2026,6110,0.0633527605
2026,6111,0.2619366645
2026,6112,-0.2100774750
2026,6113,-0.2541477927
2026,6114,-0.4549727203
2026,6115,-0.6187389610
2026,6116,-0.0768125666
2026,6117,0.5804975613
2026,6118,-0.3437354483
2026,6119,0.2647193560
2026,6120,0.0052736524
2026,6121,0.0462784822
2026,6122,-0.0444892745
2026,6123,1.0056027989
2026,6124,-0.8028313143
2026,6125,0.0721190689
2026,6126,-0.1370773464
2026,6127,0.0213302789
2026,6128,0.3258924570
2026,6129,0.5205687865
2026,6130,0.0860778761
2026,6131,0.1255148616
2026,6132,-0.7912826467
2026,6133,0.0952495930
2026,6134,-0.2291544086
2026,6135,0.6432772979
2026,6136,-0.6633332633
2026,6137,-0.3566309315
2026,6138,1.3248531587
2026,6139,-0.1950382050
2026,6140,-0.1349506124
2026,6141,0.2954678668
2026,6142,-0.2502344420
2026,6143,0.0968074799
2026,6144,0.2707596517
2026,6145,-0.5207991542
2026,6146,0.3043701914
2026,6147,-0.6835702462
2026,6148,0.7975904846
2026,6149,0.2245997964
2026,6150,-0.3994730118
2026,6151,0.0601288266
2026,6152,-0.6907415391
2026,6153,-0.5665362128
2026,6154,-0.0110594463
2026,6155,-0.2133937235
2026,6156,-0.2576058075
2026,6157,0.3796678934
2026,6158,-0.2838361567
2026,6159,0.2164234653
2026,6160,-0.1181515108
2026,6161,-0.4698637743
2026,6162,0.2620093401
2026,6163,-0.5920073001
2026,6164,1.0036093249
2026,6165,0.1055578134
2026,6166,-0.3149859570
2026,6167,-0.7140921570
2026,6168,-0.6103324561
2026,6169,-1.0586810265
2026,6170,0.1082442293
2026,6171,0.8303043710
2026,6172,0.1835886480
2026,6173,-1.1194724115
2026,6174,-0.1928772613
2026,6175,0.6914826493
2026,6176,-0.1359282236
2026,6177,-0.0702142037
2026,6178,0.3698722351
2026,6179,0.1795754457
2026,6180,0.1164321619
2026,6181,-0.3105087437
2026,6182,0.4090744355
2026,6183,0.1798910120
2026,6184,-0.1366437350
2026,6185,0.0532876513
2026,6186,-0.0609785850
2026,6187,1.1501042582
2026,6188,-0.0792923410
2026,6189,-0.7247813957
2026,6190,-1.3146251532
2026,6191,0.3912570957
2026,6192,0.4528030313
2026,6193,-0.3992109452
2026,6194,-0.2332226639
2026,6195,0.0729766419
2026,6196,1.0509173063
2026,6197,-0.0884975862
2026,6198,-0.8825854786
2026,6199,-0.7620047710
2026,6200,-0.1863849732
2026,6201,-0.3242256915
2026,6202,-1.0020909931
2026,6203,0.0981116565
2026,6204,0.1025396180
2026,6205,0.4607973056
2026,6206,-0.7090991293
2026,6207,0.4267579426
2026,6208,-0.0753557407
2026,6209,-0.1812603839
2026,6210,-0.5063185575
2026,6211,0.6689060471
2026,6212,0.8243175296
2026,6213,1.1979020412
2026,6214,1.0395088606
2026,6215,-0.2873969879
2026,6216,-0.4584752577
2026,6217,-0.6925128042
2026,6218,0.3157562003
2026,6219,0.5386400791
2026,6220,-0.3911650047
2026,6221,-1.3620067546
2026,6222,0.7482978556
2026,6223,0.3416447046
2026,6224,0.0012570430
2026,6225,0.1930805926
2026,6226,1.4361557919
2026,6227,0.4638829894
2026,6228,0.3383687952
2026,6229,0.2617961416
2026,6230,-1.2703935393
2026,6231,0.6738480265
2026,6232,0.0392650936
2026,6233,-0.5343636139
2026,6234,-0.7397083334
2026,6235,0.0570579630
2026,6236,-0.0999035049
2026,6237,1.0648936679
2026,6238,0.6502228302
2026,6239,0.5970020097
2026,6240,-0.9374356175
2026,6241,0.1460091874
2026,6242,0.1175496548
2026,6243,-0.0649060352
2026,6244,1.0938968010
2026,6245,-0.0121156651
2026,6246,0.2311739416
2026,6247,0.2948799799
2026,6248,-0.5345849175
2026,6249,-0.7342256032
2026,6250,-0.1399869487
2026,6251,-1.0399574769
2026,6252,-0.4057653917
2026,6253,0.7290116151
2026,6254,0.2820181269
2026,6255,-0.1079926421
2026,6256,0.8954966198
2026,6257,0.9148841230
2026,6258,-0.7257435740
2026,6259,-0.0296104890
2026,6260,-0.3160845836
2026,6261,0.8667330995
2026,6262,-0.1645582059
2026,6263,0.2419083855
2026,6264,0.7583806592
2026,6265,0.0539893225
2026,6266,-0.4663689277
2026,6267,0.6364018448
2026,6268,-0.3966148901
2026,6269,-0.3485255505
2026,6270,-0.2005592873
2026,6271,0.1729674539
2026,6272,-0.0811189554
2026,6273,0.0481364022
2026,6274,0.5139282459
2026,6275,0.3242481869
2026,6276,0.5080010058
2026,6277,0.3937779936
2026,6278,-0.8538266631
2026,6279,-0.2510757284
2026,6280,-0.4093005531
2026,6281,-0.3779763419
2026,6282,0.1646088050
2026,6283,0.0765175596
2026,6284,-0.2218055316
2026,6285,0.1118597157
2026,6286,-0.8776708541
2026,6287,-0.9362546022
2026,6288,0.5982673796
2026,6289,0.1588584049
2026,6290,1.2362317735
2026,6291,0.4142614655
2026,6292,0.8634181894
2026,6293,0.6581831435
2026,6294,-0.3294463038
2026,6295,-0.5043304722
2026,6296,0.1720852519
2026,6297,-0.0468244195
2026,6298,0.3999069708
2026,6299,0.7062919398
2026,6300,-1.2133405406
2026,6301,0.4458043381
2026,6302,-0.9855221429
2026,6303,-0.5128201035
2026,6304,-0.0712565931
2026,6305,0.3280364415
2026,6306,0.2623691401
2026,6307,-0.2092559581
2026,6308,0.0518584850
2026,6309,-0.0018510220
2026,6310,-0.5530998718
2026,6311,0.1298672776
2026,6312,0.4245409229
2026,6313,-1.0070720124
2026,6314,1.1358255614
2026,6315,0.1956237033
2026,6316,1.4385610278
2026,6317,-0.0508118275
2026,6318,0.5629775099
2026,6319,-0.1433849050
2026,6320,-0.4325447342
2026,6321,-0.6467730154
2026,6322,0.3655355514
2026,6323,-0.3499353589
2026,6324,-0.1597190756
2026,6325,0.3865930302
2026,6326,0.0751633294
2026,6327,-0.0097142811
2026,6328,-0.4178112383
2026,6329,0.3345336782
2026,6330,-0.1537383941
2026,6331,-0.3305823019
2026,6332,0.2123419701
2026,6333,0.8634751790
2026,6334,0.4260967733
2026,6335,0.0957782609
2026,6336,-0.4209099789
2026,6337,-0.3818898009
2026,6338,0.2061882007
2026,6339,0.2381421433
2026,6340,-0.6830138795
2026,6341,-0.6496955074
2026,6342,-0.4842581567
2026,6343,0.3554456756
2026,6344,-0.8114268791
2026,6345,-0.1654380569
2026,6346,-0.7576944250
2026,6347,-0.4059919207
2026,6348,-0.5371820376
2026,6349,0.4026892023
2026,6350,0.0506704942
2026,6351,0.7267859659
2026,6352,0.6258296280
2026,6353,-0.3513690862
2026,6354,-0.3676957664
2026,6355,0.0797270112
2026,6356,-0.4043986843
2026,6357,-0.0241074441
2026,6358,0.9121022331
2026,6359,-0.8651918608
2026,6360,1.1026418909
2026,6361,0.9184182673
2026,6362,-0.3056788141
2026,6363,0.0226759345
2026,6364,0.2883889019
2026,6365,1.0417621487
2026,6366,-0.5816626382
2026,6367,0.0812256222
2026,6368,0.1671772812
2026,6369,-0.4967557002
2026,6370,-1.0577721926
2026,6371,0.4741388943
2026,6372,-0.3129645872
2026,6373,-0.5674911884
2026,6374,-0.3106571681
2026,6375,-0.4433653091
2026,6376,0.2003270925
2026,6377,-0.2798230184
2026,6378,-0.5031023552
2026,6379,0.1568990813
2026,6380,-0.7593995685
2026,6381,-0.5475342488
2026,6382,-0.9475771126
2026,6383,0.1851009342
2026,6384,-0.8042334112
2026,6385,0.5668913488
2026,6386,0.3027671109
2026,6387,-1.2254666777
2026,6388,0.3082195902
2026,6389,-0.5182559407
2026,6390,0.6315219391
2026,6391,-0.0786502420
2026,6392,-0.1184987642
2026,6393,0.7096518562
2026,6394,-0.6122112685
2026,6395,-0.5351073798
2026,6396,-0.7274776055
2026,6397,0.2131101893
2026,6398,-0.0091373208
2026,6399,-0.1595464885
2026,6400,-0.3402585912
2026,6401,-0.4821393721
2026,6402,-0.6691551430
2026,6403,-0.6897099412
2026,6404,-0.7337095480
2026,6405,0.7786530062
2026,6406,-0.1109167603
2026,6407,0.1608533902
2026,6408,-0.5615308746
2026,6409,-0.6034311567
2026,6410,-0.2007344163
2026,6411,-0.2477321024
2026,6412,0.0623864203
2026,6413,-0.3872862755
2026,6414,-0.0066407776
2026,6415,0.6909752599
2026,6416,0.0966082597
2026,6417,0.5027251712
2026,6418,-0.2342471639
2026,6419,0.0933234838
2026,6420,-0.6823408242
2026,6421,0.5488993372
2026,6422,0.6364667215
2026,6423,-0.6031087487
2026,6424,-0.2252069097
2026,6425,0.3436090603
2026,6426,-0.0435498588
2026,6427,0.1043707335
2026,6428,0.4223031098
2026,6429,-0.6244547284
2026,6430,-0.3702169575
2026,6431,0.1589081177
2026,6432,0.0459840873
2026,6433,0.8044860626
2026,6434,-0.3958674134
2026,6435,-0.0778075905
2026,6436,-0.2607299032
2026,6437,0.1116739404
2026,6438,0.0601749645
2026,6439,0.4622373523
2026,6440,0.2615650845
2026,6441,0.4674161761
2026,6442,0.4881779471
2026,6443,0.1252024885
2026,6444,-0.1953605047
2026,6445,-0.1642758948
2026,6446,-0.5894922115
2026,6447,-0.3869521992
2026,6448,0.2838637457
2026,6449,-1.2124200378
2026,6450,-0.6428778866
2026,6451,0.4948308210
2026,6452,0.9260443609
2026,6453,0.2930637208
2026,6454,0.6434856377
2026,6455,0.3853990329
2026,6456,-0.1413792673
2026,6457,0.2239440657
2026,6458,0.2347813597
2026,6459,0.5877711269
2026,6460,-0.4853056719
2026,6461,0.6320492099
2026,6462,1.3599868999
2026,6463,0.2706266547
2026,6464,-1.2032329654
2026,6465,0.3285867958
2026,6466,0.0376609433
2026,6467,0.0861073829
2026,6468,0.3729917624
2026,6469,-0.2873369463
2026,6470,0.4228816338
2026,6471,-0.4756664545
2026,6472,-0.2891972675
2026,6473,0.0934321686
2026,6474,-0.9152447236
2026,6475,-0.6100423413
2026,6476,0.6392059486
2026,6477,0.4691843722
2026,6478,0.6299553036
2026,6479,-1.1600734676
2026,6480,0.9544615993
2026,6481,-0.8665703353
2026,6482,0.0800779604
2026,6483,0.6506795840
2026,6484,-0.2937658696
2026,6485,-0.0544799796
2026,6486,0.6649427060
2026,6487,0.3976470383
2026,6488,-0.5268250719
2026,6489,-0.9332579466
2026,6490,-0.4733769145
2026,6491,-0.2579589484
2026,6492,-0.5997151266
2026,6493,-0.0346390653
2026,6494,-0.1997290860
2026,6495,0.6906492451
2026,6496,-0.2039338417
2026,6497,-0.4936310615
2026,6498,-0.0018507207
2026,6499,0.2316109873
2026,6500,-0.4365945830
2026,6501,0.0702881054
2026,6502,0.5608843290
2026,6503,0.1677858886
2026,6504,-0.2968257838
2026,6505,-0.9352143314
2026,6506,-0.0276341928
2026,6507,-0.0841901884
2026,6508,0.3404416645
2026,6509,0.8677656607
2026,6510,-0.2303556103
2026,6511,-0.0662654334
2026,6512,0.3274764403
2026,6513,-0.0372279858
2026,6514,0.2869781962
2026,6515,0.9267763557
2026,6516,-0.6660058075
2026,6517,0.0597240010
2026,6518,-0.6383593419
2026,6519,-0.0941295364
2026,6520,-0.3124195839
2026,6521,-0.5404448381
2026,6522,-0.1396321024
2026,6523,-0.7403922810
2026,6524,-0.2015303288
2026,6525,0.6007354741
2026,6526,0.1141839463
2026,6527,-0.2327484322
2026,6528,-0.3671481286
2026,6529,0.0450335995
2026,6530,0.3304308993
2026,6531,-0.5544903271
2026,6532,0.6399460363
2026,6533,0.1643434665
2026,6534,-0.0037966427
2026,6535,0.4323997076
2026,6536,1.0841879262
2026,6537,0.3823272755
2026,6538,-0.0715129607
2026,6539,-0.3292906643
2026,6540,-0.7449233554
2026,6541,-0.1636153871
2026,6542,0.3662778202
2026,6543,-0.6823601367
2026,6544,0.8740997823
2026,6545,0.1515732033
2026,6546,0.5649186882
2026,6547,-0.4096182099
2026,6548,-0.1241962260
2026,6549,-0.3360563690
2026,6550,-0.5140336515
2026,6551,-0.4279521289
2026,6552,-0.5441923652
2026,6553,0.1310022945
2026,6554,-0.6645100129
2026,6555,0.4590551449
2026,6556,1.5888027754
2026,6557,0.6943029350
2026,6558,0.3175363248
2026,6559,-0.2636436911
2026,6560,-0.0200074042
2026,6561,0.4115993973
2026,6562,-0.6712527802
2026,6563,-0.1601384311
2026,6564,-0.2786325333
2026,6565,-0.2019109069
2026,6566,-0.2236709863
2026,6567,0.1446962852
2026,6568,-0.4601270394
2026,6569,0.2720078775
2026,6570,0.1020708994
2026,6571,-1.0864512601
2026,6572,-0.2192756650
2026,6573,0.9710209213
2026,6574,-0.4266439933
2026,6575,0.1224613696
2026,6576,-0.2793802099
2026,6577,0.4751345179
2026,6578,0.9153194262
2026,6579,-1.1632586003
2026,6580,-0.4831628588
2026,6581,-0.0542444499
2026,6582,-0.9568388026
2026,6583,-0.4942484996
2026,6584,0.4431220663
2026,6585,-0.1364877871
2026,6586,-0.0558778204
2026,6587,-1.4959022805
2026,6588,-0.5979767528
2026,6589,0.7826679854
2026,6590,-0.3804018681
2026,6591,0.3104522822
2026,6592,-0.1081861207
2026,6593,0.2972820003
2026,6594,0.2424552034
2026,6595,0.1411603932
2026,6596,0.2590428425
2026,6597,-0.5790785936
2026,6598,1.4500687800
2026,6599,0.5431849356
2026,6600,-0.9408058398
2026,6601,0.3735405340
2026,6602,0.7001669928
2026,6603,0.0482923554
2026,6604,0.7371160163
2026,6605,0.6180800729
2026,6606,-0.0938130910
2026,6607,0.9615939689
2026,6608,-0.9636325404
2026,6609,-0.7393155495
2026,6610,0.2720406727
2026,6611,-0.0139449211
2026,6612,-0.5541600290
2026,6613,-0.6576518210
2026,6614,-1.2118487628
2026,6615,-0.3809770220
2026,6616,-0.1056103964
2026,6617,-0.0937705899
2026,6618,0.4479390658
2026,6619,0.5288849958
2026,6620,-1.1365153699
2026,6621,-0.6771559990
2026,6622,-0.3809724757
2026,6623,1.3897687388
2026,6624,0.7964725815
2026,6625,0.6376338321
2026,6626,-0.3877199468
2026,6627,-0.1768611699
2026,6628,0.6431250704
2026,6629,-0.2378936845
2026,6630,-0.7988523109
2026,6631,0.1360077427
2026,6632,-0.1194147083
2026,6633,-0.2824160602
2026,6634,-0.6132261918
2026,6635,-0.6937493638
2026,6636,0.1736082772
2026,6637,0.5239330787
2026,6638,0.2751599839
2026,6639,-1.1159246558
2026,6640,0.2575602278
2026,6641,-0.7501624242
2026,6642,0.2923230011
2026,6643,-0.0701658702
2026,6644,-0.1042850366
2026,6645,0.6850545557
2026,6646,0.5097811766
2026,6647,-0.0827669926
2026,6648,0.2174193296
2026,6649,0.3079903440
2026,6650,0.1999263026
2026,6651,0.2044893836
2026,6652,0.8912054113
2026,6653,-0.4892043111
2026,6654,-0.6687556553
2026,6655,-0.5051171040
2026,6656,-0.2601024621
2026,6657,-0.7255087525
2026,6658,0.1754210310
2026,6659,-0.7563689230
2026,6660,-0.4146057368
2026,6661,0.2014997031
2026,6662,-0.9938712841
2026,6663,-0.5763967257
2026,6664,0.4466470735
2026,6665,0.4745606413
2026,6666,-0.1929732748
2026,6667,-1.1424290061
2026,6668,-0.0619832758
2026,6669,1.1280792455
2026,6670,-0.0365113152
2026,6671,1.2191315976
2026,6672,-0.5493535090
2026,6673,1.0939670087
2026,6674,0.2637682717
2026,6675,-0.2335097854
2026,6676,0.9867916013
2026,6677,-0.5718329383
2026,6678,-0.0586055146
2026,6679,0.0286899635
2026,6680,0.2611948093
2026,6681,0.3176147804
2026,6682,0.1282641402
2026,6683,-0.6724716407
2026,6684,-0.3732624307
2026,6685,0.0108265332
2026,6686,0.3017582017
2026,6687,0.4558609197
2026,6688,-0.4252547483
2026,6689,0.4136456975
2026,6690,-0.6366165180
2026,6691,0.4437303737
2026,6692,-0.3564336260
2026,6693,1.2040041237
2026,6694,-0.1537297809
2026,6695,0.1967790497
2026,6696,-0.5528944977
2026,6697,0.1498069658
2026,6698,-0.4846251118
2026,6699,0.5174362321
2026,6700,0.1091553646
2026,6701,0.2668077900
2026,6702,-0.5495253509
2026,6703,-1.0419300768
2026,6704,-0.2329952608
2026,6705,-0.2040547185
2026,6706,-0.4750197449
2026,6707,0.7000896689
2026,6708,1.2236470109
2026,6709,-1.0105870516
2026,6710,-0.7341026447
2026,6711,0.3118628064
2026,6712,0.2403584504
2026,6713,-0.4448851707
2026,6714,0.2691558643
2026,6715,-0.3636628774
2026,6716,-0.3762116872
2026,6717,0.5733207321
2026,6718,-0.4730283172
2026,6719,0.1812133964
2026,6720,-0.2440574957
2026,6721,0.1998273702
2026,6722,0.4580234389
2026,6723,-1.1477605890
2026,6724,-0.5592989203
2026,6725,0.0820418858
2026,6726,0.5368173289
2026,6727,-0.1640743936
2026,6728,-0.3104520403
2026,6729,0.1853674660
2026,6730,0.6515588569
2026,6731,-0.4038678937
2026,6732,0.0642681397
2026,6733,0.7764223140
2026,6734,-0.6110142570
2026,6735,0.1398165735
2026,6736,-0.4954622118
2026,6737,-0.1140266754
2026,6738,-0.0511370233
2026,6739,-0.9492968735
2026,6740,-0.2997546717
2026,6741,-1.1793656760
2026,6742,-0.0433902531
2026,6743,0.0623118126
2026,6744,0.2927117664
2026,6745,-0.5943253832
2026,6746,-0.7038978380
2026,6747,-0.2622363313
2026,6748,-0.3509972122
2026,6749,-0.3879442944
2026,6750,-0.0939605059
2026,6751,0.1402646171
2026,6752,0.3229156534
2026,6753,-0.0313969073
2026,6754,-0.0801372439
2026,6755,0.5385893503
2026,6756,-0.0083591254
2026,6757,0.1471432692
2026,6758,-0.1706945980
2026,6759,0.1824637185
2026,6760,-0.2400904460
2026,6761,-0.6704266694
2026,6762,0.0412286846
2026,6763,0.5608603485
2026,6764,-0.0669978196
2026,6765,-0.4028908968
2026,6766,0.5122787038
2026,6767,0.6557863676
2026,6768,-0.3289317183
2026,6769,-0.1999692823
2026,6770,0.2774000748
2026,6771,-0.9189198682
2026,6772,-0.6284386970
2026,6773,0.4019409313
2026,6774,-0.4490995663
2026,6775,-0.2429670516
2026,6776,-0.6501109457
2026,6777,0.4898742540
2026,6778,-0.1160527753
2026,6779,0.6224354995
2026,6780,-0.1948645712
2026,6781,0.2356160467
2026,6782,-0.0610912141
2026,6783,0.3522595752
2026,6784,-0.9100065796
2026,6785,-0.6188565525
2026,6786,-1.1510854198
2026,6787,-0.7651333589
2026,6788,-0.8467708825
2026,6789,-0.3254797060
2026,6790,-1.0936118164
2026,6791,-0.5759393760
2026,6792,0.6810726941
2026,6793,-0.0591203023
2026,6794,1.0604350418
2026,6795,0.3177070300
2026,6796,0.5163980478
2026,6797,0.6211017894
2026,6798,0.6524586083
2026,6799,-0.6592892427
2026,6800,0.7311057205
2026,6801,-0.3896536417
2026,6802,0.5806679975
2026,6803,-0.5852826375
2026,6804,-0.9265901619
2026,6805,0.5988479924
2026,6806,-0.3726524308
2026,6807,0.7154483098
2026,6808,-0.0394297230
2026,6809,0.2145526749
2026,6810,0.0024258045
2026,6811,-0.1230128780
2026,6812,0.3964649603
2026,6813,-0.1424006751
2026,6814,0.6699963489
2026,6815,-0.6909298010
2026,6816,0.6916414536
2026,6817,0.3932710978
2026,6818,-0.1091628378
2026,6819,0.4211555016
2026,6820,-0.2991184814
2026,6821,-0.7185357278
2026,6822,0.1882309067
2026,6823,0.5449527386
2026,6824,0.3099269046
2026,6825,-0.7710374961
2026,6826,1.1131826084
2026,6827,-0.9908382823
2026,6828,-0.0708080597
2026,6829,0.9125391363
2026,6830,-0.5877714245
2026,6831,-0.2620690920
2026,6832,0.4785823836
2026,6833,1.0629177798
2026,6834,0.0856034504
2026,6835,-0.5625929506
2026,6836,0.6699662634
2026,6837,-0.9311426795
2026,6838,-0.1522126737
2026,6839,0.4126033461
2026,6840,-0.4694546196
2026,6841,-0.0214588819
2026,6842,-0.4591638331
2026,6843,0.4682932147
2026,6844,-0.8047586680
2026,6845,0.0185329552
2026,6846,-0.6470065610
2026,6847,-0.3753268079
2026,6848,-0.2888664196
2026,6849,-0.0206140414
2026,6850,0.7735923230
2026,6851,-0.9876469046
2026,6852,-0.4734317678
2026,6853,0.1507855888
2026,6854,-0.2397735397
2026,6855,0.4421685229
2026,6856,-0.6545790953
2026,6857,-0.2659004266
2026,6858,0.3926027140
2026,6859,-0.2128471468
2026,6860,0.6647841920
2026,6861,-0.0545209456
2026,6862,0.1342190736
2026,6863,-0.3800209473
2026,6864,-0.0950206863
2026,6865,-0.5935407734
2026,6866,0.3967033448
2026,6867,0.3672338662
2026,6868,0.0544579903
2026,6869,-0.1430027551
2026,6870,0.6250331226
2026,6871,-0.0589588851
2026,6872,0.6053651895
2026,6873,0.2625140041
2026,6874,-0.0640909422
2026,6875,0.0737472868
2026,6876,0.3553446342
2026,6877,0.6346907284
2026,6878,-0.3374482689
2026,6879,-0.5487731730
2026,6880,0.5501244601
2026,6881,-0.6731586873
2026,6882,-0.6790319824
2026,6883,-0.0018394044
2026,6884,0.1533060698
2026,6885,0.4269819984
2026,6886,1.2921502350
2026,6887,0.3158298680
2026,6888,-0.2067751982
2026,6889,0.1504040976
2026,6890,0.0476932246
2026,6891,-0.6283004757
2026,6892,-0.9375995654
2026,6893,-0.7053196876
2026,6894,0.1858199698
2026,6895,-0.2952160886
2026,6896,0.2128865593
2026,6897,1.1365216009
2026,6898,0.2565776021
2026,6899,0.0815155303
2026,6900,-0.1137156698
2026,6901,0.3527041476
2026,6902,-0.0557005821
2026,6903,-0.0640698704
2026,6904,0.8510655516
2026,6905,0.2267592621
2026,6906,-0.5458776092
2026,6907,0.4265080507
2026,6908,-0.0970970143
2026,6909,-0.1359723684
2026,6910,-1.0529319375
2026,6911,0.2544031882
2026,6912,-0.5803283238
2026,6913,0.1576615568
2026,6914,-0.0761126862
2026,6915,0.4754058057
2026,6916,-0.1480739976
2026,6917,0.2694620336
2026,6918,0.0566566115
2026,6919,0.1090785693
2026,6920,1.0099059242
2026,6921,0.0254021188
2026,6922,-0.0572279000
2026,6923,0.3922552694
2026,6924,-0.3844173160
2026,6925,-0.1873510316
2026,6926,0.1200256169
2026,6927,-0.9860027670
2026,6928,0.3119105422
2026,6929,0.1715406692
2026,6930,-0.8930941035
2026,6931,-1.1150458993
2026,6932,-0.7243105545
2026,6933,-0.0857319935
2026,6934,0.6414573813
2026,6935,-0.6511977489
2026,6936,-0.3569347872
2026,6937,-0.1435482024
2026,6938,0.2364150229
2026,6939,0.8444166770
2026,6940,0.0511582514
2026,6941,0.5580040870
2026,6942,0.3833724601
2026,6943,0.1004893151
2026,6944,0.0687897254
2026,6945,-0.7385646890
2026,6946,0.2540858748
2026,6947,-0.8287777962
2026,6948,0.4585512174
2026,6949,-0.6010257726
2026,6950,-0.1876403689
2026,6951,0.9537525472
2026,6952,0.6195312436
2026,6953,-0.6834263442
2026,6954,1.0575955311
2026,6955,-0.4830658498
2026,6956,1.0929225998
2026,6957,0.0412448294
2026,6958,-0.7278356405
2026,6959,-0.3798751388
2026,6960,0.6589659554
2026,6961,0.7341549337
2026,6962,0.6369900125
2026,6963,-0.8928580698
2026,6964,-0.5885414874
2026,6965,-0.6480619072
2026,6966,-0.5234896475
2026,6967,0.2551327704
2026,6968,0.5997477679
2026,6969,1.0684230485
2026,6970,-0.2144788739
2026,6971,-0.0194837018
2026,6972,-0.1415702329
2026,6973,-0.7341757311
2026,6974,-0.3876070931
2026,6975,0.1154983512
2026,6976,-0.1100288717
2026,6977,-0.2389994983
2026,6978,0.1340836913
2026,6979,-0.7331985731
2026,6980,-0.5562179214
2026,6981,0.9901387999
2026,6982,0.4507986198
2026,6983,0.7260782452
2026,6984,0.6157873513
2026,6985,0.6385819664
2026,6986,-0.2495028069
2026,6987,0.6881513008
2026,6988,0.2806787344
2026,6989,-0.7211067949
2026,6990,1.2020009730
2026,6991,0.1494438741
2026,6992,0.7970177478
2026,6993,0.0519108825
2026,6994,-0.6664786913
2026,6995,0.2826121087
2026,6996,-0.3581329641
2026,6997,-0.4094599057
2026,6998,0.4424928175
2026,6999,0.3187936211
2026,7000,0.6124031803
2026,7001,0.0069255499
2026,7002,0.3934674217
2026,7003,-0.1583256705
2026,7004,-0.5726099628
2026,7005,0.1764982253
2026,7006,0.5407996485
2026,7007,-0.6215917154
2026,7008,-0.2958500492
2026,7009,-0.6700856807
2026,7010,-0.0575206662
2026,7011,-0.1749920153
2026,7012,-0.1848295243
2026,7013,-0.2878399666
2026,7014,-0.7649298111
2026,7015,-0.2683966395
2026,7016,-0.0454125356
2026,7017,-0.2618100185
2026,7018,0.3085909369
2026,7019,-0.7254208697
2026,7020,-0.4309970929
2026,7021,0.6064081958
2026,7022,0.9535023015
2026,7023,-0.0545731794
2026,7024,0.2627863446
2026,7025,-0.1914975181
2026,7026,0.7240011534
2026,7027,-0.2719728725
2026,7028,0.3338541290
2026,7029,-0.2891760126
2026,7030,-0.2096030797
2026,7031,-0.6389764015
2026,7032,0.2564791358
2026,7033,-0.2639271305
2026,7034,0.3894704931
2026,7035,0.7540069228
2026,7036,0.2727937605
2026,7037,0.1525853114
2026,7038,0.7350066383
2026,7039,0.2870653633
2026,7040,-0.3474631427
2026,7041,0.0253734048
2026,7042,-0.5675596661
2026,7043,-0.6121400800
2026,7044,-0.4172224057
2026,7045,-0.0672588098
2026,7046,-0.6237686853
2026,7047,0.9989525418
2026,7048,1.0563710658
2026,7049,0.3239014816
2026,7050,0.2641266059
2026,7051,0.1640979592
2026,7052,-0.5678259344
2026,7053,-0.1676102932
2026,7054,-0.8952816333
2026,7055,-1.0177605443
2026,7056,0.1927399442
2026,7057,0.3039571674
2026,7058,0.4899313513
2026,7059,-0.3986102879
2026,7060,-0.6520607475
2026,7061,-0.0377247133
2026,7062,-0.0210949042
2026,7063,-1.0187782933
2026,7064,0.7526165732
2026,7065,-1.0451044465
2026,7066,-0.7365527389
2026,7067,-0.0532780781
2026,7068,0.3858620916
2026,7069,-0.7961841654
2026,7070,0.2843893890
2026,7071,0.9966919558
2026,7072,-0.7003627797
2026,7073,-0.1824351104
2026,7074,-0.6049382735
2026,7075,-0.3321971013
2026,7076,-0.4666640928
2026,7077,-0.8886299259
2026,7078,0.1222274699
2026,7079,0.4200520090
2026,7080,-0.8474305804
2026,7081,-0.2819364065
2026,7082,-0.9116469969
2026,7083,-0.1827178321
2026,7084,0.2907085035
2026,7085,0.1864974117
2026,7086,-0.0717042585
2026,7087,0.1566024667
2026,7088,-0.2521829281
2026,7089,0.1729943500
2026,7090,-0.4745242336
2026,7091,0.2077110657
2026,7092,0.5886157588
2026,7093,-0.1219684387
2026,7094,0.1961094640
2026,7095,0.2555882814
2026,7096,-0.1823513340
2026,7097,0.0125319715
2026,7098,1.1720605486
2026,7099,-0.1426494882
2026,7100,-0.2756871096
2026,7101,-0.4776433482
2026,7102,-0.2709966433
2026,7103,-0.7511472258
2026,7104,-0.0406996550
2026,7105,0.1813211938
2026,7106,-0.5030644893
2026,7107,0.2652871186
2026,7108,1.0932549017
2026,7109,-0.5488501935
2026,7110,0.2752373508
2026,7111,-0.4831541351
2026,7112,-0.2246579129
2026,7113,0.3131266271
2026,7114,0.0715998635
2026,7115,-0.4709722242
2026,7116,-0.9974194840
2026,7117,-0.9633208800
2026,7118,0.0836813752
2026,7119,0.7505860908
2026,7120,-0.2135168171
2026,7121,-0.2684810549
2026,7122,0.2290756849
2026,7123,-0.6438074177
2026,7124,0.3771449472
2026,7125,-0.5612435116
2026,7126,0.4236257334
2026,7127,-0.9515450199
2026,7128,0.9966368543
2026,7129,0.2055528684
2026,7130,0.3201897110
2026,7131,-0.9126930807
2026,7132,-0.4173554963
2026,7133,-0.2755110748
2026,7134,-0.1716824834
2026,7135,0.8174000525
2026,7136,0.7481149605
2026,7137,-0.4352229144
2026,7138,-0.2991582607
2026,7139,0.0554454634
2026,7140,0.0915463079
2026,7141,-0.5964256545
2026,7142,-0.2943270721
2026,7143,0.2170200771
2026,7144,-0.0379362510
2026,7145,-0.9594240334
2026,7146,-1.0893638111
2026,7147,-0.8315694259
2026,7148,-0.2521954883
2026,7149,0.0053913097
2026,7150,0.5115290711
2026,7151,0.4248208588
2026,7152,-0.1820181554
2026,7153,0.7371331449
2026,7154,-0.3055503017
2026,7155,-0.5583795261
2026,7156,0.3982762696
2026,7157,0.2300528005
2026,7158,0.2640988124
2026,7159,-0.3987288519
2026,7160,0.4053606144
2026,7161,-0.1490132671
2026,7162,-0.9968536245
2026,7163,-0.3628499032
2026,7164,-0.1478203765
2026,7165,0.2541162186
2026,7166,-0.0160377396
2026,7167,-0.1447112035
2026,7168,-0.6241914122
2026,7169,0.9555365415
2026,7170,0.0307100329
2026,7171,0.7195346807
2026,7172,0.3523414899
2026,7173,0.1563084933
2026,7174,0.2086398855
2026,7175,-0.4038751124
2026,7176,-0.9701193725
2026,7177,-0.6858158312
2026,7178,-0.7555219600
2026,7179,-0.6593270694
2026,7180,-0.1244292775
2026,7181,0.1674312488
2026,7182,-0.2772914764
2026,7183,0.0213180992
2026,7184,-0.0457721747
2026,7185,0.7701067102
2026,7186,-0.1638286381
2026,7187,0.1146474377
2026,7188,-0.8718212298
2026,7189,-0.2126883080
2026,7190,0.2157100443
2026,7191,0.3336529350
2026,7192,0.1373355756
2026,7193,-0.8053184618
2026,7194,-0.8953817507
2026,7195,0.6440890493
2026,7196,0.4094405039
2026,7197,-0.6454446685
2026,7198,0.0034249526
2026,7199,0.0299448177
2026,7200,-0.2589446109
2026,7201,-0.6157617066
2026,7202,0.6728383055
2026,7203,0.5352820873
2026,7204,-0.4134016131
2026,7205,0.1863291911
2026,7206,0.8538753954
2026,7207,-0.5800472157
2026,7208,-0.6430213397
2026,7209,-0.5804339856
2026,7210,-0.2306960943
2026,7211,-0.1452556097
2026,7212,0.4552329890
2026,7213,-0.4042053909
2026,7214,1.5266325030
2026,7215,0.4709172308
2026,7216,-0.5603530366
2026,7217,-0.4037561032
2026,7218,-0.4404016542
2026,7219,0.7617057177
2026,7220,0.2792911861
2026,7221,-0.6270099774
2026,7222,0.6424584115
2026,7223,0.1196755872
2026,7224,0.0461953239
2026,7225,-0.9071326511
2026,7226,0.5889761041
2026,7227,0.2601777694
2026,7228,0.2444060079
2026,7229,0.6912399319
2026,7230,-0.9660087531
2026,7231,-0.4134671028
2026,7232,0.4114543430
2026,7233,0.8297901171
2026,7234,0.1427005954
2026,7235,-0.3948049725
2026,7236,0.4792576426
2026,7237,0.5342677394
2026,7238,0.3681396099
2026,7239,-0.3957847988
2026,7240,0.2002108455
2026,7241,0.4835184715
2026,7242,0.2335168937
2026,7243,0.2064769856
2026,7244,1.2982395335
2026,7245,0.5674854433
2026,7246,-0.2183693401
2026,7247,-0.5679682942
2026,7248,0.9546260742
2026,7249,-0.3557470414
2026,7250,-1.1089720074
2026,7251,0.3249533042
2026,7252,0.1400654538
2026,7253,0.4739398607
2026,7254,-0.2513451005
2026,7255,-0.4486189024
2026,7256,-0.5869470959
2026,7257,-0.0666604687
2026,7258,-1.0934067240
2026,7259,-1.3280454075
2026,7260,-0.5781727624
2026,7261,0.0510302046
2026,7262,0.7388084198
2026,7263,-0.1053110045
2026,7264,-0.0647960427
2026,7265,-0.7507370238
2026,7266,0.5275782291
2026,7267,0.6243661055
2026,7268,-0.4489785077
2026,7269,-0.8160238753
2026,7270,0.2741679015
2026,7271,-0.3594776974
2026,7272,0.8857830531
2026,7273,0.2066791024
2026,7274,-0.4674020963
2026,7275,-0.7367693864
2026,7276,0.0912577567
2026,7277,-0.5374281388
2026,7278,-0.0710932809
2026,7279,0.3708021819
2026,7280,-0.4955140217
2026,7281,0.1831087403
2026,7282,0.5813096608
2026,7283,0.2159950471
2026,7284,0.0269130670
2026,7285,-0.6604224198
2026,7286,0.1410556709
2026,7287,-0.2161654779
2026,7288,0.6798934757
2026,7289,0.2723569374
2026,7290,-0.2249431240
2026,7291,0.2077937366
2026,7292,-0.2013031509
2026,7293,0.2665460129
2026,7294,-0.8337443252
2026,7295,0.6390889143
2026,7296,0.0960960018
2026,7297,0.1466154233
2026,7298,-0.0706002301
2026,7299,0.0386811634
2026,7300,0.0698367663
2026,7301,0.0244978547
2026,7302,0.4334098961
2026,7303,-0.3309329516
2026,7304,0.1555754580
2026,7305,-0.3204232418
2026,7306,-0.3501601856
2026,7307,-0.6209270972
2026,7308,-0.1960598452
2026,7309,-0.2327274383
2026,7310,0.2293189528
2026,7311,-0.5860084160
2026,7312,-0.5258517206
2026,7313,0.2880469748
2026,7314,0.4871804549
2026,7315,-0.2319974309
2026,7316,0.9496515170
2026,7317,0.0677801108
2026,7318,0.1238407320
2026,7319,0.5561841218
2026,7320,0.8338904102
2026,7321,1.0083936950
2026,7322,0.5378000967
2026,7323,0.4294835986
2026,7324,0.7492900866
2026,7325,-0.6398928326
2026,7326,0.7316898181
2026,7327,0.6393247964
2026,7328,0.2482835381
2026,7329,-0.5963149082
2026,7330,-0.5986307522
2026,7331,-0.1784036001
2026,7332,-0.0771446405
2026,7333,0.6723733140
2026,7334,-0.6073997659
2026,7335,-0.4800258521
2026,7336,-0.9506537307
2026,7337,0.4022251078
2026,7338,0.0733663879
2026,7339,-1.2356302307
2026,7340,-0.3310521306
2026,7341,-0.7466426494
2026,7342,0.3227566883
2026,7343,0.0946428574
2026,7344,0.4662224223
2026,7345,-0.3943974757
2026,7346,-0.2679295535
2026,7347,-0.1211140351
2026,7348,-0.8182060905
2026,7349,-0.0457433651
2026,7350,0.3659867523
2026,7351,0.4634991133
2026,7352,-0.0981095911
2026,7353,0.2564674156
2026,7354,0.3612661957
2026,7355,1.1147657170
2026,7356,0.1792661436
2026,7357,-0.1366557435
2026,7358,-0.7014135718
2026,7359,-0.4187350599
2026,7360,0.2887726683
2026,7361,-0.1623219605
2026,7362,0.3889528137
2026,7363,-0.4934858343
2026,7364,-0.0495992903
2026,7365,0.1271840488
2026,7366,-0.7842392415
2026,7367,-0.2536636318
2026,7368,0.3024573565
2026,7369,0.0331042641
2026,7370,1.0987230752
2026,7371,0.3694231200
2026,7372,-0.2030933508
2026,7373,0.1363617233
2026,7374,-0.7136246343
2026,7375,-0.7521118495
2026,7376,0.0140236342
2026,7377,-0.5555186884
2026,7378,0.5085834767
2026,7379,-0.7673204623
2026,7380,-0.3026465399
2026,7381,-0.5822817886
2026,7382,-0.6631054731
2026,7383,-0.4213332435
2026,7384,-0.3649575389
2026,7385,-0.2803357434
2026,7386,-0.0214048626
2026,7387,-0.3048969076
2026,7388,-0.1180887959
2026,7389,-0.2048743356
2026,7390,0.2477282125
2026,7391,0.2086832579
2026,7392,-0.0076176458
2026,7393,-0.7803987856
2026,7394,-0.2359806509
2026,7395,-0.7273508578
2026,7396,-0.7693735847
2026,7397,-0.6479514557
2026,7398,-0.1123036951
2026,7399,0.3011319985
2026,7400,-0.4338553182
2026,7401,-0.1191812697
2026,7402,-0.5156030379
2026,7403,-0.3290149575
2026,7404,0.3421586190
2026,7405,-0.4913048002
2026,7406,0.2154221407
2026,7407,1.1853011997
2026,7408,0.4637181455
2026,7409,-0.0082824843
2026,7410,-0.3552974822
2026,7411,-0.4057353656
2026,7412,0.6483783894
2026,7413,-0.2357426246
2026,7414,1.0345173193
2026,7415,0.0489872122
2026,7416,-0.0529420967
2026,7417,0.3194956633
2026,7418,-0.2518686610
2026,7419,1.1552694865
2026,7420,0.1314679174
2026,7421,-0.8712991921
2026,7422,-0.0424985267
2026,7423,-0.0433437894
2026,7424,0.5342007219
2026,7425,0.4714268678
2026,7426,0.1638640778
2026,7427,-0.8102443293
2026,7428,0.9054876893
2026,7429,-0.3691374853
2026,7430,1.1448300339
2026,7431,-0.7101395298
2026,7432,0.5062799363
2026,7433,-0.8626320208
2026,7434,-0.0732320695
2026,7435,0.1043056940
2026,7436,0.1855141268
2026,7437,-0.3181902842
2026,7438,-0.0419346573
2026,7439,-0.2930928261
2026,7440,-1.3647784502
2026,7441,-0.3986993738
2026,7442,-0.1399335241
2026,7443,-1.2452615026
2026,7444,-0.3860926487
2026,7445,0.3973586990
2026,7446,-0.4315675667
2026,7447,-0.0963494669
2026,7448,0.0975840323
2026,7449,0.5815196543
2026,7450,0.5169902906
2026,7451,0.3164967671
2026,7452,0.3286100210
2026,7453,-0.7645217888
2026,7454,-0.2473469808
2026,7455,0.0582296244
2026,7456,0.5707703726
2026,7457,0.8830014160
2026,7458,0.2250997450
2026,7459,0.2673579926
2026,7460,0.6303636791
2026,7461,-0.0655605552
2026,7462,-0.0054907620
2026,7463,-0.0169446782
2026,7464,-0.1257441503
2026,7465,-0.6296672923
2026,7466,0.4285803687
2026,7467,-0.3039629216
2026,7468,-0.0065212157
2026,7469,-0.6226849514
2026,7470,0.8382761172
2026,7471,0.5027980094
2026,7472,0.5312023138
2026,7473,0.0873481985
2026,7474,0.4704074806
2026,7475,-0.1960508191
2026,7476,0.5279045080
2026,7477,0.4939455003
2026,7478,-0.5504303750
2026,7479,-0.4480063637
2026,7480,-0.3488992297
2026,7481,0.2695096863
2026,7482,1.1931250069
2026,7483,-0.0448389582
2026,7484,-0.5328384591
2026,7485,-0.3380681415
2026,7486,-0.2263035283
2026,7487,1.1389362554
2026,7488,-0.7907545803
2026,7489,0.1182548643
2026,7490,-0.0507233966
2026,7491,0.6582081846
2026,7492,0.1412014628
2026,7493,-0.0191331500
2026,7494,-0.1269511366
2026,7495,0.7367192076
2026,7496,-0.6364503461
2026,7497,1.2254726615
2026,7498,0.1936432394
2026,7499,-0.2467064925
2026,7500,-0.5176002666
2026,7501,-0.8056789838
2026,7502,-0.5175302374
2026,7503,0.3210544223
2026,7504,-0.0182748694
2026,7505,0.3449428030
2026,7506,0.4319895185
2026,7507,-0.4932079678
2026,7508,-0.8771669044
2026,7509,0.8871869834
2026,7510,-0.9176096106
2026,7511,0.8104116478
2026,7512,-0.0810680431
2026,7513,-0.0120560849
2026,7514,0.4938407559
2026,7515,0.4525305253
2026,7516,0.2423793343
2026,7517,-0.3256902491
2026,7518,-0.8710556684
2026,7519,-0.2885164753
2026,7520,0.5736942336
2026,7521,-0.2643420710
2026,7522,0.4120236854
2026,7523,0.5982824939
2026,7524,-0.0587553767
2026,7525,-0.2421270767
2026,7526,-0.3174997802
2026,7527,-0.3807886649
2026,7528,0.5054607004
2026,7529,0.1431175044
2026,7530,0.2873792821
2026,7531,0.2010794416
2026,7532,-0.5509255712
2026,7533,-0.4499464387
2026,7534,0.8157983566
2026,7535,-0.3841584557
2026,7536,-0.0669156733
2026,7537,-0.3295120606
2026,7538,-0.9668827713
2026,7539,-0.4226343420
2026,7540,-0.8937559001
2026,7541,-0.4008894527
2026,7542,-0.1334132028
2026,7543,0.5319415952
2026,7544,0.8960692199
2026,7545,-0.5131782223
2026,7546,-0.4178388869
2026,7547,0.4107413879
2026,7548,0.6158297296
2026,7549,-0.1522927619
2026,7550,0.8284303734
2026,7551,0.0675190387
2026,7552,0.1663285241
2026,7553,-0.5683406401
2026,7554,-0.1372954122
2026,7555,0.3508748494
2026,7556,-0.8020175866
2026,7557,-1.1494665494
2026,7558,0.5020844296
2026,7559,0.6579169249
2026,7560,0.1555780065
2026,7561,0.5133944835
2026,7562,1.1269739157
2026,7563,-0.8894327759
2026,7564,-0.1245749260
2026,7565,0.1738370148
2026,7566,0.3505816482
2026,7567,0.8385949132
2026,7568,-0.2607901768
2026,7569,0.3781310687
2026,7570,-0.5521785546
2026,7571,-0.5798092247
2026,7572,-0.0009968710
2026,7573,0.5258103950
2026,7574,0.4162900254
2026,7575,-1.5591025615
2026,7576,0.1875639072
2026,7577,0.2577812045
2026,7578,-0.1697241368
2026,7579,-0.4244789589
2026,7580,0.4150375957
2026,7581,-0.0455599330
2026,7582,-0.0005848337
2026,7583,-0.2486526316
2026,7584,0.6316643237
2026,7585,-0.7108811284
2026,7586,0.3414495226
2026,7587,0.7896707479
2026,7588,-0.1708984686
2026,7589,-0.3248859885
2026,7590,-1.0276533847
2026,7591,-0.0062592470
2026,7592,0.1020534102
2026,7593,0.2351511329
2026,7594,-0.5306496765
2026,7595,0.5384221729
2026,7596,-0.4676435700
2026,7597,-0.7078891740
2026,7598,-0.3079794598
2026,7599,-0.2068586698
2026,7600,0.1692406076
2026,7601,-0.5856700341
2026,7602,-0.9927366304
2026,7603,1.0105126770
2026,7604,-0.0528185687
2026,7605,0.0228090966
2026,7606,-0.4508415329
2026,7607,-1.0748851784
2026,7608,-0.3526301952
2026,7609,-0.1643704297
2026,7610,0.1050530333
2026,7611,0.4431550803
2026,7612,0.1658516535
2026,7613,0.4601769800
2026,7614,-1.1010064767
2026,7615,0.4043619650
2026,7616,0.2891511530
2026,7617,-0.0326517419
2026,7618,-0.2459524575
2026,7619,-0.4311744673
2026,7620,-0.1027019316
2026,7621,-0.2888713390
2026,7622,-0.4455201921
2026,7623,-0.0206104538
2026,7624,-0.3641405657
2026,7625,-0.6237486300
2026,7626,-0.4859529906
2026,7627,-0.1812150557
2026,7628,0.2616950077
2026,7629,0.9925454870
2026,7630,-0.2775570938
2026,7631,-0.2491201107
2026,7632,-0.1817808774
2026,7633,-0.3502095679
2026,7634,0.6671256962
2026,7635,-0.7699679196
2026,7636,0.3018339480
2026,7637,0.8931908420
2026,7638,0.3537229297
2026,7639,0.4379876972
2026,7640,0.5527167678
2026,7641,0.0017464372
2026,7642,0.1624958180
2026,7643,-0.2929130951
2026,7644,0.4738910482
2026,7645,1.3637418022
2026,7646,0.0995357615
2026,7647,0.2961540556
2026,7648,-0.1564497884
2026,7649,-0.2619071043
2026,7650,-0.6380226922
2026,7651,-0.4063239370
2026,7652,-0.1782946742
2026,7653,0.4800783359
2026,7654,1.2151953319
2026,7655,0.6560130086
2026,7656,0.3930063797
2026,7657,0.5780670737
2026,7658,-0.1066934174
2026,7659,0.5370455343
2026,7660,0.0431253795
2026,7661,-0.6240911316
2026,7662,-0.1234190022
2026,7663,-0.5531166594
2026,7664,0.5588194384
2026,7665,-1.5322531821
2026,7666,1.3324304427
2026,7667,0.1894841745
2026,7668,0.9096340047
2026,7669,0.4417264350
2026,7670,0.1783692462
2026,7671,-0.5401643569
2026,7672,-0.0651104593
2026,7673,-1.7651457245
2026,7674,-0.3467516372
2026,7675,0.1064359597
2026,7676,-0.1465955789
2026,7677,1.0246350902
2026,7678,0.0125406892
2026,7679,0.1251615449
2026,7680,0.1456893272
2026,7681,-0.4141276154
2026,7682,-0.2670716403
2026,7683,0.3089510940
2026,7684,0.2272897166
2026,7685,0.2767086555
2026,7686,0.1871144769
2026,7687,-0.8161919147
2026,7688,-0.3648147984
2026,7689,-0.4274935815
2026,7690,0.3145990659
2026,7691,0.0398522440
2026,7692,-0.4514258825
2026,7693,-0.5026895578
2026,7694,-0.4026774651
2026,7695,0.8631984478
2026,7696,-0.2314079102
2026,7697,0.2358013181
2026,7698,-0.1368525014
2026,7699,0.0622905524
2026,7700,-0.4118311137
2026,7701,0.1659708284
2026,7702,0.9183801861
2026,7703,1.0493714000
2026,7704,0.3246744264
2026,7705,0.3637163027
2026,7706,0.6484672537
2026,7707,0.6009858767
2026,7708,1.0992032655
2026,7709,0.1837616803
2026,7710,0.3410505918
2026,7711,-0.0275244528
2026,7712,0.2997487254
2026,7713,0.3322069493
2026,7714,0.2541981601
2026,7715,-0.4878668843
2026,7716,-0.7111480820
2026,7717,-0.4400124625
2026,7718,0.2222836759
2026,7719,0.1435712161
2026,7720,0.8145100918
2026,7721,0.4112430348
2026,7722,0.5632726811
2026,7723,0.0551017166
2026,7724,-0.8300794823
2026,7725,0.2839232937
2026,7726,0.4933650004
2026,7727,0.8301758116
2026,7728,0.0657712417
2026,7729,1.1508668915
2026,7730,-0.1179731682
2026,7731,0.3980690221
2026,7732,0.3707116633
2026,7733,-0.2690166235
2026,7734,-0.0628332200
2026,7735,-0.8509632740
2026,7736,-0.4144759474
2026,7737,-0.4869591472
2026,7738,-0.5925446043
2026,7739,0.2815527440
2026,7740,0.2077785297
2026,7741,-0.5042932107
2026,7742,-0.3185846690
2026,7743,1.2064835833
2026,7744,-0.8207274257
2026,7745,-0.4884256253
2026,7746,0.2034200859
2026,7747,0.3926046255
2026,7748,0.2173933046
2026,7749,0.4290175521
2026,7750,-0.5774788244
2026,7751,-0.5733255736
2026,7752,-0.4945694782
2026,7753,0.1862781924
2026,7754,0.5966660186
2026,7755,0.6533353172
2026,7756,-0.3627590119
2026,7757,0.4501446138
2026,7758,0.0560280242
2026,7759,-0.0851112311
2026,7760,-0.2075785255
2026,7761,0.5951509149
2026,7762,-0.3234884434
2026,7763,-0.3379726270
2026,7764,-0.1714262262
2026,7765,0.9404240257
2026,7766,0.8546045689
2026,7767,-0.3346705849
2026,7768,0.1280080690
2026,7769,-0.2676336569
2026,7770,0.6692125884
2026,7771,0.8158425473
2026,7772,0.0442489965
2026,7773,0.3900446494
2026,7774,-0.5638241633
2026,7775,0.3862993752
2026,7776,0.3323814331
2026,7777,0.4755527670
2026,7778,-0.9515970536
2026,7779,-0.7300368939
2026,7780,0.6396878169
2026,7781,0.4553027902
2026,7782,0.0630479231
2026,7783,0.1352998058
2026,7784,-0.9090796110
2026,7785,0.0935246815
2026,7786,-0.0469181495
2026,7787,-0.2398188702
2026,7788,0.4327320166
2026,7789,0.5676979871
2026,7790,0.4775591702
2026,7791,-1.0863352090
2026,7792,-0.0283507283
2026,7793,-0.3956275021
2026,7794,-0.2464836077
2026,7795,0.8334471947
2026,7796,-0.3547053147
2026,7797,0.5349879793
2026,7798,-0.1088716444
2026,7799,0.7402651058
2026,7800,0.6114610075
2026,7801,-0.5549039360
2026,7802,0.1584283734
2026,7803,0.7609592067
2026,7804,0.4894428155
2026,7805,-0.3906379103
2026,7806,0.1092202209
2026,7807,-0.5686043984
2026,7808,0.3222678412
2026,7809,0.3441191628
2026,7810,-0.3920119943
2026,7811,-0.3458050032
2026,7812,-0.6313142495
2026,7813,1.3181896909
2026,7814,-0.3198410649
2026,7815,0.4926607835
2026,7816,-0.6321585865
2026,7817,-0.1351907353
2026,7818,0.1635360269
2026,7819,-0.0233923280
2026,7820,-1.2724252294
2026,7821,-1.1823862319
2026,7822,-0.0669869743
2026,7823,0.2307141866
2026,7824,-0.7127193952
2026,7825,-1.0449334020
2026,7826,-0.4019286471
2026,7827,-0.3905359821
2026,7828,-0.1654881202
2026,7829,-0.6887376514
2026,7830,-0.4989069323
2026,7831,0.1748813217
2026,7832,-0.4156071158
2026,7833,-0.0899465096
2026,7834,-0.1141403151
2026,7835,0.0946497153
2026,7836,0.2988763711
2026,7837,0.5455939524
2026,7838,-0.3082095618
2026,7839,0.2619385778
2026,7840,-0.9985246556
2026,7841,-0.1517206354
2026,7842,0.2688097415
2026,7843,0.1446798559
2026,7844,0.5319148427
2026,7845,0.6483480288
2026,7846,-0.9640963883
2026,7847,-0.1008938978
2026,7848,-0.3271647876
2026,7849,-1.1526122540
2026,7850,-0.0181525181
2026,7851,0.0020122673
2026,7852,0.4717104527
2026,7853,-0.0381703647
2026,7854,0.1737677194
2026,7855,0.6814809193
2026,7856,-0.3339834430
2026,7857,-0.5051094111
2026,7858,0.3079972644
2026,7859,-0.6281305385
2026,7860,-1.0707425463
2026,7861,0.5577052149
2026,7862,0.6418318286
2026,7863,0.1614746400
2026,7864,-0.1412265053
2026,7865,0.7515975398
2026,7866,0.2515355241
2026,7867,-0.0336103780
2026,7868,0.2084467977
2026,7869,-0.6402942707
2026,7870,0.9858772211
2026,7871,0.3601837687
2026,7872,1.1948232656
2026,7873,0.0613190965
2026,7874,0.1099312904
2026,7875,-0.0499875523
2026,7876,-1.0249469833
2026,7877,1.3595880582
2026,7878,-0.2380199252
2026,7879,0.4142143776
2026,7880,0.9811738796
2026,7881,-0.0439361404
2026,7882,0.1568439814
2026,7883,-0.1971270791
2026,7884,0.4471021114
2026,7885,0.0277181007
2026,7886,-0.2917666140
2026,7887,-0.3991492239
2026,7888,-0.7531732302
2026,7889,0.7796790444
2026,7890,0.4910992521
2026,7891,0.1086594247
2026,7892,0.1776072815
2026,7893,-0.1886695391
2026,7894,-0.0295645061
2026,7895,0.9310934010
2026,7896,-0.1551335119
2026,7897,0.6346417980
2026,7898,-0.2658309010
2026,7899,0.2219774069
2026,7900,0.6470381384
2026,7901,-0.0830394611
2026,7902,0.8160726087
2026,7903,-0.3368325686
2026,7904,-0.3042719973
2026,7905,-0.0317751448
2026,7906,-0.2333205792
2026,7907,-0.5681620065
2026,7908,0.1461488902
2026,7909,0.5798885630
2026,7910,0.7261447569
2026,7911,0.5657268053
2026,7912,-0.4988753789
2026,7913,1.7790280267
2026,7914,0.4852185636
2026,7915,-0.8689268044
2026,7916,-0.7759595304
2026,7917,0.6898269834
2026,7918,-1.0219621063
2026,7919,-0.3830415626
2026,7920,0.2997680541
2026,7921,-0.4344431777
2026,7922,0.4104265045
2026,7923,-0.5643453932
2026,7924,-0.1190050972
2026,7925,0.5138986639
2026,7926,-0.0296770052
2026,7927,-0.1036732631
2026,7928,-0.2802059446
2026,7929,0.1657364937
2026,7930,0.6079609111
2026,7931,0.2310314274
2026,7932,0.4035706629
2026,7933,-0.0188728605
2026,7934,0.0302832096
2026,7935,0.0129196322
2026,7936,-0.5435003319
2026,7937,-0.2804692422
2026,7938,0.2151487856
2026,7939,-0.7060070623
2026,7940,0.1735190440
2026,7941,-0.3029960710
2026,7942,-0.3472846323
2026,7943,-0.2136676420
2026,7944,0.6162463942
2026,7945,-0.1575067197
2026,7946,-0.8789978210
2026,7947,-0.5386745035
2026,7948,0.0080832753
2026,7949,0.2111949764
2026,7950,-0.7390665598
2026,7951,0.0291285079
2026,7952,0.1559548013
2026,7953,-0.0954450251
2026,7954,-1.0649347653
2026,7955,-0.4507797459
2026,7956,-0.5948265661
2026,7957,-0.1761687984
2026,7958,0.3841152205
2026,7959,-0.0151105922
2026,7960,-0.0224827763
2026,7961,0.2583529290
2026,7962,-0.1973466323
2026,7963,0.4006240309
2026,7964,0.3061390613
2026,7965,-0.2170944056
2026,7966,-0.1057999197
2026,7967,0.4305880433
2026,7968,0.8644693789
2026,7969,-0.0258597738
2026,7970,-1.0332452080
2026,7971,-0.3133948094
2026,7972,0.5182529629
2026,7973,-0.9111784557
2026,7974,-0.0590418446
2026,7975,-0.1594167047
2026,7976,0.3233342603
2026,7977,-0.0472382741
2026,7978,-0.7532948123
2026,7979,-0.1050816466
2026,7980,-0.1420010206
2026,7981,-0.1638923430
2026,7982,-0.5377510465
2026,7983,0.0923375489
2026,7984,0.6468138903
2026,7985,-0.7094309024
2026,7986,-0.0675903971
2026,7987,0.3825964034
2026,7988,0.2058659649
2026,7989,0.2086663933
2026,7990,-0.3620264113
2026,7991,0.6209076125
2026,7992,0.4968873982
2026,7993,0.5339085752
2026,7994,-0.7808254221
2026,7995,0.9546407550
2026,7996,0.3475203302
2026,7997,-0.8395140090
2026,7998,-0.2268800166
2026,7999,0.0973888962
2026,8000,0.0140818052
2026,8001,0.4516622001
2026,8002,0.7526635005
2026,8003,-0.2795487875
2026,8004,0.2328655892
2026,8005,-0.3954259760
2026,8006,-0.8361827927
2026,8007,-0.1297038072
2026,8008,-1.0502852429
2026,8009,-0.7311535313
2026,8010,0.1276417272
2026,8011,0.6201818730
2026,8012,0.9235260547
2026,8013,0.4895445721
2026,8014,0.1472760594
2026,8015,-0.6820921609
2026,8016,0.2909905645
2026,8017,-0.0080912931
2026,8018,0.4054062560
2026,8019,0.4298913701
2026,8020,0.1088551081
2026,8021,0.5667240422
2026,8022,0.4130838528
2026,8023,-0.0691823265
2026,8024,-0.6683341711
2026,8025,0.1483238184
2026,8026,-0.7030605730
2026,8027,0.3385287978
2026,8028,-0.4265936450
2026,8029,-0.5025762187
2026,8030,0.2496001833
2026,8031,0.4936242340
2026,8032,0.3502759450
2026,8033,-0.1312256796
2026,8034,0.3038263463
2026,8035,0.4227504002
2026,8036,-0.0493098572
2026,8037,-0.3692142231
2026,8038,-0.1156331798
2026,8039,0.8793913849
2026,8040,0.2136119629
2026,8041,0.4129825977
2026,8042,0.0851614888
2026,8043,-0.0951404935
2026,8044,-0.6728886396
2026,8045,1.2099762675
2026,8046,-0.4020658355
2026,8047,0.1917727760
2026,8048,0.2103753081
2026,8049,-0.0297550718
2026,8050,-0.3373883541
2026,8051,-0.9411308858
2026,8052,-0.2136582582
2026,8053,-0.3480746801
2026,8054,1.0979403673
2026,8055,-0.1906044843
2026,8056,-0.5525199102
2026,8057,-0.0915860312
2026,8058,0.5531757371
2026,8059,-0.2461609596
2026,8060,0.8577825392
2026,8061,-1.2725813340
2026,8062,-1.0704908318
2026,8063,0.3453441369
2026,8064,0.2237745816
2026,8065,1.1475157358
2026,8066,-0.2361470082
2026,8067,1.2427148832
2026,8068,0.3140566441
2026,8069,-0.8317142968
2026,8070,0.1219321561
2026,8071,0.1458839466
2026,8072,0.4343418609
2026,8073,-0.0027177959
2026,8074,-0.3174328984
2026,8075,0.7684180432
2026,8076,-1.1295843054
2026,8077,-0.3232895162
2026,8078,-0.7130349177
2026,8079,-0.5761788936
2026,8080,0.5407620089
2026,8081,-0.3040987826
2026,8082,-0.1858977649
2026,8083,-0.3543857833
2026,8084,0.5789498040
2026,8085,-1.0857247027
2026,8086,-0.1151400087
2026,8087,-0.1669702259
2026,8088,-0.2478334285
2026,8089,-0.4004748802
2026,8090,-0.0126296713
2026,8091,-0.2329116623
2026,8092,-0.6397477436
2026,8093,-0.0379205789
2026,8094,-0.3253813292
2026,8095,-0.2358245833
2026,8096,-0.0871859312
2026,8097,-0.4481789140
2026,8098,-0.0260368482
2026,8099,-0.6914592581
2026,8100,0.4503937574
2026,8101,0.7403254352
2026,8102,-0.5935704279
2026,8103,0.0517017615
2026,8104,0.1553580902
2026,8105,-0.9863170954
2026,8106,0.6945470329
2026,8107,-0.6174316980
2026,8108,0.1642489349
2026,8109,-0.1764849381
2026,8110,-1.1653758821
2026,8111,0.0415071927
2026,8112,-0.4806089897
2026,8113,-0.9551450370
2026,8114,-1.1717708940
2026,8115,-0.0761523946
2026,8116,0.3902566011
2026,8117,-0.9913190355
2026,8118,-0.1590910336
2026,8119,0.2486962700
2026,8120,-0.1892630353
2026,8121,1.1094389102
2026,8122,0.4199687211
2026,8123,-0.6152403112
2026,8124,0.2470539146
2026,8125,0.7791623167
2026,8126,-0.2564274541
2026,8127,-0.7614096591
2026,8128,0.2828083751
2026,8129,-0.3957387325
2026,8130,0.7782101894
2026,8131,-0.2655748531
2026,8132,-0.5470760391
2026,8133,-0.4035647902
2026,8134,0.2208968366
2026,8135,-0.5278708934
2026,8136,-0.6567866897
2026,8137,0.2791639824
2026,8138,0.5291719135
2026,8139,-0.2258744221
2026,8140,0.3716774006
2026,8141,0.4341473752
2026,8142,-0.6072527120
2026,8143,-1.0364866719
2026,8144,0.3057336343
2026,8145,0.8864989739
2026,8146,0.1797444871
2026,8147,-0.2760770272
2026,8148,0.0246324229
2026,8149,0.3440098597
2026,8150,0.4663656392
2026,8151,0.1465792147
2026,8152,-0.1245309344
2026,8153,-0.2086876223
2026,8154,-0.1832293765
2026,8155,0.1739764350
2026,8156,-0.1146827044
2026,8157,-0.2765014301
2026,8158,0.5687189288
2026,8159,0.0946839457
2026,8160,-0.9256198713
2026,8161,0.2193391934
2026,8162,-0.6756634694
2026,8163,-1.2461022491
2026,8164,0.6709544110
2026,8165,-1.0294505592
2026,8166,0.6638094972
2026,8167,0.2293527920
2026,8168,-0.0188296670
2026,8169,-0.8717633766
2026,8170,0.0005896312
2026,8171,-0.0702141714
2026,8172,-0.0736139724
2026,8173,-0.4579534952
2026,8174,0.5945474322
2026,8175,-0.2725499075
2026,8176,1.0623900904
2026,8177,-0.6570435255
2026,8178,-0.5942446897
2026,8179,0.1267366619
2026,8180,0.0919037656
2026,8181,-0.2810438327
2026,8182,-0.0942927692
2026,8183,0.6130039796
2026,8184,0.3485012055
2026,8185,0.0729500220
2026,8186,0.5936931905
2026,8187,0.0650677194
2026,8188,0.0656733190
2026,8189,1.0114532754
2026,8190,-0.2405821653
2026,8191,-0.9348327954
2026,8192,0.7862261091
2026,8193,-0.2121235365
2026,8194,0.1073331474
2026,8195,0.1667803018
2026,8196,0.7676943318
2026,8197,0.5868895790
2026,8198,-0.3644530989
2026,8199,0.2606170584
2026,8200,0.4348563650
2026,8201,-0.4076841377
2026,8202,0.3036512764
2026,8203,-0.3506409579
2026,8204,0.8772745539
2026,8205,0.8348435107
2026,8206,0.3379700523
2026,8207,-0.5674353346
2026,8208,0.0875629555
2026,8209,0.4621502284
2026,8210,-0.3264112438
2026,8211,0.0465022226
2026,8212,0.6929376170
2026,8213,-0.2002259749
2026,8214,-0.9239614754
2026,8215,-0.8202880606
2026,8216,-1.0010139607
2026,8217,-0.7939365490
2026,8218,0.2036889246
2026,8219,-0.3269710148
2026,8220,0.3082647570
2026,8221,-1.2785253482
2026,8222,0.5934923008
2026,8223,0.5661997947
2026,8224,-0.7663521301
2026,8225,0.1827153785
2026,8226,0.2646973667
2026,8227,-0.5737845701
2026,8228,0.1004899917
2026,8229,0.0909983198
2026,8230,-0.1970424526
2026,8231,-0.4842097375
2026,8232,0.1863135705
2026,8233,0.4211328496
2026,8234,0.5868398237
2026,8235,-0.6129477119
2026,8236,0.5919308353
2026,8237,0.1919484348
2026,8238,-0.7402898062
2026,8239,-1.1970251757
2026,8240,0.2817642943
2026,8241,0.1936490054
2026,8242,0.3522591810
2026,8243,0.0269409352
2026,8244,-0.4862116621
2026,8245,0.4723153226
2026,8246,-0.2540684736
2026,8247,-0.4378792325
2026,8248,0.1120856183
2026,8249,-0.3103679132
2026,8250,-0.2873220281
2026,8251,-0.1809171626
2026,8252,0.0623119269
2026,8253,0.3322339504
2026,8254,0.5966467141
2026,8255,0.4222452560
2026,8256,-0.2013192448
2026,8257,0.8088210334
2026,8258,0.9694027662
2026,8259,-0.5869456524
2026,8260,0.2192429471
2026,8261,-0.6046031059
2026,8262,-0.6026154095
2026,8263,-0.7105040731
2026,8264,-0.0864492752
2026,8265,-0.3732011354
2026,8266,0.0721965290
2026,8267,-0.0389112603
2026,8268,-0.3813665734
2026,8269,0.3866375473
2026,8270,-0.3175596088
2026,8271,-0.3797714288
2026,8272,0.4127128397
2026,8273,-0.1340856016
2026,8274,0.3591568474
2026,8275,0.1771363197
2026,8276,-0.0316480602
2026,8277,0.0356420453
2026,8278,0.9967233123
2026,8279,-0.3375254592
2026,8280,-0.6688778181
2026,8281,-0.4115021741
2026,8282,0.4802756338
2026,8283,-0.2544105718
2026,8284,-1.0945182969
2026,8285,0.3118060702
2026,8286,0.6744012072
2026,8287,1.0480252040
2026,8288,0.2696441229
2026,8289,1.0715387911
2026,8290,-0.4310529193
2026,8291,-1.3432077069
2026,8292,-0.7482099648
2026,8293,0.6466848426
2026,8294,-0.0361556410
2026,8295,0.2000658790
2026,8296,-0.6200383579
2026,8297,0.6692451676
2026,8298,-0.2683197057
2026,8299,-0.9302573495
2026,8300,0.2809343766
2026,8301,0.3912706264
2026,8302,0.5127537313
2026,8303,-0.1592050131
2026,8304,-0.0612933507
2026,8305,0.8356521316
2026,8306,-0.0501441489
2026,8307,-0.3240577729
2026,8308,0.6788822790
2026,8309,-0.2468127682
2026,8310,-0.8528574053
2026,8311,1.7591184740
2026,8312,0.6193523769
2026,8313,-0.2060199455
2026,8314,-0.2182797854
2026,8315,-0.3052980724
2026,8316,0.0366868186
2026,8317,0.4355174696
2026,8318,0.0101451573
2026,8319,1.0002859539
2026,8320,0.6215401737
2026,8321,0.6026234806
2026,8322,0.2769553875
2026,8323,-0.3768298320
2026,8324,0.0536862454
2026,8325,-0.4080826188
2026,8326,0.9115110102
2026,8327,-0.4169717612
2026,8328,0.2491780824
2026,8329,0.9269217659
2026,8330,1.0967336943
2026,8331,0.7774853076
2026,8332,-0.3111551475
2026,8333,-0.1094280188
2026,8334,0.1917596447
2026,8335,-0.1944566567
2026,8336,0.6108826443
2026,8337,0.1513499094
2026,8338,0.9094352857
2026,8339,-0.4448841040
2026,8340,-0.1519318163
2026,8341,-0.4082257659
2026,8342,-0.4266250105
2026,8343,-1.0467127050
2026,8344,0.1290723425
2026,8345,-0.1277248797
2026,8346,0.1673411000
2026,8347,1.1848120643
2026,8348,-0.5344637017
2026,8349,-0.1447210243
2026,8350,0.0844458157
2026,8351,-0.3224864177
2026,8352,-0.2430898846
2026,8353,0.7337454831
2026,8354,-0.9119455433
2026,8355,-1.4140693435
2026,8356,0.3935777723
2026,8357,-1.0737223242
2026,8358,-0.6247764970
2026,8359,-0.9220776186
2026,8360,-0.0919056171
2026,8361,0.8533220768
2026,8362,0.8499611710
2026,8363,-0.4471139867
2026,8364,0.0691398410
2026,8365,-0.0734489392
2026,8366,-0.3003425207
2026,8367,0.0713116422
2026,8368,1.1324825792
2026,8369,-0.4487520283
2026,8370,-0.9423187776
2026,8371,-0.6162154669
2026,8372,0.2111574006
2026,8373,-0.3531707118
2026,8374,0.2770081037
2026,8375,-0.2947980503
2026,8376,-0.9431094005
2026,8377,-0.0046835311
2026,8378,0.1665661408
2026,8379,-0.7823492824
2026,8380,0.1315519856
2026,8381,0.2248018489
2026,8382,1.1885565218
2026,8383,-0.3098853721
2026,8384,1.0114105786
2026,8385,0.5211094955
2026,8386,-0.6422426084
2026,8387,-0.4791784698
2026,8388,-1.0412690998
2026,8389,-0.4413807669
2026,8390,-0.6658723628
2026,8391,-0.6052185280
2026,8392,-0.4870914556
2026,8393,0.1122377429
2026,8394,0.6473232739
2026,8395,0.0581451329
2026,8396,-0.9158926556
2026,8397,-0.2525802660
2026,8398,-0.2714833189
2026,8399,-0.6728122001
2026,8400,0.4160467132
2026,8401,0.3076998204
2026,8402,-0.2508600913
2026,8403,0.3002045887
2026,8404,0.3825615142
2026,8405,0.3896941431
2026,8406,1.3162933845
2026,8407,-0.1878882968
2026,8408,-0.1673262775
2026,8409,0.1407088197
2026,8410,0.0145114801
2026,8411,0.3685615449
2026,8412,0.9255503515
2026,8413,0.4108759774
2026,8414,0.1540848722
2026,8415,0.5358988679
2026,8416,1.0822871025
2026,8417,0.1520551751
2026,8418,-0.1666891294
2026,8419,-0.8283288497
2026,8420,-0.5767219848
2026,8421,0.0976200368
2026,8422,0.0089746443
2026,8423,-0.0925952579
2026,8424,0.7590166683
2026,8425,-0.6021356480
2026,8426,0.2075045052
2026,8427,0.1658919038
2026,8428,-0.0076356500
2026,8429,-0.3966856642
2026,8430,-0.3585211909
2026,8431,0.5636720917
2026,8432,0.1126400118
2026,8433,0.2579783275
2026,8434,-0.2170857420
2026,8435,0.1487093827
2026,8436,-0.0168116990
2026,8437,0.2683821818
2026,8438,-0.1367426646
2026,8439,0.2147548384
2026,8440,-0.4229007478
2026,8441,1.1619901987
2026,8442,0.8180165165
2026,8443,0.5805115150
2026,8444,-0.4213210780
2026,8445,-0.8004323648
2026,8446,-0.3033787204
2026,8447,0.5158321530
2026,8448,0.6518453515
2026,8449,0.5196008625
2026,8450,-0.3088081523
2026,8451,-0.3855012310
2026,8452,0.4730312715
2026,8453,-0.3929003791
2026,8454,-0.9055879250
2026,8455,0.1521293294
2026,8456,0.1525636305
2026,8457,0.7451057341
2026,8458,-0.3570912198
2026,8459,-1.1441903824
2026,8460,0.1402882368
2026,8461,0.5239569297
2026,8462,0.1393674295
2026,8463,-1.0668098744
2026,8464,0.1679918295
2026,8465,1.4096034643
2026,8466,0.3799829008
2026,8467,0.3339554519
2026,8468,-0.0104679761
2026,8469,0.1718784710
2026,8470,-0.4048037142
2026,8471,0.1081852416
2026,8472,0.7504155078
2026,8473,0.1959473930
2026,8474,0.1597003268
2026,8475,0.0121148542
2026,8476,0.6469436415
2026,8477,-0.6187477932
2026,8478,0.0364067516
2026,8479,0.5616003400
2026,8480,0.0209507585
2026,8481,0.8046894356
2026,8482,-0.6186260003
2026,8483,-0.0837177139
2026,8484,-0.1979694069
2026,8485,-0.1899966515
2026,8486,-0.3154077481
2026,8487,-0.3135564492
2026,8488,-0.1308362856
2026,8489,-0.4076929317
2026,8490,0.1399269153
2026,8491,-0.4753211111
2026,8492,0.5052634250
2026,8493,-0.1069784549
2026,8494,0.1750526074
2026,8495,-0.7689589355
2026,8496,0.7057774087
2026,8497,-0.1701922376
2026,8498,0.2112612990
2026,8499,-0.5113024896
2026,8500,-0.4440380140
2026,8501,0.0134158066
2026,8502,-0.4437987188
2026,8503,0.2409035022
2026,8504,0.0865082561
2026,8505,0.6326129308
2026,8506,0.1401305492
2026,8507,0.4557025933
2026,8508,-0.8587767470
2026,8509,0.6090636374
2026,8510,-0.2702728685
2026,8511,0.0850262757
2026,8512,0.0431293693
2026,8513,-0.3844533769
2026,8514,-0.0344643829
2026,8515,0.5374569898
2026,8516,-0.6327452184
2026,8517,-0.6135414206
2026,8518,-0.3483965279
2026,8519,-0.1118821049
2026,8520,-0.8316973094
2026,8521,-0.3932250982
2026,8522,0.7422008712
2026,8523,-0.1739003444
2026,8524,0.3605013089
2026,8525,0.5591000600
2026,8526,0.1761218011
2026,8527,-1.2044206998
2026,8528,-0.4810117224
2026,8529,-0.0843489912
2026,8530,0.1627307491
2026,8531,-0.3901390982
2026,8532,0.8059780097
2026,8533,-0.2147390060
2026,8534,-0.7078168654
2026,8535,-0.2899899630
2026,8536,-0.2559552286
2026,8537,-0.4750954904
2026,8538,-0.4002083808
2026,8539,-0.3482884685
2026,8540,-1.5333671667
2026,8541,-0.3274816369
2026,8542,-0.6019799454
2026,8543,-0.7341144854
2026,8544,-0.2188273640
2026,8545,0.9098726213
2026,8546,-0.7574685970
2026,8547,-0.8701103678
2026,8548,-0.0812525985
2026,8549,0.7159560212
2026,8550,-0.4929737110
2026,8551,0.0161300707
2026,8552,-0.1192821589
2026,8553,-0.7205194650
2026,8554,-0.5207225333
2026,8555,0.0186804819
2026,8556,0.1221265160
2026,8557,-0.6104588741
2026,8558,1.2432448744
2026,8559,-0.9740592432
2026,8560,0.2795297307
2026,8561,-0.1455358960
2026,8562,-0.6349598090
2026,8563,0.4295511811
2026,8564,-0.3789069995
2026,8565,0.5240885865
2026,8566,0.6076456008
2026,8567,0.1773658194
2026,8568,-0.2309175539
2026,8569,-0.4355984504
2026,8570,0.0880398647
2026,8571,-0.0499896429
2026,8572,0.0145016424
2026,8573,0.9314495397
2026,8574,-0.5594760071
2026,8575,-0.3527737462
2026,8576,-0.3423681979
2026,8577,-0.3125830978
2026,8578,0.1632547890
2026,8579,0.3030429318
2026,8580,0.8013238467
2026,8581,0.0199882709
2026,8582,0.5151801910
2026,8583,0.2386218633
2026,8584,-0.0552754746
2026,8585,0.1509535269
2026,8586,0.5706681103
2026,8587,-0.0081839426
2026,8588,-0.8393122839
2026,8589,-0.3961614652
2026,8590,-1.0966421935
2026,8591,1.0268345577
2026,8592,0.5195735096
2026,8593,-0.1666103407
2026,8594,1.0970044644
2026,8595,-0.5723240567
2026,8596,0.5774780163
2026,8597,-0.2326674593
2026,8598,-0.3437725934
2026,8599,-0.4280756216
2026,8600,-0.1053515747
2026,8601,0.8928070756
2026,8602,0.8166788724
2026,8603,-0.1626523854
2026,8604,0.0873189281
2026,8605,0.4427848167
2026,8606,-0.5235912473
2026,8607,0.2368268266
2026,8608,-0.2144983442
2026,8609,-0.0107161139
2026,8610,-0.0399624020
2026,8611,-0.0756658697
2026,8612,0.8721129124
2026,8613,0.4401635573
2026,8614,0.2896559926
2026,8615,-0.8417863898
2026,8616,-0.3570066539
2026,8617,0.3455630275
2026,8618,-0.2465945525
2026,8619,0.5631169497
2026,8620,-0.6610184431
2026,8621,0.0598060986
2026,8622,0.1436172700
2026,8623,-0.9929710408
2026,8624,0.0431207517
2026,8625,-0.0329528863
2026,8626,0.3824534883
2026,8627,0.8572943799
2026,8628,0.3819010228
2026,8629,-0.4462412474
2026,8630,-0.9742618328
2026,8631,0.6944585254
2026,8632,0.3332334621
2026,8633,-0.1328119988
2026,8634,-0.2842185790
2026,8635,-0.7882754916
2026,8636,-0.0314603504
2026,8637,0.1805490782
2026,8638,0.3442920533
2026,8639,-0.1877842078
2026,8640,-0.3038755497
2026,8641,0.1028954410
2026,8642,0.7516715930
2026,8643,-0.6952334893
2026,8644,-1.1371765802
2026,8645,-0.5928698979
2026,8646,-0.5733658325
2026,8647,-0.2621792799
2026,8648,-0.5054989547
2026,8649,-0.4162678200
2026,8650,0.8269511699
2026,8651,-0.1399225952
2026,8652,-0.5546608304
2026,8653,-0.3701559815
2026,8654,-1.3280347448
2026,8655,0.5956668047
2026,8656,-0.8348996840
2026,8657,0.7525752960
2026,8658,0.4279777682
2026,8659,0.3910103889
2026,8660,-0.1433342109
2026,8661,0.7555365869
2026,8662,-0.1075481023
2026,8663,-0.0153231752
2026,8664,0.6885683613
2026,8665,1.0253364246
2026,8666,-0.1404874435
2026,8667,-0.9162193597
2026,8668,-0.1389890069
2026,8669,0.1076231652
2026,8670,-0.4617004964
2026,8671,0.1716875170
2026,8672,0.4716973030
2026,8673,-0.1715913074
2026,8674,0.5484260226
2026,8675,0.2637041884
2026,8676,0.7558530924
2026,8677,0.1345803551
2026,8678,0.3829321183
2026,8679,-0.9005021729
2026,8680,0.0131535305
2026,8681,-0.0769991527
2026,8682,-0.7344432474
2026,8683,0.5012984355
2026,8684,-0.0551468970
2026,8685,-0.7474189272
2026,8686,0.4314294176
2026,8687,-0.0989057499
2026,8688,0.2278649855
2026,8689,0.1757128536
2026,8690,-0.6418171537
2026,8691,0.4531942285
2026,8692,-0.5152631933
2026,8693,-0.0481272690
2026,8694,-1.7152435904
2026,8695,-0.3232642510
2026,8696,-0.9370175070
2026,8697,-0.1673372634
2026,8698,0.9991659808
2026,8699,-0.3790038838
2026,8700,0.5617065448
2026,8701,-0.9596836033
2026,8702,-0.6659372448
2026,8703,0.0647669336
2026,8704,-0.6909809234
2026,8705,0.0482110146
2026,8706,1.0013039149
2026,8707,-0.2100440333
2026,8708,0.1883388352
2026,8709,-0.3478204649
2026,8710,-0.4262763714
2026,8711,0.4535251305
2026,8712,0.7772586782
2026,8713,0.6841841195
2026,8714,-0.2264852611
2026,8715,0.4091060611
2026,8716,0.0944091656
2026,8717,0.3386867551
2026,8718,-0.5217526139
2026,8719,0.1189232807
2026,8720,-0.9935184475
2026,8721,1.0213555868
2026,8722,0.3507820374
2026,8723,-0.4016040923
2026,8724,0.8490899134
2026,8725,-0.5237013795
2026,8726,0.4187922836
2026,8727,-0.1507730575
2026,8728,0.2808346130
2026,8729,-0.1544752034
2026,8730,0.1107072552
2026,8731,-0.2119864010
2026,8732,-0.5303653250
2026,8733,-0.9499452658
2026,8734,-0.0449829606
2026,8735,-0.2940859673
2026,8736,0.3072832525
2026,8737,0.2259248277
2026,8738,0.1848569772
2026,8739,0.5440757977
2026,8740,0.6096753266
2026,8741,-0.0182026275
2026,8742,-0.6233343655
2026,8743,0.3052004358
2026,8744,-0.2208628960
2026,8745,-0.7748541381
2026,8746,0.1856683420
2026,8747,0.2147708244
2026,8748,0.6218593855
2026,8749,-0.1532756756
2026,8750,-0.5414063918
2026,8751,-0.6725692049
2026,8752,-0.3792735685
2026,8753,-0.2802897869
2026,8754,-0.0361009445
2026,8755,-0.4326222161
2026,8756,-0.6006419332
2026,8757,-0.5130467164
2026,8758,0.5135849508
2026,8759,-0.0734441165
2026,8760,-0.8353163016
2026,8761,0.0459405300
2026,8762,0.2806023483
2026,8763,-0.1206895544
2026,8764,-0.0252083898
2026,8765,0.3747347613
2026,8766,-0.5104012381
2026,8767,0.1914614391
2026,8768,-1.4016741288
2026,8769,-0.1220422324
2026,8770,0.7715105660
2026,8771,1.1667178127
2026,8772,0.4245829567
2026,8773,-0.2918310301
2026,8774,-0.1244892638
2026,8775,0.0826029341
2026,8776,0.1262079326
2026,8777,0.4715307324
2026,8778,0.1824763495
2026,8779,0.5336357854
2026,8780,0.3496231272
2026,8781,0.3077731780
2026,8782,0.2553409622
2026,8783,-0.4155467298
2026,8784,0.7399402684
2026,8785,0.4636933273
2026,8786,-0.7112994940
2026,8787,0.4467427064
2026,8788,0.9178819951
2026,8789,0.0330541469
2026,8790,-0.2722192653
2026,8791,0.2376662756
2026,8792,-0.8188746022
2026,8793,-0.4581128584
2026,8794,-0.1770753959
2026,8795,-0.2699495702
2026,8796,-0.8357470700
2026,8797,-0.2118274329
2026,8798,0.3805777169
2026,8799,0.2110289335
2026,8800,0.3430997895
2026,8801,-0.1597409390
2026,8802,-0.3689465836
2026,8803,0.4857273081
2026,8804,-0.0248731864
2026,8805,0.7183336791
2026,8806,0.0679687944
2026,8807,-0.5805828516
2026,8808,-0.3135533103
2026,8809,-0.5585207349
2026,8810,0.0687235902
2026,8811,-0.0475754985
2026,8812,-0.9743261545
2026,8813,-0.7812663356
2026,8814,-0.0019479958
2026,8815,0.2384771404
2026,8816,-0.1651714934
2026,8817,0.4116277296
2026,8818,0.0537709561
2026,8819,0.3349205632
2026,8820,-0.4873573055
2026,8821,-0.5666054684
2026,8822,0.0563238842
2026,8823,-0.3403597175
2026,8824,-0.7177496432
2026,8825,0.2594552786
2026,8826,-0.4736786129
2026,8827,-0.2266780606
2026,8828,-0.5731675195
2026,8829,-0.0990714697
2026,8830,0.7003556028
2026,8831,-0.5793647329
2026,8832,0.1490072562
2026,8833,0.5238463941
2026,8834,0.5546558425
2026,8835,0.5444705173
2026,8836,-0.5252800010
2026,8837,-0.7791665938
2026,8838,0.8143825079
2026,8839,-0.6824116905
2026,8840,0.0576427435
2026,8841,-0.1996318730
2026,8842,-0.9282428479
2026,8843,-0.3388611004
2026,8844,-0.6346683790
2026,8845,-0.4000451354
2026,8846,0.0478736718
2026,8847,-0.0000468540
2026,8848,-0.4345080246
2026,8849,-0.7719107639
2026,8850,-0.1590526064
2026,8851,0.2114820839
2026,8852,0.1043745262
2026,8853,-0.4293691143
2026,8854,0.9276175194
2026,8855,-0.0189521031
2026,8856,-0.9186064115
2026,8857,-0.2884512903
2026,8858,0.0117543768
2026,8859,-1.4328341429
2026,8860,0.2198526060
2026,8861,0.0723836892
2026,8862,-0.2686352687
2026,8863,0.6721422182
2026,8864,-0.8765935502
2026,8865,0.5269861792
2026,8866,0.1740923689
2026,8867,-0.1400865401
2026,8868,-0.1167222344
2026,8869,-0.7644364598
2026,8870,-0.0621850654
2026,8871,0.3989429087
2026,8872,-0.3624182299
2026,8873,0.0215887899
2026,8874,0.5891549475
2026,8875,-0.3081109084
2026,8876,-0.5338859348
2026,8877,-1.0001935081
2026,8878,-0.3185782465
2026,8879,0.5305726266
2026,8880,-0.0726416621
2026,8881,0.1056291792
2026,8882,0.2739357884
2026,8883,0.6900539980
2026,8884,0.7316184028
2026,8885,0.0594406557
2026,8886,1.1561555979
2026,8887,0.7306340441
2026,8888,-0.0544338533
2026,8889,-0.5614074244
2026,8890,-0.1335889144
2026,8891,-0.1167926378
2026,8892,-0.1667174528
2026,8893,0.4888080774
2026,8894,-0.2122552152
2026,8895,0.2922059129
2026,8896,-0.5147473824
2026,8897,-0.1355941678
2026,8898,-0.0298020970
2026,8899,0.4478111124
2026,8900,-0.0282024687
2026,8901,-1.1154739027
2026,8902,0.1556947117
2026,8903,-0.4388256371
2026,8904,0.5672880932
2026,8905,-0.1215698004
2026,8906,-0.3544408823
2026,8907,1.8095135817
2026,8908,0.8981641886
2026,8909,0.1322263330
2026,8910,0.0607228715
2026,8911,0.1231220437
2026,8912,-0.2913310522
2026,8913,-0.3621604282
2026,8914,0.1128756929
2026,8915,-0.6802752653
2026,8916,-0.5315316685
2026,8917,-0.2859996427
2026,8918,-0.6740174755
2026,8919,-0.0473155403
2026,8920,-0.4375958335
2026,8921,-0.5902851908
2026,8922,0.0076111860
2026,8923,0.1761202747
2026,8924,0.0244972893
2026,8925,0.4858596920
2026,8926,0.0423403827
2026,8927,0.0263138308
2026,8928,-0.4223096798
2026,8929,0.0219069521
2026,8930,-0.3183063264
2026,8931,0.3132180278
2026,8932,-0.0390607981
2026,8933,0.0478654701
2026,8934,0.0504215085
2026,8935,0.6136576171
2026,8936,0.5715984276
2026,8937,-0.0874758980
2026,8938,0.0550197512
2026,8939,-0.3263965839
2026,8940,1.0799404132
2026,8941,0.0853202714
2026,8942,-0.0193849591
2026,8943,-1.0187490618
2026,8944,0.6560977608
2026,8945,-0.4831190319
2026,8946,-0.1079656140
2026,8947,0.1400656524
2026,8948,0.1014021731
2026,8949,0.2097608169
2026,8950,0.1488522990
2026,8951,-0.4023750715
2026,8952,0.1679450639
2026,8953,0.6007655814
2026,8954,-0.7034491972
2026,8955,-1.1038132715
2026,8956,0.1042135515
2026,8957,-0.1930659357
2026,8958,0.0989574130
2026,8959,0.8370926287
2026,8960,0.5866611576
2026,8961,-0.2039574687
2026,8962,0.3591237761
2026,8963,-1.2262433564
2026,8964,-0.3684716387
2026,8965,-0.0070148521
2026,8966,-0.6814899300
2026,8967,0.0672307996
2026,8968,0.6365413733
2026,8969,-0.0952978769
2026,8970,0.5025691550
2026,8971,0.1269133182
2026,8972,0.5273300259
2026,8973,-0.2737958489
2026,8974,0.4551099083
2026,8975,0.0910055962
2026,8976,-1.0541501790
2026,8977,-0.7712632692
2026,8978,0.2368552344
2026,8979,-0.0386716703
2026,8980,-0.5516894296
2026,8981,0.0340539519
2026,8982,0.0861276111
2026,8983,0.1774928209
2026,8984,-0.5330586846
2026,8985,-0.3065836214
2026,8986,-0.4337541321
2026,8987,-0.8830398255
2026,8988,-0.0738119962
2026,8989,0.0667705609
2026,8990,0.1565410483
2026,8991,0.5491449710
2026,8992,0.9165849762
2026,8993,-0.2495301501
2026,8994,-0.1437818374
2026,8995,-0.3673585720
2026,8996,-0.1308853338
2026,8997,0.2718141659
2026,8998,-0.2003174904
2026,8999,1.0404530347
2026,9000,0.8878656985
2026,9001,-0.1742154069
2026,9002,0.3284993436
2026,9003,-0.1647549861
2026,9004,0.0874567960
2026,9005,-0.1389679282
2026,9006,0.6868513898
2026,9007,0.3407069601
2026,9008,-0.0689513036
2026,9009,-0.3122251433
2026,9010,0.3922805818
2026,9011,0.4714981607
2026,9012,0.6455001862
2026,9013,0.6632052414
2026,9014,0.6255547488
2026,9015,0.8959831019
2026,9016,0.3999712350
2026,9017,-0.8371553154
2026,9018,0.0253790928
2026,9019,0.0866062939
2026,9020,-0.5721253831
2026,9021,-1.0439111095
2026,9022,0.7819814147
2026,9023,-0.4181591273
2026,9024,0.0376612686
2026,9025,0.2656981677
2026,9026,-0.4988309187
2026,9027,0.0081072935
2026,9028,-0.6527349180
2026,9029,0.5313353064
2026,9030,-0.2471419357
2026,9031,-0.2688765513
2026,9032,0.3924995168
2026,9033,-0.4955008992
2026,9034,-0.3274641059
2026,9035,0.1842420966
2026,9036,-0.5337019240
2026,9037,0.2222944083
2026,9038,0.3753752019
2026,9039,-0.5617526594
2026,9040,0.0607792447
2026,9041,0.2888753131
2026,9042,-0.7438842333
2026,9043,0.0798350040
2026,9044,-0.5808230828
2026,9045,0.0329779072
2026,9046,-0.0389390354
2026,9047,-0.5006961397
2026,9048,0.9947018163
2026,9049,-0.6851356626
2026,9050,1.3712227172
2026,9051,0.6329754488
2026,9052,-0.1426765470
2026,9053,-0.1555010791
2026,9054,0.9328520128
2026,9055,-0.4181591778
2026,9056,0.5816080238
2026,9057,-0.2902078844
2026,9058,-0.0443980974
2026,9059,0.5289345887
2026,9060,0.8204031788
2026,9061,0.1836175091
2026,9062,0.5631267081
2026,9063,0.6810016156
2026,9064,-0.4807655800
2026,9065,-0.2981542095
2026,9066,0.1911424693
2026,9067,0.1541376697
2026,9068,0.4124243134
2026,9069,-0.4936807692
2026,9070,0.4010318724
2026,9071,0.3691634996
2026,9072,0.2461223572
2026,9073,0.0240593536
2026,9074,-0.3111988536
2026,9075,-0.2955212115
2026,9076,-0.1568723352
2026,9077,-0.9086505975
2026,9078,-0.4520401860
2026,9079,-0.5303658457
2026,9080,0.6988786276
2026,9081,-0.1821602139
2026,9082,0.2964728201
2026,9083,0.5333632217
2026,9084,-1.2358358394
2026,9085,0.1097139057
2026,9086,0.3008189327
2026,9087,-0.6206518156
2026,9088,0.3916079085
2026,9089,1.4805333293
2026,9090,-0.3257380590
2026,9091,-0.4215563683
2026,9092,-0.2254778842
2026,9093,-0.0844286663
2026,9094,-0.1805684154
2026,9095,0.7399101930
2026,9096,-1.5185826575
2026,9097,0.1295686298
2026,9098,0.3660561429
2026,9099,0.1850560145
2026,9100,0.6109857362
2026,9101,0.2503577145
2026,9102,-1.1681632134
2026,9103,-0.0234006963
2026,9104,-0.8184274778
2026,9105,0.1518953973
2026,9106,-1.1252763292
2026,9107,0.0585147922
2026,9108,-1.1926019743
2026,9109,0.3380658577
2026,9110,0.1168039693
2026,9111,-0.4015260781
2026,9112,0.0908504151
2026,9113,0.0038759882
2026,9114,-0.1712515874
2026,9115,0.5914599345
2026,9116,-0.4070965090
2026,9117,-0.0757868245
2026,9118,-0.1165313152
2026,9119,0.0309924072
2026,9120,-0.5199403890
2026,9121,-0.1821480207
2026,9122,0.2525919310
2026,9123,-0.0161498139
2026,9124,0.0373143028
2026,9125,0.4857962319
2026,9126,0.1473457523
2026,9127,0.9923611176
2026,9128,0.3872992565
2026,9129,0.1011312825
2026,9130,-0.0248205783
2026,9131,0.6472230834
2026,9132,-0.8736348844
2026,9133,0.8805336078
2026,9134,-0.2539568721
2026,9135,0.7677464785
2026,9136,0.2490541635
2026,9137,-1.0895067291
2026,9138,0.4654516123
2026,9139,0.4875760374
2026,9140,-0.5245991448
2026,9141,0.3120115882
2026,9142,0.7086035303
2026,9143,-0.4249987176
2026,9144,-0.4256887429
2026,9145,0.0498295490
2026,9146,0.2724475673
2026,9147,0.3901124310
2026,9148,-0.2953314324
2026,9149,-0.2612009358
2026,9150,-0.5573987915
2026,9151,0.2791679087
2026,9152,0.8383391693
2026,9153,0.7966327843
2026,9154,0.3409181985
2026,9155,0.0502034904
2026,9156,0.1958466679
2026,9157,0.4777591985
2026,9158,-0.6557833316
2026,9159,-0.3698940064
2026,9160,1.1210886249
2026,9161,0.5166029004
2026,9162,-0.6977390870
2026,9163,-0.4941550899
2026,9164,0.2494457846
2026,9165,-1.2463087548
2026,9166,-0.1136192615
2026,9167,0.4886340841
2026,9168,0.0912789556
2026,9169,0.3538385414
2026,9170,0.9032226602
2026,9171,0.0407258856
2026,9172,0.2621390190
2026,9173,-0.2732021230
2026,9174,-0.2341641884
2026,9175,-0.5617194803
2026,9176,-0.0042596295
2026,9177,-0.1461132926
2026,9178,-0.2481345828
2026,9179,0.0506578892
2026,9180,0.2250372832
2026,9181,-0.0596119382
2026,9182,0.0491949545
2026,9183,-0.4921517098
2026,9184,-0.5231052039
2026,9185,-0.0862706511
2026,9186,-0.4049391989
2026,9187,0.6758078006
2026,9188,-0.1320240119
2026,9189,0.8849010031
2026,9190,-0.4653818692
2026,9191,0.5316543462
2026,9192,1.0741979543
2026,9193,-0.2073118738
2026,9194,-0.1867349043
2026,9195,-0.5424269973
2026,9196,-0.5646179986
2026,9197,0.2733770447
2026,9198,0.2180922237
2026,9199,-0.8100459368
2026,9200,-0.3485857959
2026,9201,1.4548185906
2026,9202,0.6238245422
2026,9203,-0.2629099790
2026,9204,0.4122010713
2026,9205,-0.7566351524
2026,9206,0.9801522949
2026,9207,0.0540230633
2026,9208,-0.1822857874
2026,9209,0.0456180506
2026,9210,1.0299200070
2026,9211,-0.8617665694
2026,9212,-0.1751416511
2026,9213,-0.3679024287
2026,9214,0.6684202278
2026,9215,-0.2655413071
2026,9216,-0.1509936052
2026,9217,0.2025957851
2026,9218,-0.6270065449
2026,9219,-0.1501324937
2026,9220,0.1956118070
2026,9221,0.3595996429
2026,9222,0.8978750681
2026,9223,-0.9734527886
2026,9224,0.3923942651
2026,9225,-0.0910787364
2026,9226,0.0155097009
2026,9227,0.0980214453
2026,9228,-0.7452706699
2026,9229,-0.8525689779
2026,9230,0.5623212612
2026,9231,-0.4885651453
2026,9232,-0.6926522156
2026,9233,0.6677452997
2026,9234,-0.2582700533
2026,9235,-1.0111183480
2026,9236,-1.3630236603
2026,9237,0.1342799553
2026,9238,-0.9874073493
2026,9239,0.5754988044
2026,9240,-0.3017033826
2026,9241,0.3409567837
2026,9242,-0.2526462243
2026,9243,-0.3544778843
2026,9244,-0.0811410254
2026,9245,-0.3259894260
2026,9246,0.0676446421
2026,9247,-0.8287737695
2026,9248,-0.1410699513
2026,9249,0.5933548785
2026,9250,0.0260665161
2026,9251,-0.6388260046
2026,9252,0.4083018400
2026,9253,-0.8086190646
2026,9254,0.3236078299
2026,9255,0.7269092910
2026,9256,0.8039471140
2026,9257,-0.0274426832
2026,9258,0.0369598274
2026,9259,0.2894122109
2026,9260,0.6492420151
2026,9261,-0.0346499251
2026,9262,-0.5412842869
2026,9263,-0.8055614522
2026,9264,-0.0083400994
2026,9265,0.2485989050
2026,9266,-0.1031787666
2026,9267,0.4968137891
2026,9268,0.4355119705
2026,9269,-0.1514370726
2026,9270,-0.0861581741
2026,9271,0.0887464650
2026,9272,-0.0702059201
2026,9273,0.4514894986
2026,9274,0.1682350581
2026,9275,0.0046767367
2026,9276,-0.2462458972
2026,9277,0.6593671429
2026,9278,0.0082530597
2026,9279,-0.5430901867
2026,9280,0.2775040297
2026,9281,0.2360339758
2026,9282,-0.2854465948
2026,9283,-0.3639232305
2026,9284,0.0795366391
2026,9285,0.3775673729
2026,9286,-0.4916964146
2026,9287,0.8662299498
2026,9288,0.2138922658
2026,9289,0.5461474183
2026,9290,-0.7523467101
2026,9291,-0.0991760948
2026,9292,0.0239175875
2026,9293,-1.0175663844
2026,9294,0.1601608800
2026,9295,-0.5890918041
2026,9296,0.2196204874
2026,9297,-0.2798559430
2026,9298,0.5883809349
2026,9299,-0.3978964575
2026,9300,0.3482736298
2026,9301,-0.9748600358
2026,9302,0.0909328885
2026,9303,0.0501747209
2026,9304,-0.4611178832
2026,9305,-0.8286879749
2026,9306,-0.4985705620
2026,9307,-0.4443105374
2026,9308,0.3518603607
2026,9309,0.5558418345
2026,9310,0.0566973951
2026,9311,0.0414501018
2026,9312,-0.3740944253
2026,9313,-0.0549177395
2026,9314,0.6118397183
2026,9315,-0.2382050004
2026,9316,0.2661820143
2026,9317,0.0902712332
2026,9318,-0.2392039961
2026,9319,0.0090919995
2026,9320,-0.1547674636
2026,9321,-1.1200076410
2026,9322,0.4354108779
2026,9323,0.2837106829
2026,9324,-0.3189047453
2026,9325,0.6184970778
2026,9326,-0.0708709264
2026,9327,1.2178987921
2026,9328,0.1747575759
2026,9329,0.6516030145
2026,9330,-0.3088371699
2026,9331,0.3599986967
2026,9332,-0.4389390878
2026,9333,-0.5591638960
2026,9334,0.6815731727
2026,9335,-0.5876419360
2026,9336,-0.1654151788
2026,9337,0.1021795965
2026,9338,0.8103746749
2026,9339,0.0372498629
2026,9340,-0.4948118655
2026,9341,-0.5682516838
2026,9342,1.2502531023
2026,9343,0.2224333429
2026,9344,0.3601505593
2026,9345,-0.2436316983
2026,9346,-0.5274979761
2026,9347,0.2208492878
2026,9348,-0.2181826775
2026,9349,-0.6315333002
2026,9350,-0.5023909667
2026,9351,-0.4370905925
2026,9352,0.1013650956
2026,9353,-0.7226920715
2026,9354,0.6804234994
2026,9355,0.3166456915
2026,9356,-1.0893369695
2026,9357,1.2424506490
2026,9358,-0.1722237224
2026,9359,0.2930111863
2026,9360,-0.1983469464
2026,9361,0.0520033877
2026,9362,-0.6215494397
2026,9363,0.4976525497
2026,9364,0.3608337757
2026,9365,0.2113692027
2026,9366,-0.0257651821
2026,9367,-0.3912399023
2026,9368,0.5957936762
2026,9369,-0.3346873774
2026,9370,-0.1995556263
2026,9371,-0.4924959200
2026,9372,-1.1718923394
2026,9373,-0.3546084242
2026,9374,0.9169256771
2026,9375,0.7797211691
2026,9376,0.4878509281
2026,9377,0.6604731690
2026,9378,0.2547819057
2026,9379,-0.2059832772
2026,9380,0.0769772658
2026,9381,-0.4813751607
2026,9382,-0.4363496930
2026,9383,-0.1358382200
2026,9384,0.3229950039
2026,9385,0.2578247540
2026,9386,0.5221497776
2026,9387,1.5894734193
2026,9388,0.3973734448
2026,9389,-0.5683632999
2026,9390,-0.0364990410
2026,9391,0.2638773508
2026,9392,-0.4144030928
2026,9393,0.0785330049
2026,9394,-0.2975411321
2026,9395,0.3835133547
2026,9396,0.2762855203
2026,9397,-0.0822378808
2026,9398,-0.1576429273
2026,9399,-0.5604873930
2026,9400,-0.0924909863
2026,9401,0.4974591079
2026,9402,0.4488526373
2026,9403,0.0653728937
2026,9404,-0.1517148735
2026,9405,0.5402429835
2026,9406,-0.1475938514
2026,9407,-0.1469322234
2026,9408,-0.2876781189
2026,9409,-0.4812920731
2026,9410,-0.2499400843
2026,9411,0.8419250698
2026,9412,0.8751676965
2026,9413,0.7224403551
2026,9414,0.6061341597
2026,9415,0.4561366501
2026,9416,0.8631148016
2026,9417,-0.3040046423
2026,9418,0.4370601886
2026,9419,-0.7574333918
2026,9420,0.6660298622
2026,9421,-0.3611155415
2026,9422,0.2463122888
2026,9423,0.2066310377
2026,9424,-0.9444029067
2026,9425,-0.3890598540
2026,9426,-0.1766687126
2026,9427,0.1527403444
2026,9428,-0.6215970269
2026,9429,0.3476237645
2026,9430,-0.0841357048
2026,9431,-0.1321040983
2026,9432,-0.3819564097
2026,9433,0.3399879774
2026,9434,-0.1938454291
2026,9435,0.1895959005
2026,9436,0.2701538563
2026,9437,-0.5898193546
2026,9438,-0.1744195598
2026,9439,-0.3786552213
2026,9440,-0.0046483450
2026,9441,0.5889284004
2026,9442,0.0598555688
2026,9443,0.4030699081
2026,9444,-0.2229088290
2026,9445,0.0705065307
2026,9446,0.4353041497
2026,9447,0.7193482316
2026,9448,-0.2097948808
2026,9449,-0.4794226635
2026,9450,-0.4296857277
2026,9451,0.1211517374
2026,9452,-0.6503463518
2026,9453,0.2230825660
2026,9454,0.2481218173
2026,9455,-1.0135069793
2026,9456,-0.1427235167
2026,9457,0.9595673921
2026,9458,0.7714371887
2026,9459,1.3545834841
2026,9460,0.9066853314
2026,9461,0.1340264661
2026,9462,-0.3081615091
2026,9463,0.5696963250
2026,9464,0.4076577709
2026,9465,-0.7951317142
2026,9466,0.6688370299
2026,9467,0.8046807406
2026,9468,-0.6711197485
2026,9469,0.7087597705
2026,9470,-0.3311654001
2026,9471,0.9419148506
2026,9472,-0.5876818710
2026,9473,-0.2599443899
2026,9474,0.1955371493
2026,9475,-0.0249498424
2026,9476,-0.6639686163
2026,9477,0.0209958761
2026,9478,-0.1317304415
2026,9479,0.2639305626
2026,9480,-0.3833328310
2026,9481,0.0445639566
2026,9482,0.6077696497
2026,9483,-0.4071610833
2026,9484,-0.2561816011
2026,9485,0.2872386189
2026,9486,0.5222924734
2026,9487,-0.7560404314
2026,9488,-0.8868515320
2026,9489,1.1505452936
2026,9490,-0.6380022367
2026,9491,-0.5120047641
2026,9492,0.5953098456
2026,9493,-0.1873696238
2026,9494,-1.0688459799
2026,9495,-0.4935907350
2026,9496,0.5930440331
2026,9497,-0.0269947727
2026,9498,0.3556487781
2026,9499,-0.4467804002
2026,9500,0.0733162357
2026,9501,0.5141321401
2026,9502,-0.1969180552
2026,9503,-0.7979810840
2026,9504,-1.0465507247
2026,9505,-0.5642404820
2026,9506,-0.9823319975
2026,9507,0.2517323300
2026,9508,-0.5233332138
2026,9509,0.1565478698
2026,9510,-0.7697368177
2026,9511,0.9870927637
2026,9512,0.6073007632
2026,9513,0.2615624802
2026,9514,0.6555491079
2026,9515,0.0449637618
2026,9516,-0.4702029535
2026,9517,-0.6810836860
2026,9518,0.1455184255
2026,9519,-0.2251132025
2026,9520,0.3597553801
2026,9521,-0.2360731400
2026,9522,0.4853106931
2026,9523,0.1260669592
2026,9524,0.3282015222
2026,9525,0.9769276421
2026,9526,-0.6037790733
2026,9527,0.4624144270
2026,9528,0.3159918437
2026,9529,0.1999595088
2026,9530,0.8712326898
2026,9531,0.7705573656
2026,9532,-0.7947007057
2026,9533,-0.2261881457
2026,9534,0.3886326115
2026,9535,0.4403812794
2026,9536,-0.6031233687
2026,9537,-0.4681450634
2026,9538,-0.1213543178
2026,9539,-1.1504304621
2026,9540,1.0912117205
2026,9541,0.9638247516
2026,9542,0.4248427944
2026,9543,-0.0425749247
2026,9544,0.3351656156
2026,9545,0.3285958818
2026,9546,0.8514471943
2026,9547,-0.4297972453
2026,9548,-0.8569154977
2026,9549,0.5924114837
2026,9550,-0.1048308403
2026,9551,0.0466342072
2026,9552,-0.4148824162
2026,9553,-0.0331783770
2026,9554,0.0965848820
2026,9555,0.3811561739
2026,9556,-0.0963194876
2026,9557,-0.9648777477
2026,9558,-0.7762404791
2026,9559,-1.5508951727
2026,9560,0.3198067155
2026,9561,-0.0413395735
2026,9562,-0.7660027118
2026,9563,-0.0013108032
2026,9564,0.3837932252
2026,9565,1.0568079371
2026,9566,-0.5501073068
2026,9567,-0.2627884039
2026,9568,1.0586820656
2026,9569,0.3539560450
2026,9570,0.5396748536
2026,9571,-1.6043167553
2026,9572,-0.0361483394
2026,9573,0.2874494540
2026,9574,-0.6665203670
2026,9575,-0.7928763290
2026,9576,0.4660694652
2026,9577,-0.4736143604
2026,9578,0.2889711318
2026,9579,-0.4012900300
2026,9580,-0.3922903598
2026,9581,-0.1837735441
2026,9582,-0.0064614133
2026,9583,0.7487785268
2026,9584,0.0093143123
2026,9585,-0.0142332206
2026,9586,-0.1252958994
2026,9587,0.2294038856
2026,9588,0.3904872985
2026,9589,-0.2214300696
2026,9590,-0.6162678709
2026,9591,-0.1849434687
2026,9592,0.3802087394
2026,9593,-0.2674933435
2026,9594,0.5034791302
2026,9595,-0.0739749196
2026,9596,-0.0800479049
2026,9597,-0.1197958484
2026,9598,-0.6807780738
2026,9599,-0.4060958531
2026,9600,-0.7079398099
2026,9601,0.1346586526
2026,9602,-0.0727079026
2026,9603,0.4456724846
2026,9604,0.2884336870
2026,9605,0.4687625107
2026,9606,-0.4105755616
2026,9607,0.2893143875
2026,9608,-0.7348563827
2026,9609,-0.2955596511
2026,9610,0.9246044422
2026,9611,-0.6269554011
2026,9612,0.7318449884
2026,9613,0.3182335457
2026,9614,-0.1578143997
2026,9615,0.4750247580
2026,9616,0.1685216652
2026,9617,-0.3766673877
2026,9618,0.3627067557
2026,9619,-0.6466143393
2026,9620,0.0256326963
2026,9621,0.1098557503
2026,9622,-0.7836329493
2026,9623,-0.1106037411
2026,9624,-0.3870652960
2026,9625,-0.3232287402
2026,9626,-0.1487353537
2026,9627,0.5503255361
2026,9628,-0.0514922998
2026,9629,-0.0663877363
2026,9630,-0.4976199404
2026,9631,0.1842247853
2026,9632,1.3274316012
2026,9633,0.7599649938
2026,9634,-0.0585109998
2026,9635,0.3362986297
2026,9636,-0.5432758598
2026,9637,0.4026601052
2026,9638,-0.2524314496
2026,9639,0.2856397256
2026,9640,0.1018278114
2026,9641,0.5612719913
2026,9642,-0.7614269192
2026,9643,-0.9189356029
2026,9644,0.2271865959
2026,9645,-0.5856813206
2026,9646,-1.3623045153
2026,9647,1.0094426024
2026,9648,0.4077200678
2026,9649,-0.0241997157
2026,9650,0.6168978008
2026,9651,0.3190027738
2026,9652,0.1552433183
2026,9653,0.5008918428
2026,9654,0.0335082262
2026,9655,-0.1444379574
2026,9656,0.9045600991
2026,9657,-0.4304091201
2026,9658,-0.2303940418
2026,9659,-0.2846872015
2026,9660,0.8463824364
2026,9661,-0.0658841585
2026,9662,0.1841433751
2026,9663,-0.7540108309
2026,9664,-0.2224307554
2026,9665,0.8078914046
2026,9666,0.3202259110
2026,9667,0.6930041797
2026,9668,-0.6100135660
2026,9669,0.1924530177
2026,9670,-0.8828257699
2026,9671,-0.3419275202
2026,9672,-0.4235392137
2026,9673,0.2112302440
2026,9674,-0.1511473033
2026,9675,-0.0606094436
2026,9676,0.4030346202
2026,9677,0.2476532150
2026,9678,0.0641234811
2026,9679,-0.2492141068
2026,9680,0.0886757492
2026,9681,0.4053018200
2026,9682,0.8300462612
2026,9683,-0.1101401371
2026,9684,0.6721241366
2026,9685,0.7217795816
2026,9686,0.2579699211
2026,9687,-1.2655413133
2026,9688,-0.2712011834
2026,9689,0.3946524152
2026,9690,0.8289800822
2026,9691,0.2659302502
2026,9692,0.7139032127
2026,9693,0.1566131985
2026,9694,0.1928257898
2026,9695,0.0215960926
2026,9696,0.7837538956
2026,9697,0.0200220764
2026,9698,0.1035002636
2026,9699,-0.2286126098
2026,9700,-0.5394787993
2026,9701,0.3286024294
2026,9702,-1.1792471695
2026,9703,0.6246233193
2026,9704,-0.9548741986
2026,9705,-0.1431544514
2026,9706,0.6334744047
2026,9707,0.0174946801
2026,9708,0.9924602541
2026,9709,-0.4453013625
2026,9710,-0.2724695579
2026,9711,-0.2395595666
2026,9712,1.1106846621
2026,9713,0.5308407454
2026,9714,-0.1684106346
2026,9715,0.3627700505
2026,9716,0.5640832338
2026,9717,0.5206366310
2026,9718,-0.2413709322
2026,9719,-0.1327172073
2026,9720,0.6321290739
2026,9721,-0.8159277425
2026,9722,-0.5710792397
2026,9723,0.9546966495
2026,9724,-0.0821026646
2026,9725,-0.4789117895
2026,9726,-0.5074312975
2026,9727,-0.0955764480
2026,9728,-0.1153163992
2026,9729,-0.0302423442
2026,9730,-0.6782839704
2026,9731,-0.1367219553
2026,9732,-0.1737791519
2026,9733,0.5973331909
2026,9734,0.0509170883
2026,9735,-0.7354017778
2026,9736,-0.4622271890
2026,9737,0.5025909077
2026,9738,-0.5437158376
2026,9739,0.5897521331
2026,9740,-0.5112186495
2026,9741,0.1883478422
2026,9742,1.1722972235
2026,9743,-0.2478963861
2026,9744,-0.6612576788
2026,9745,1.1555275162
2026,9746,-0.5258568706
2026,9747,-0.7634859142
2026,9748,0.4363920325
2026,9749,0.3005360180
2026,9750,-0.0682214726
2026,9751,0.4015141708
2026,9752,-0.1957234759
2026,9753,0.0291392200
2026,9754,-0.6939633067
2026,9755,-0.2211385759
2026,9756,0.6182248623
2026,9757,-0.3614471659
2026,9758,1.5643518621
2026,9759,-0.0286952910
2026,9760,0.5339150339
2026,9761,0.1288614515
2026,9762,0.7518455741
2026,9763,-0.1905473520
2026,9764,-0.1300207898
2026,9765,-0.4538304250
2026,9766,0.1490901553
2026,9767,-0.4387165898
2026,9768,-0.9035289314
2026,9769,0.1512880282
2026,9770,-0.2129249145
2026,9771,0.9390734563
2026,9772,-0.0575131927
2026,9773,-0.6989656837
2026,9774,0.0121995751
2026,9775,0.3214784540
2026,9776,1.2889274115
2026,9777,0.6185185706
2026,9778,0.5917006302
2026,9779,0.2970366441
2026,9780,0.1208724945
2026,9781,0.0524604443
2026,9782,-0.8856748128
2026,9783,-0.0615336667
2026,9784,-0.1485025080
2026,9785,-0.1873189567
2026,9786,0.5433446298
2026,9787,0.4082934953
2026,9788,1.2548607563
2026,9789,-0.6527529055
2026,9790,-0.0021541060
2026,9791,0.3396050134
2026,9792,0.3650469734
2026,9793,0.3362276754
2026,9794,0.6983340237
2026,9795,-0.4710570556
2026,9796,0.5697991335
2026,9797,-0.1381963473
2026,9798,-0.2490037697
2026,9799,-0.5264518468
2026,9800,-0.2634955082
2026,9801,0.1825418607
2026,9802,0.5534116339
2026,9803,-0.8260262023
2026,9804,0.4695406565
2026,9805,0.3897376210
2026,9806,0.0569491250
2026,9807,-0.6712957791
2026,9808,0.5537619279
2026,9809,-0.0093493601
2026,9810,-0.2345529355
2026,9811,-0.8063709706
2026,9812,-0.6695507100
2026,9813,-0.0216719210
2026,9814,0.1334668956
2026,9815,-0.2548323142
2026,9816,-0.4937834533
2026,9817,0.2978994734
2026,9818,0.2258128321
2026,9819,-1.2915337968
2026,9820,0.3154041739
2026,9821,0.6084555832
2026,9822,0.1966548174
2026,9823,0.9361914390
2026,9824,-0.9345523199
2026,9825,-0.0509741470
2026,9826,-0.0435462127
2026,9827,-0.4041362180
2026,9828,0.5231250382
2026,9829,-0.4712266935
2026,9830,0.5127507832
2026,9831,-0.3401432106
2026,9832,0.6610535593
2026,9833,-0.6373868328
2026,9834,0.3589783058
2026,9835,-0.5429873836
2026,9836,1.0072261396
2026,9837,-0.4102751202
2026,9838,0.4354950748
2026,9839,0.0069699174
2026,9840,-0.1316946922
2026,9841,0.1549640130
2026,9842,0.0331897276
2026,9843,0.2069466327
2026,9844,0.6325698051
2026,9845,-0.7625790872
2026,9846,-0.1797823285
2026,9847,-0.3968538212
2026,9848,0.4187271834
2026,9849,0.3644269096
2026,9850,0.7474310588
2026,9851,0.4537277181
2026,9852,0.2440856746
2026,9853,0.5846018423
2026,9854,0.2973335030
2026,9855,0.5433945795
2026,9856,0.2078860676
2026,9857,-0.2176433624
2026,9858,-0.5311180962
2026,9859,-0.0414664598
2026,9860,-0.7723135523
2026,9861,-0.2552761832
2026,9862,-0.7276574814
2026,9863,-0.1942079384
2026,9864,-0.1282563445
2026,9865,-0.2983375320
2026,9866,0.1299988075
2026,9867,-0.5592961388
2026,9868,-0.7241259288
2026,9869,0.5411853510
2026,9870,-0.6213863982
2026,9871,-0.4153809952
2026,9872,0.7190045161
2026,9873,-0.3702582117
2026,9874,0.3635504141
2026,9875,0.5530432044
2026,9876,-0.0847602718
2026,9877,-0.6178440913
2026,9878,0.1768326068
2026,9879,-0.7863903340
2026,9880,0.2863959152
2026,9881,0.3137204504
2026,9882,-0.3052274070
2026,9883,0.4213462761
2026,9884,0.8100563719
2026,9885,0.0350351772
2026,9886,-0.2389624154
2026,9887,0.3800856000
2026,9888,0.4493747901
2026,9889,0.1154610959
2026,9890,-0.7996799016
2026,9891,-0.3747606905
2026,9892,-0.9425824549
2026,9893,0.1480570522
2026,9894,-0.4277279083
2026,9895,-0.3254139990
2026,9896,-0.1909738651
2026,9897,0.1983015730
2026,9898,0.0997883703
2026,9899,0.4099935403
2026,9900,0.3425264450
2026,9901,0.2731338730
2026,9902,-0.2907492811
2026,9903,1.0897482162
2026,9904,-0.4447435647
2026,9905,0.4503177688
2026,9906,0.9717177479
2026,9907,0.6097536341
2026,9908,0.8454528455
2026,9909,0.7179368740
2026,9910,-0.6685976137
2026,9911,0.0689000873
2026,9912,0.1933142534
2026,9913,-0.3266059343
2026,9914,0.2848640245
2026,9915,-0.3254635710
2026,9916,-0.1825373674
2026,9917,-0.8349942813
2026,9918,0.1621086464
2026,9919,-0.8092761873
2026,9920,-0.4550710227
2026,9921,-0.2923006039
2026,9922,0.0705281365
2026,9923,-0.4243823976
2026,9924,0.0923695036
2026,9925,-0.5762320110
2026,9926,-0.2418151233
2026,9927,0.0710080670
2026,9928,0.6437216000
2026,9929,0.1904692332
2026,9930,-0.2945646528
2026,9931,-0.6335867526
2026,9932,0.1371016315
2026,9933,0.3025802379
2026,9934,-0.3048851493
2026,9935,0.7391500878
2026,9936,-0.6645470405
2026,9937,0.0160780891
2026,9938,-0.3182386189
2026,9939,0.6505523144
2026,9940,-0.1673939603
2026,9941,0.2324398489
2026,9942,0.5434551045
2026,9943,-0.5150180235
2026,9944,-0.2195026051
2026,9945,0.3499219350
2026,9946,0.1689210822
2026,9947,-0.2008066463
2026,9948,0.6271155295
2026,9949,0.4955187948
2026,9950,-0.8296399073
2026,9951,-0.2956732141
2026,9952,0.2647072148
2026,9953,0.4198368849
2026,9954,0.7724842074
2026,9955,-0.2504835502
2026,9956,-0.6074457572
2026,9957,-0.1763062767
2026,9958,-0.3128607259
2026,9959,-0.1911604360
2026,9960,0.4556337199
2026,9961,-0.4973620905
2026,9962,1.2973795255
2026,9963,0.3637176102
2026,9964,0.0352525607
2026,9965,0.0905866426
2026,9966,0.1841786025
2026,9967,0.3193935784
2026,9968,-0.5417430863
2026,9969,0.1211648190
2026,9970,0.0678014603
2026,9971,-0.1323462200
2026,9972,0.5424296839
2026,9973,-0.0701136242
2026,9974,-1.1680635152
2026,9975,0.2485272175
2026,9976,-0.3009203904
2026,9977,1.0490163576
2026,9978,0.2497271509
2026,9979,0.3552224565
2026,9980,0.3296699919
2026,9981,-0.4736127888
2026,9982,0.0403319511
2026,9983,-0.6073752602
2026,9984,0.2584252646
2026,9985,-0.2335862675
2026,9986,-0.4044548042
2026,9987,-0.2109675274
2026,9988,-0.1579891230
2026,9989,-0.6120338511
2026,9990,0.0657908347
2026,9991,-0.5323011937
2026,9992,0.9341790674
2026,9993,0.0183892196
2026,9994,0.1342051004
2026,9995,0.9664281961
2026,9996,0.8263522575
2026,9997,0.6991070761
2026,9998,0.0823224364
2026,9999,-0.0839554292
2026,10000,1.1664070753
